dataset,case,scope,atoms,rows,search_counter_scope,profile_evaluations,accepted_updates,search_reference_solves,endpoint_reference_solves,audit_reference_solves,post_search_trust_reference_solves,refreshed_assessment_reference_solves,precision_reference_pairs_requested,boundary_reference_pairs_requested,boundary_seconds,refreshed_assessment_seconds,search_seconds,search_reference_seconds_nested,endpoint_audit_seconds,audit_seconds,precision_seconds_nested,process_peak_rss_bytes
active-a,first-stage-double,monolithic,12,7451,this-search,78,54,80,13,103,0,0,1,1,131.7419695,2e-06,1.357831209,0.6320781659999996,0.077865041,23.386977416,22.147468292,171278336
active-a,first-stage-double,assembled,12,7451,sum-of-components,78,54,80,13,103,0,0,1,1,0.031818292,4.208e-06,0,0,0.077052416,1.520691208,0.210297708,178241536
active-a,first-stage-double,1,12,7451,this-search,78,54,80,13,103,1,0,1,1,0.039726292,4.166e-06,1.297245958,0.5999765430000003,0.082168417,1.517794042,0.21855675,178241536
active-a,narrower-double,monolithic,12,7451,this-search,31,25,31,13,103,0,0,1,1,131.611881167,1.416e-06,0.528899416,0.21150100000000008,0.079877167,23.620123083,22.339093875,173604864
active-a,narrower-double,assembled,12,7451,sum-of-components,31,25,31,13,103,0,0,1,1,0.038615541,1.8958e-05,0,0,0.088196584,1.602763208,0.203172375,182419456
active-a,narrower-double,1,12,7451,this-search,31,25,31,13,103,1,0,1,1,0.036944625,1.0042e-05,0.553729708,0.26619991699999995,0.084028209,1.583013584,0.219169916,182419456
active-a,wider-double,monolithic,12,7451,this-search,43,34,43,13,103,0,0,1,1,131.54673575,1.5e-06,0.776041916,0.338802878,0.063991167,23.644152,22.390983417,169377792
active-a,wider-double,assembled,12,7451,sum-of-components,43,34,43,13,103,0,0,1,1,0.037743458,4.041e-06,0,0,0.074670375,1.494175125,0.198191708,190054400
active-a,wider-double,1,12,7451,this-search,43,34,43,13,103,1,0,1,1,0.043010584,2.417e-06,0.775798083,0.32589958099999994,0.078848125,1.570174916,0.226128208,190054400
active-a,mixed-double,monolithic,12,7451,this-search,32,26,32,13,103,0,0,1,1,128.688987,3.334e-06,0.55686825,0.23829704499999996,0.085490625,23.523179917,22.209580459,172408832
active-a,mixed-double,assembled,12,7451,sum-of-components,32,26,32,13,103,0,0,1,1,0.039053375,5.167e-06,0,0,0.083282167,1.541647166,0.201952917,173375488
active-a,mixed-double,1,12,7451,this-search,32,26,32,13,103,1,0,1,1,0.042179833,4.042e-06,0.57904275,0.26238450299999994,0.06975575,1.546953417,0.222384875,173375488
active-a,first-stage-float32,monolithic,12,7451,this-search,53,37,53,13,103,0,0,1,1,128.944111625,3.333e-06,0.9160055,0.3988367099999998,0.072262292,23.667666292,22.43624525,171589632
active-a,first-stage-float32,assembled,12,7451,sum-of-components,53,37,53,13,103,0,0,1,1,0.039626041,3.042e-06,0,0,0.075107209,1.427949208,0.214060417,173064192
active-a,first-stage-float32,1,12,7451,this-search,53,37,53,13,103,1,0,1,1,0.047239833,3.792e-06,0.97875125,0.42871587699999986,0.070595958,1.465517791,0.22036525,173064192
active-a,narrower-float32,monolithic,12,7451,this-search,40,30,40,13,103,0,0,1,1,129.425785625,5.333e-06,0.765565,0.3130110399999999,0.07903675,23.0881965,21.856708459,174374912
active-a,narrower-float32,assembled,12,7451,sum-of-components,40,30,40,13,103,0,0,1,1,0.044430208,3.959e-06,0,0,0.095437291,1.521961708,0.218113167,175292416
active-a,narrower-float32,1,12,7451,this-search,40,30,40,13,103,1,0,1,1,0.044722792,4.333e-06,0.742973584,0.31982712599999996,0.074919917,1.455640084,0.208582708,175292416
active-a,wider-float32,monolithic,12,7451,this-search,37,26,37,13,103,0,0,1,1,130.711831416,5.834e-06,0.654144792,0.294899916,0.07557775,23.416685167,22.213990541,180944896
active-a,wider-float32,assembled,12,7451,sum-of-components,37,26,37,13,103,0,0,1,1,0.042065417,3.5e-06,0,0,0.08244975,1.438508708,0.220638125,181682176
active-a,wider-float32,1,12,7451,this-search,37,26,37,13,103,1,0,1,1,0.037026083,4.542e-06,0.711355416,0.32152100299999997,0.070472417,1.391124625,0.211793792,181682176
active-a,mixed-float32,monolithic,12,7451,this-search,32,22,32,13,103,0,0,1,1,130.243068042,2.959e-06,0.556316,0.23731437299999997,0.070689875,23.36330325,22.150465875,183648256
active-a,mixed-float32,assembled,12,7451,sum-of-components,32,22,32,13,103,0,0,1,1,0.035666291,3e-06,0,0,0.079930208,1.455230375,0.231326416,184369152
active-a,mixed-float32,1,12,7451,this-search,32,22,32,13,103,1,0,1,1,0.040360125,4.167e-06,0.534504333,0.24236049899999995,0.084625709,1.4508175,0.208774625,184369152
baseline,first-stage-double,monolithic,12,7451,this-search,6,5,6,13,103,0,0,1,0,0,3.167e-06,0.106429875,0.042427584000000004,0.06562125,23.331251625,22.301349084,182616064
baseline,first-stage-double,assembled,12,7451,sum-of-components,6,5,6,13,103,0,0,1,0,0,2.916e-06,0,0,0.080440167,1.23392075,0.202818875,183697408
baseline,first-stage-double,1,12,7451,this-search,6,5,6,13,103,1,0,1,0,0,3.834e-06,0.09457225,0.036935749000000004,0.059158666,1.243317542,0.203171083,184778752
baseline,narrower-double,monolithic,12,7451,this-search,7,5,7,13,1,0,0,0,0,0,5.041e-06,0.147864417,0.062773043,0.05907175,0.019852542,0,58769408
baseline,narrower-double,assembled,12,7451,sum-of-components,7,5,7,13,1,0,0,0,0,0,3.167e-06,0,0,0.069843584,0.018521292,0,42188800
baseline,narrower-double,1,12,7451,this-search,7,5,7,13,1,1,0,0,0,0,3.583e-06,0.1366475,0.052504375,0.074797375,0.021211834,0,58769408
baseline,wider-double,monolithic,12,7451,this-search,8,7,8,13,1,0,0,0,0,0,3.792e-06,0.150845833,0.059940585000000005,0.087407416,0.022568792,0,59080704
baseline,wider-double,assembled,12,7451,sum-of-components,8,7,8,13,1,0,0,0,0,0,3e-06,0,0,0.085228459,0.01217375,0,46284800
baseline,wider-double,1,12,7451,this-search,8,7,8,13,1,1,0,0,0,0,1.625e-06,0.160277875,0.065041792,0.069928083,0.023778041,0,59097088
baseline,mixed-double,monolithic,12,7451,this-search,7,6,7,13,1,0,0,0,0,0,3.667e-06,0.111574917,0.04906649899999999,0.060134583,0.014342084,0,59359232
baseline,mixed-double,assembled,12,7451,sum-of-components,7,6,7,13,1,0,0,0,0,0,3.25e-06,0,0,0.096332875,0.015092708,0,40304640
baseline,mixed-double,1,12,7451,this-search,7,6,7,13,1,1,0,0,0,0,3.875e-06,0.126569084,0.053733916,0.071168125,0.019193583,0,59359232
baseline,first-stage-float32,monolithic,12,7451,this-search,6,5,6,13,103,0,0,1,0,0,3.334e-06,0.11718525,0.039187043,0.077242916,23.381025375,22.393776583,167100416
baseline,first-stage-float32,assembled,12,7451,sum-of-components,6,5,6,13,103,0,0,1,0,0,2.792e-06,0,0,0.066849083,1.234387334,0.216093959,170999808
baseline,first-stage-float32,1,12,7451,this-search,6,5,6,13,103,1,0,1,0,0,3.458e-06,0.100142833,0.04283546,0.077769917,1.205857875,0.21516925,171081728
baseline,narrower-float32,monolithic,12,7451,this-search,7,5,7,13,1,0,0,0,0,0,3.417e-06,0.118105917,0.050675497,0.078259375,0.019995625,0,59375616
baseline,narrower-float32,assembled,12,7451,sum-of-components,7,5,7,13,1,0,0,0,0,0,2.916e-06,0,0,0.078715416,0.017984958,0,41549824
baseline,narrower-float32,1,12,7451,this-search,7,5,7,13,1,1,0,0,0,0,3.75e-06,0.116517666,0.05141791600000001,0.077454292,0.014525791,0,59375616
baseline,wider-float32,monolithic,12,7451,this-search,8,6,8,13,1,0,0,0,0,0,3.208e-06,0.149862458,0.065533165,0.077984042,0.014622625,0,60604416
baseline,wider-float32,assembled,12,7451,sum-of-components,8,6,8,13,1,0,0,0,0,0,3.334e-06,0,0,0.08116475,0.021656166,0,43728896
baseline,wider-float32,1,12,7451,this-search,8,6,8,13,1,1,0,0,0,0,3.625e-06,0.128842542,0.054771667,0.077475041,0.027155208,0,60604416
baseline,mixed-float32,monolithic,12,7451,this-search,7,5,7,13,1,0,0,0,0,0,5e-06,0.132832791,0.058717706,0.061523959,0.019912041,0,60620800
baseline,mixed-float32,assembled,12,7451,sum-of-components,7,5,7,13,1,0,0,0,0,0,3.291e-06,0,0,0.089498416,0.013090417,0,41140224
baseline,mixed-float32,1,12,7451,this-search,7,5,7,13,1,1,0,0,0,0,5.541e-06,0.120866958,0.05353104100000001,0.077385666,0.026770458,0,60620800
duplicate,first-stage-double,monolithic,12,7243,this-search,1,0,0,1,0,0,0,0,0,0,2.25e-06,0.0102475,0.0,0.009247291,0,0,56541184
duplicate,first-stage-double,assembled,12,7243,sum-of-components,1,0,0,0,0,0,0,0,0,0,2.667e-06,0,0,0,0,0,0
duplicate,first-stage-double,1,12,7243,this-search,1,0,0,1,0,0,0,0,0,0,3.292e-06,0.010421792,0.0,0.007731333,0,0,56573952
duplicate,narrower-double,monolithic,12,7243,this-search,1,0,0,1,0,0,0,0,0,0,6.667e-06,0.005213958,0.0,0.007725708,0,0,56590336
duplicate,narrower-double,assembled,12,7243,sum-of-components,1,0,0,0,0,0,0,0,0,0,4e-06,0,0,0,0,0,0
duplicate,narrower-double,1,12,7243,this-search,1,0,0,1,0,0,0,0,0,0,1.541e-06,0.010625667,0.0,0.007715417,0,0,56590336
duplicate,wider-double,monolithic,12,7243,this-search,1,0,0,1,0,0,0,0,0,0,2.417e-06,0.007798417,0.0,0.007674416,0,0,56590336
duplicate,wider-double,assembled,12,7243,sum-of-components,1,0,0,0,0,0,0,0,0,0,2.417e-06,0,0,0,0,0,0
duplicate,wider-double,1,12,7243,this-search,1,0,0,1,0,0,0,0,0,0,3.167e-06,0.010113625,0.0,0.007612959,0,0,56590336
duplicate,mixed-double,monolithic,12,7243,this-search,16,8,16,13,103,0,0,0,0,0,5.375e-06,0.338277417,0.164747916,0.082831042,1.177449417,0,56655872
duplicate,mixed-double,assembled,12,7243,sum-of-components,16,8,16,13,103,0,0,0,0,0,2.958e-06,0,0,0.095142125,1.091128083,0,55967744
duplicate,mixed-double,1,12,7243,this-search,16,8,16,13,103,1,0,0,0,0,3.292e-06,0.255812667,0.120395499,0.061027042,1.124470334,0,56918016
duplicate,first-stage-float32,monolithic,12,7243,this-search,1,0,0,1,0,0,0,0,0,0,1.0042e-05,0.007815083,0.0,0.0076185,0,0,58032128
duplicate,first-stage-float32,assembled,12,7243,sum-of-components,1,0,0,0,0,0,0,0,0,0,2.542e-06,0,0,0,0,0,0
duplicate,first-stage-float32,1,12,7243,this-search,1,0,0,1,0,0,0,0,0,0,3.166e-06,0.010146083,0.0,0.007605,0,0,58032128
duplicate,narrower-float32,monolithic,12,7243,this-search,1,0,0,1,0,0,0,0,0,0,2.75e-06,0.004078,0.0,0.00777725,0,0,58048512
duplicate,narrower-float32,assembled,12,7243,sum-of-components,1,0,0,0,0,0,0,0,0,0,2.875e-06,0,0,0,0,0,0
duplicate,narrower-float32,1,12,7243,this-search,1,0,0,1,0,0,0,0,0,0,3.25e-06,0.004515167,0.0,0.007788417,0,0,58048512
duplicate,wider-float32,monolithic,12,7243,this-search,1,0,0,1,0,0,0,0,0,0,2.667e-06,0.010364292,0.0,0.007656084,0,0,58048512
duplicate,wider-float32,assembled,12,7243,sum-of-components,1,0,0,0,0,0,0,0,0,0,9.59e-07,0,0,0,0,0,0
duplicate,wider-float32,1,12,7243,this-search,1,0,0,1,0,0,0,0,0,0,3.584e-06,0.010013667,0.0,0.00757925,0,0,58048512
duplicate,mixed-float32,monolithic,12,7243,this-search,32,19,32,13,103,0,0,0,0,0,3.083e-06,0.641565125,0.273458079,0.08861825,1.204060584,0,58146816
duplicate,mixed-float32,assembled,12,7243,sum-of-components,32,19,32,13,103,0,0,0,0,0,1.25e-05,0,0,0.120659334,1.210176333,0,58408960
duplicate,mixed-float32,1,12,7243,this-search,32,19,32,13,103,1,0,0,0,0,3.75e-06,0.635393959,0.26226945999999995,0.059825375,1.300999584,0,58834944
heterogeneous-168,first-stage-double,monolithic,168,139551,this-search,6,5,6,13,1,0,0,0,0,0,1.583e-06,43.668663416,13.631763540000001,35.576150875,6.792705875,0,1246871552
heterogeneous-168,first-stage-double,assembled,168,139551,sum-of-components,6,5,6,13,1,0,0,0,0,0,5.875e-06,0,0,35.376449333,6.018293208,0,1008320512
heterogeneous-168,first-stage-double,1,168,139551,this-search,6,5,6,13,1,1,0,0,0,0,5.833e-06,46.926379084,14.187211207,35.142795083,6.919659917,0,1246871552
heterogeneous-168,narrower-double,monolithic,168,139551,this-search,7,6,7,13,1,0,0,0,0,0,3.542e-06,50.896373167,15.896670126,35.438669166,6.668828,0,1246871552
heterogeneous-168,narrower-double,assembled,168,139551,sum-of-components,7,6,7,13,1,0,0,0,0,0,3.792e-06,0,0,35.489270459,6.167070542,0,1065648128
heterogeneous-168,narrower-double,1,168,139551,this-search,7,6,7,13,1,1,0,0,0,0,5.917e-06,51.8315485,16.334519583000002,35.760270125,7.039480708,0,1246871552
heterogeneous-168,wider-double,monolithic,168,139551,this-search,7,6,7,13,1,0,0,0,0,0,5.584e-06,51.011216,16.053760998,35.118333916,6.730227958,0,1246871552
heterogeneous-168,wider-double,assembled,168,139551,sum-of-components,7,6,7,13,1,0,0,0,0,0,3.917e-06,0,0,35.372752458,6.7336045,0,1063829504
heterogeneous-168,wider-double,1,168,139551,this-search,7,6,7,13,1,1,0,0,0,0,7e-06,50.614363625,15.607679830999999,35.181211166,6.438155041,0,1246871552
heterogeneous-168,mixed-double,monolithic,168,139551,this-search,7,5,6,13,1,0,0,0,0,0,3.916e-06,48.533742083,13.142562168000001,35.411843333,6.365043042,0,1246871552
heterogeneous-168,mixed-double,assembled,168,139551,sum-of-components,7,5,6,13,1,0,0,0,0,0,4.208e-06,0,0,35.703482041,6.04274975,0,1041498112
heterogeneous-168,mixed-double,1,168,139551,this-search,7,5,6,13,1,1,0,0,0,0,5.334e-06,48.222321083,12.759728961,35.31925775,6.453475125,0,1246871552
heterogeneous-168,first-stage-float32,monolithic,168,139551,this-search,6,5,6,13,1,0,0,0,0,0,1.875e-06,42.532609959,13.231542084,35.48815475,6.495974541,0,1246871552
heterogeneous-168,first-stage-float32,assembled,168,139551,sum-of-components,6,5,6,13,1,0,0,0,0,0,4.292e-06,0,0,36.576367667,6.319413042,0,1042219008
heterogeneous-168,first-stage-float32,1,168,139551,this-search,6,5,6,13,1,1,0,0,0,0,8.291e-06,43.50739875,13.384641125,35.593239333,8.848279375,0,1246871552
heterogeneous-168,narrower-float32,monolithic,168,139551,this-search,7,6,7,13,1,0,0,0,0,0,1.958e-06,51.500661833,15.921826919,35.461805208,7.576703666,0,1250656256
heterogeneous-168,narrower-float32,assembled,168,139551,sum-of-components,7,6,7,13,1,0,0,0,0,0,3.584e-06,0,0,36.109782291,7.855725959,0,928202752
heterogeneous-168,narrower-float32,1,168,139551,this-search,7,6,7,13,1,1,0,0,0,0,8.333e-06,50.761238334,15.797005126,36.642015667,7.3795885,0,1250656256
heterogeneous-168,wider-float32,monolithic,168,139551,this-search,7,5,6,13,1,0,0,0,0,0,4.166e-06,49.286546959,13.216212125999999,35.651119333,8.073659458,0,1250656256
heterogeneous-168,wider-float32,assembled,168,139551,sum-of-components,7,5,6,13,1,0,0,0,0,0,4.166e-06,0,0,35.794128875,7.606026208,0,928841728
heterogeneous-168,wider-float32,1,168,139551,this-search,7,5,6,13,1,1,0,0,0,0,1.175e-05,49.038829166,13.166721541,37.838251375,7.520182709,0,1250656256
heterogeneous-168,mixed-float32,monolithic,168,139551,this-search,7,5,6,13,1,0,0,0,0,0,6.042e-06,49.234454875,13.012105415,36.10917825,7.717897666,0,1255948288
heterogeneous-168,mixed-float32,assembled,168,139551,sum-of-components,7,5,6,13,1,0,0,0,0,0,6.292e-06,0,0,35.280953042,6.655310666,0,973848576
heterogeneous-168,mixed-float32,1,168,139551,this-search,7,5,6,13,1,1,0,0,0,0,7.25e-06,48.833301083,13.307009832999999,35.284281792,6.640653083,0,1255948288
near-0.02,first-stage-double,monolithic,12,7243,this-search,10,9,10,13,103,0,0,1,0,0,4.667e-06,0.204691291,0.09272904100000001,0.084633292,25.832082,24.759006167,146587648
near-0.02,first-stage-double,assembled,12,7243,sum-of-components,10,9,10,13,103,0,0,1,0,0,3.208e-06,0,0,0.085529625,1.201420833,0.207763958,148488192
near-0.02,first-stage-double,1,12,7243,this-search,10,9,10,13,103,1,0,1,0,0,3.667e-06,0.169386666,0.07296499999999999,0.091783459,1.172313917,0.191962375,150552576
near-0.02,narrower-double,monolithic,12,7243,this-search,18,16,18,13,103,0,0,1,0,0,5.084e-06,0.3275325,0.13341245599999998,0.082286041,25.789756333,24.756029084,146767872
near-0.02,narrower-double,assembled,12,7243,sum-of-components,18,16,18,13,103,0,0,1,0,0,2.958e-06,0,0,0.085388208,1.201584041,0.203327166,149946368
near-0.02,narrower-double,1,12,7243,this-search,18,16,18,13,103,1,0,1,0,0,3.625e-06,0.332134125,0.146439127,0.088026666,1.195251875,0.218755583,151879680
near-0.02,wider-double,monolithic,12,7243,this-search,20,18,20,13,103,0,0,1,0,0,6.25e-06,0.390807042,0.15711024999999998,0.086975583,26.010620167,24.794365709,157188096
near-0.02,wider-double,assembled,12,7243,sum-of-components,20,18,20,13,103,0,0,1,0,0,2.5e-06,0,0,0.083097625,1.293654542,0.209715666,159940608
near-0.02,wider-double,1,12,7243,this-search,20,18,20,13,103,1,0,1,0,0,1.0167e-05,0.396616708,0.169201248,0.085463083,1.295585125,0.215718417,161742848
near-0.02,mixed-double,monolithic,12,7243,this-search,12,11,12,13,103,0,0,1,0,0,2.792e-06,0.215577959,0.094728833,0.083356042,26.880605125,25.748850666,164085760
near-0.02,mixed-double,assembled,12,7243,sum-of-components,12,11,12,13,103,0,0,1,0,0,2.917e-06,0,0,0.070709375,1.273216583,0.252715625,170278912
near-0.02,mixed-double,1,12,7243,this-search,12,11,12,13,103,1,0,1,0,0,3.792e-06,0.200354667,0.091074459,0.077806833,1.238539166,0.206687667,171163648
near-0.02,first-stage-float32,monolithic,12,7243,this-search,10,9,10,13,103,0,0,1,0,0,2.75e-06,0.187512458,0.08096966900000001,0.082673334,27.058977458,25.986618209,167526400
near-0.02,first-stage-float32,assembled,12,7243,sum-of-components,10,9,10,13,103,0,0,1,0,0,3.459e-06,0,0,0.069769125,1.219948084,0.211532667,168247296
near-0.02,first-stage-float32,1,12,7243,this-search,10,9,10,13,103,1,0,1,0,0,1.0167e-05,0.179902666,0.079356708,0.069789583,1.197955292,0.203201792,168755200
near-0.02,narrower-float32,monolithic,12,7243,this-search,17,14,18,13,103,0,0,1,0,0,5.209e-06,0.348762667,0.15711042000000003,0.09172725,26.406359042,25.394498708,160825344
near-0.02,narrower-float32,assembled,12,7243,sum-of-components,17,14,18,13,103,0,0,1,0,0,2.917e-06,0,0,0.089956084,1.238716625,0.219127209,161513472
near-0.02,narrower-float32,1,12,7243,this-search,17,14,18,13,103,1,0,1,0,0,3.667e-06,0.326141458,0.153792083,0.071176084,1.211663709,0.209046959,163921920
near-0.02,wider-float32,monolithic,12,7243,this-search,20,17,20,13,103,0,0,1,0,0,4.875e-06,0.3700345,0.15804462299999997,0.062367959,25.491100417,24.428814792,160710656
near-0.02,wider-float32,assembled,12,7243,sum-of-components,20,17,20,13,103,0,0,1,0,0,2.792e-06,0,0,0.08299875,1.211869917,0.209188667,162152448
near-0.02,wider-float32,1,12,7243,this-search,20,17,20,13,103,1,0,1,0,0,3.542e-06,0.401196041,0.17659029099999995,0.073961875,1.234773292,0.201192666,163299328
near-0.02,mixed-float32,monolithic,12,7243,this-search,12,10,12,13,103,0,0,1,0,0,3.25e-06,0.212572375,0.09108053999999999,0.078650084,25.398795958,24.385198792,159498240
near-0.02,mixed-float32,assembled,12,7243,sum-of-components,12,10,12,13,103,0,0,1,0,0,3.209e-06,0,0,0.07727275,1.201202542,0.204740625,163069952
near-0.02,mixed-float32,1,12,7243,this-search,12,10,12,13,103,1,0,1,0,0,3.5e-06,0.220116417,0.10287325100000001,0.074621625,1.240285875,0.214390416,163217408
near-0.10,first-stage-double,monolithic,12,7243,this-search,7,5,7,13,1,0,0,0,0,0,3.25e-06,0.121576292,0.05519270700000001,0.075979875,0.019430833,0,58327040
near-0.10,first-stage-double,assembled,12,7243,sum-of-components,7,5,7,13,1,0,0,0,0,0,3.292e-06,0,0,0.07462375,0.012408625,0,41041920
near-0.10,first-stage-double,1,12,7243,this-search,7,5,7,13,1,1,0,0,0,0,3.667e-06,0.111764916,0.04736471,0.08980075,0.013836416,0,58490880
near-0.10,narrower-double,monolithic,12,7243,this-search,12,11,12,13,1,0,0,0,0,0,3.166e-06,0.2241385,0.093554958,0.069902083,0.017468083,0,58933248
near-0.10,narrower-double,assembled,12,7243,sum-of-components,12,11,12,13,1,0,0,0,0,0,1.05e-05,0,0,0.065965083,0.013376542,0,45432832
near-0.10,narrower-double,1,12,7243,this-search,12,11,12,13,1,1,0,0,0,0,8.416e-06,0.202625583,0.08477399899999999,0.057481542,0.013542,0,58949632
near-0.10,wider-double,monolithic,12,7243,this-search,10,9,10,13,1,0,0,0,0,0,3.417e-06,0.1826255,0.08612566599999998,0.078021625,0.014689584,0,59146240
near-0.10,wider-double,assembled,12,7243,sum-of-components,10,9,10,13,1,0,0,0,0,0,3.75e-06,0,0,0.081470416,0.011883167,0,39747584
near-0.10,wider-double,1,12,7243,this-search,10,9,10,13,1,1,0,0,0,0,4.291e-06,0.193968334,0.074385999,0.0859215,0.01897675,0,59146240
near-0.10,mixed-double,monolithic,12,7243,this-search,10,8,10,13,1,0,0,0,0,0,3.584e-06,0.186327292,0.080600084,0.084464083,0.018358042,0,59146240
near-0.10,mixed-double,assembled,12,7243,sum-of-components,10,8,10,13,1,0,0,0,0,0,1.167e-06,0,0,0.086485834,0.015210208,0,43237376
near-0.10,mixed-double,1,12,7243,this-search,10,8,10,13,1,1,0,0,0,0,2.042e-06,0.177136042,0.06766203999999999,0.070185333,0.017717667,0,59146240
near-0.10,first-stage-float32,monolithic,12,7243,this-search,7,6,7,13,1,0,0,0,0,0,3.875e-06,0.11481825,0.0508995,0.076915584,0.019867458,0,59146240
near-0.10,first-stage-float32,assembled,12,7243,sum-of-components,7,6,7,13,1,0,0,0,0,0,3.625e-06,0,0,0.0765685,0.019499458,0,45137920
near-0.10,first-stage-float32,1,12,7243,this-search,7,6,7,13,1,1,0,0,0,0,2e-06,0.126393666,0.047489501,0.089436125,0.02072875,0,59146240
near-0.10,narrower-float32,monolithic,12,7243,this-search,12,11,12,13,1,0,0,0,0,0,3.416e-06,0.229377875,0.10295595799999999,0.062866208,0.014734417,0,59162624
near-0.10,narrower-float32,assembled,12,7243,sum-of-components,12,11,12,13,1,0,0,0,0,0,3.375e-06,0,0,0.081414667,0.013278833,0,40910848
near-0.10,narrower-float32,1,12,7243,this-search,12,11,12,13,1,1,0,0,0,0,3.334e-06,0.215211208,0.081345209,0.084313583,0.018737292,0,59162624
near-0.10,wider-float32,monolithic,12,7243,this-search,10,8,10,13,1,0,0,0,0,0,3.167e-06,0.179927833,0.073325834,0.079000667,0.02057075,0,59162624
near-0.10,wider-float32,assembled,12,7243,sum-of-components,10,8,10,13,1,0,0,0,0,0,1.333e-06,0,0,0.080976083,0.016892584,0,42680320
near-0.10,wider-float32,1,12,7243,this-search,10,8,10,13,1,1,0,0,0,0,4.125e-06,0.175835,0.08005583499999999,0.072490375,0.021664792,0,59162624
near-0.10,mixed-float32,monolithic,12,7243,this-search,10,8,10,13,1,0,0,0,0,0,3.459e-06,0.166668458,0.072684498,0.079818042,0.016888875,0,59162624
near-0.10,mixed-float32,assembled,12,7243,sum-of-components,10,8,10,13,1,0,0,0,0,0,3.625e-06,0,0,0.07717675,0.016690666,0,42483712
near-0.10,mixed-float32,1,12,7243,this-search,10,8,10,13,1,1,0,0,0,0,1.916e-06,0.177264875,0.07013928999999999,0.076999333,0.023615167,0,59162624
regular-active,first-stage-double,monolithic,24,14902,this-search,32,26,32,13,103,0,13,1,1,170.315939958,0.233875042,1.774566083,0.8176547909999999,0.243852917,47.737345584,44.410326,211337216
regular-active,first-stage-double,assembled,24,14902,sum-of-components,86,60,88,13,103,0,13,1,1,170.156009791,0.228235583,0,0,0.279008083,48.363757042,45.300609166,223264768
regular-active,first-stage-double,00:baseline:1,12,7451,this-search,6,4,6,13,103,1,13,1,0,0,0.0824595,0.110708292,0.05324225,0.072256334,1.229581958,0.199975333,223264768
regular-active,first-stage-double,01:active-a:1,12,7451,this-search,80,56,82,13,103,1,13,1,1,0.051122666,0.085091625,1.493735792,0.668736881,0.079061917,1.466181458,0.223631542,223264768
regular-active,narrower-double,monolithic,24,14902,this-search,30,24,30,13,103,0,13,1,1,171.403453916,0.242646208,1.612691541,0.736541502,0.245623125,47.652560875,44.445984709,201424896
regular-active,narrower-double,assembled,24,14902,sum-of-components,37,30,37,13,103,0,13,1,1,170.3833855,0.224197,0,0,0.247240208,47.957861125,44.776111667,210485248
regular-active,narrower-double,00:baseline:1,12,7451,this-search,7,5,7,13,103,1,13,1,0,0,0.071199334,0.124688666,0.064450084,0.0664865,1.238744041,0.200232625,220643328
regular-active,narrower-double,01:active-a:1,12,7451,this-search,30,25,30,13,103,1,13,1,1,0.049500792,0.078059125,0.532463125,0.22641916799999995,0.081718458,1.512406667,0.214119584,220643328
regular-active,wider-double,monolithic,24,14902,this-search,48,33,49,13,103,0,13,1,1,170.975542166,0.232935375,2.813476666,1.2680534579999998,0.260786333,47.535028208,44.406909125,213942272
regular-active,wider-double,assembled,24,14902,sum-of-components,50,40,50,13,103,0,13,1,1,170.045227125,0.224078875,0,0,0.291849125,47.947516,44.784051291,214532096
regular-active,wider-double,00:baseline:1,12,7451,this-search,8,7,8,13,103,1,13,1,0,0,0.082845459,0.160609375,0.06456487400000001,0.088327167,1.207151792,0.194453959,223756288
regular-active,wider-double,01:active-a:1,12,7451,this-search,42,33,42,13,103,1,13,1,1,0.044839042,0.071412792,0.825331208,0.3439358780000001,0.08765575,1.584449125,0.228283,223756288
regular-active,mixed-double,monolithic,24,14902,this-search,29,24,30,13,103,0,13,1,1,170.796160042,0.201322583,1.715784542,0.7530123760000001,0.260669042,47.803743083,44.677697084,204505088
regular-active,mixed-double,assembled,24,14902,sum-of-components,39,32,39,13,103,0,13,1,1,171.078539291,0.224599167,0,0,0.242842708,48.793768916,45.698884916,231981056
regular-active,mixed-double,00:baseline:1,12,7451,this-search,7,6,7,13,103,1,13,1,0,0,0.069914417,0.142225,0.061878208,0.08004875,1.18830725,0.184291,232046592
regular-active,mixed-double,01:active-a:1,12,7451,this-search,32,26,32,13,103,1,13,1,1,0.04846125,0.076223625,0.559626292,0.24276145800000004,0.080459125,1.484970875,0.216891708,232046592
regular-active,first-stage-float32,monolithic,24,14902,this-search,42,29,42,13,103,0,13,1,1,170.957913375,0.216680583,2.298581792,1.0762509990000002,0.278620416,47.41320425,44.472723083,211042304
regular-active,first-stage-float32,assembled,24,14902,sum-of-components,55,38,55,13,103,0,13,1,1,170.3813165,0.21840125,0,0,0.246468375,47.902445291,45.104472875,232652800
regular-active,first-stage-float32,00:baseline:1,12,7451,this-search,6,5,6,13,103,1,13,1,0,0,0.079886209,0.108598083,0.045000915,0.081234375,1.255785041,0.186327583,232669184
regular-active,first-stage-float32,01:active-a:1,12,7451,this-search,49,33,49,13,103,1,13,1,1,0.052423417,0.083537584,0.909011792,0.41514945999999986,0.076875333,1.384391458,0.201988291,232669184
regular-active,narrower-float32,monolithic,24,14902,this-search,60,43,61,13,103,0,13,1,1,173.703588542,0.232140417,3.287029666,1.534625834,0.23140775,47.279538917,44.335803084,212058112
regular-active,narrower-float32,assembled,24,14902,sum-of-components,50,35,51,13,103,0,13,1,1,172.805249375,0.24396325,0,0,0.230027291,47.9101285,45.071689208,223952896
regular-active,narrower-float32,00:baseline:1,12,7451,this-search,7,5,7,13,103,1,13,1,0,0,0.075426958,0.137815416,0.060605624000000004,0.076250584,1.211538375,0.186700625,223952896
regular-active,narrower-float32,01:active-a:1,12,7451,this-search,43,30,44,13,103,1,13,1,1,0.0455055,0.07911525,0.810515792,0.35797616299999996,0.075034833,1.35319275,0.205900625,223952896
regular-active,wider-float32,monolithic,24,14902,this-search,54,35,54,13,103,0,13,1,1,171.598960542,0.225069833,2.963172583,1.3795503740000004,0.225374334,47.487202125,44.391087292,210649088
regular-active,wider-float32,assembled,24,14902,sum-of-components,44,31,44,13,103,0,13,1,1,174.347345583,0.234019542,0,0,0.245365125,47.720304125,44.791866417,226508800
regular-active,wider-float32,00:baseline:1,12,7451,this-search,8,6,8,13,103,1,13,1,0,0,0.101244167,0.154572958,0.051622665000000005,0.081770125,1.394551375,0.237067,226525184
regular-active,wider-float32,01:active-a:1,12,7451,this-search,36,25,36,13,103,1,13,1,1,0.044992417,0.088460125,0.6521145,0.26460712499999994,0.081698958,1.537709583,0.199814333,226525184
regular-active,mixed-float32,monolithic,24,14902,this-search,29,19,29,13,103,0,13,1,1,171.550488583,0.250845625,1.525709791,0.70682321,0.220793458,48.048972458,45.273206208,219807744
regular-active,mixed-float32,assembled,24,14902,sum-of-components,38,25,38,13,103,0,13,1,1,173.820051792,0.223873875,0,0,0.265296041,48.759046959,45.824889708,238141440
regular-active,mixed-float32,00:baseline:1,12,7451,this-search,7,5,7,13,103,1,13,1,0,0,0.079666333,0.13334975,0.052826625,0.078911084,1.216281167,0.184850041,238157824
regular-active,mixed-float32,01:active-a:1,12,7451,this-search,31,20,31,13,103,1,13,1,1,0.049495416,0.072183917,0.555900625,0.263058751,0.084584167,1.369562667,0.213886875,238157824
regular-duplicate,first-stage-double,monolithic,24,14694,this-search,1,0,0,1,0,0,0,0,0,0,2.875e-06,0.015182708,0.0,0.033132291,0,0,87785472
regular-duplicate,first-stage-double,assembled,24,14694,sum-of-components,7,4,6,0,0,0,0,0,0,0,2.625e-06,0,0,0,0,0,0
regular-duplicate,first-stage-double,00:baseline:1,12,7451,this-search,6,4,6,13,103,1,13,1,0,0,0.081069666,0.123163375,0.053336667,0.075535417,23.383850416,22.308147333,186400768
regular-duplicate,first-stage-double,01:duplicate:1,12,7243,this-search,1,0,0,1,0,0,0,0,0,0,6.666e-06,0.004072791,0.0,0.007861167,0,0,87785472
regular-duplicate,narrower-double,monolithic,24,14694,this-search,1,0,0,1,0,0,0,0,0,0,3.708e-06,0.015112791,0.0,0.023490125,0,0,87785472
regular-duplicate,narrower-double,assembled,24,14694,sum-of-components,8,5,7,0,0,0,0,0,0,0,3.792e-06,0,0,0,0,0,0
regular-duplicate,narrower-double,00:baseline:1,12,7451,this-search,7,5,7,13,1,1,13,0,0,0,0.076286583,0.12537725,0.04731100099999999,0.08786175,0.014307625,0,87785472
regular-duplicate,narrower-double,01:duplicate:1,12,7243,this-search,1,0,0,1,0,0,0,0,0,0,8.458e-06,0.004055291,0.0,0.009499667,0,0,87785472
regular-duplicate,wider-double,monolithic,24,14694,this-search,1,0,0,1,0,0,0,0,0,0,2.75e-06,0.008630583,0.0,0.0214835,0,0,87785472
regular-duplicate,wider-double,assembled,24,14694,sum-of-components,9,7,8,0,0,0,0,0,0,0,3.208e-06,0,0,0,0,0,0
regular-duplicate,wider-double,00:baseline:1,12,7451,this-search,8,7,8,13,1,1,13,0,0,0,0.0787385,0.159025125,0.061991873,0.088934333,0.018596416,0,87785472
regular-duplicate,wider-double,01:duplicate:1,12,7243,this-search,1,0,0,1,0,0,0,0,0,0,4.708e-06,0.004891708,0.0,0.009718833,0,0,87785472
regular-duplicate,mixed-double,monolithic,24,14694,this-search,9,7,9,13,103,0,13,0,0,0,0.255042291,0.592031959,0.26454004200000003,0.234664792,3.050972833,0,87785472
regular-duplicate,mixed-double,assembled,24,14694,sum-of-components,23,14,23,13,103,0,13,0,0,0,0.271340875,0,0,0.246337625,2.858683,0,90685440
regular-duplicate,mixed-double,00:baseline:1,12,7451,this-search,7,6,7,13,1,1,13,0,0,0,0.064576875,0.144398666,0.071767917,0.081312875,0.016316125,0,90996736
regular-duplicate,mixed-double,01:duplicate:1,12,7243,this-search,16,8,16,13,103,1,13,0,0,0,0.082920375,0.286345584,0.12806671,0.069314417,1.142702167,0,91275264
regular-duplicate,first-stage-float32,monolithic,24,14694,this-search,1,0,0,1,0,0,0,0,0,0,6.083e-06,0.015947416,0.0,0.025817916,0,0,87785472
regular-duplicate,first-stage-float32,assembled,24,14694,sum-of-components,7,5,6,0,0,0,0,0,0,0,3.292e-06,0,0,0,0,0,0
regular-duplicate,first-stage-float32,00:baseline:1,12,7451,this-search,6,5,6,13,103,1,13,1,0,0,0.08115675,0.120940584,0.0444405,0.08090025,23.491406875,22.472528667,185171968
regular-duplicate,first-stage-float32,01:duplicate:1,12,7243,this-search,1,0,0,1,0,0,0,0,0,0,3.959e-06,0.010717833,0.0,0.008451792,0,0,87785472
regular-duplicate,narrower-float32,monolithic,24,14694,this-search,1,0,0,1,0,0,0,0,0,0,3.834e-06,0.01526825,0.0,0.0185895,0,0,87785472
regular-duplicate,narrower-float32,assembled,24,14694,sum-of-components,8,5,7,0,0,0,0,0,0,0,2.875e-06,0,0,0,0,0,0
regular-duplicate,narrower-float32,00:baseline:1,12,7451,this-search,7,5,7,13,1,1,13,0,0,0,0.075199083,0.131885625,0.055302831000000004,0.062839375,0.019117916,0,87785472
regular-duplicate,narrower-float32,01:duplicate:1,12,7243,this-search,1,0,0,1,0,0,0,0,0,0,4.083e-06,0.00879325,0.0,0.009926583,0,0,87785472
regular-duplicate,wider-float32,monolithic,24,14694,this-search,1,0,0,1,0,0,0,0,0,0,3.875e-06,0.012222916,0.0,0.031852375,0,0,87785472
regular-duplicate,wider-float32,assembled,24,14694,sum-of-components,9,7,8,0,0,0,0,0,0,0,2.917e-06,0,0,0,0,0,0
regular-duplicate,wider-float32,00:baseline:1,12,7451,this-search,8,7,8,13,1,1,13,0,0,0,0.0777345,0.137610916,0.061544542,0.083575958,0.017341333,0,87785472
regular-duplicate,wider-float32,01:duplicate:1,12,7243,this-search,1,0,0,1,0,0,0,0,0,0,1.1875e-05,0.010198458,0.0,0.00750875,0,0,87785472
regular-duplicate,mixed-float32,monolithic,24,14694,this-search,22,20,22,13,103,0,13,0,0,0,0.21644975,1.373877375,0.5455705819999999,0.238837125,3.014304167,0,89456640
regular-duplicate,mixed-float32,assembled,24,14694,sum-of-components,30,27,30,13,103,0,13,0,0,0,0.233983417,0,0,0.257534125,3.041581708,0,91275264
regular-duplicate,mixed-float32,00:baseline:1,12,7451,this-search,7,5,7,13,1,1,13,0,0,0,0.089607209,0.135249625,0.046789250000000004,0.074450667,0.019895625,0,91635712
regular-duplicate,mixed-float32,01:duplicate:1,12,7243,this-search,23,22,23,13,103,1,13,0,0,0,0.090487917,0.442632459,0.174969294,0.078749917,1.231720625,0,91865088
regular-near,first-stage-double,monolithic,24,14694,this-search,10,9,10,13,103,0,13,1,0,0,0.224017083,0.517301167,0.217631293,0.223316583,50.15649775,47.68092475,192053248
regular-near,first-stage-double,assembled,24,14694,sum-of-components,16,13,16,13,103,0,13,1,0,0,0.212216625,0,0,0.236972208,49.335966709,46.820563458,209911808
regular-near,first-stage-double,00:baseline:1,12,7451,this-search,6,4,6,13,103,1,13,1,0,0,0.074580167,0.100543167,0.041826083,0.077719333,1.224559541,0.203287833,209911808
regular-near,first-stage-double,01:near-0.02:1,12,7243,this-search,10,9,10,13,103,1,13,1,0,0,0.072858166,0.18216625,0.082566623,0.074259375,1.321471917,0.199699125,209911808
regular-near,narrower-double,monolithic,24,14694,this-search,22,19,22,13,103,0,13,1,0,0,0.227760791,1.411810583,0.5622823729999998,0.231535709,49.331873875,46.787012875,199163904
regular-near,narrower-double,assembled,24,14694,sum-of-components,25,20,25,13,103,0,13,1,0,0,0.214023875,0,0,0.235003208,50.709231166,48.196694375,233930752
regular-near,narrower-double,00:baseline:1,12,7451,this-search,7,5,7,13,103,1,13,1,0,0,0.0786995,0.130385334,0.059355874999999995,0.077026292,1.249001917,0.201583375,234209280
regular-near,narrower-double,01:near-0.02:1,12,7243,this-search,18,15,18,13,103,1,13,1,0,0,0.07263225,0.33213125,0.13831395800000001,0.066475167,1.255583042,0.208256417,234569728
regular-near,wider-double,monolithic,24,14694,this-search,21,17,22,13,103,0,13,1,0,0,0.235737917,1.243562708,0.547535041,0.211551833,49.149348,46.622587167,201949184
regular-near,wider-double,assembled,24,14694,sum-of-components,28,24,28,13,103,0,13,1,0,0,0.220168333,0,0,0.219797875,50.094464459,47.372671958,225624064
regular-near,wider-double,00:baseline:1,12,7451,this-search,8,6,8,13,103,1,13,1,0,0,0.074104541,0.146162625,0.061379168,0.067395541,1.286013917,0.205989583,225968128
regular-near,wider-double,01:near-0.02:1,12,7243,this-search,20,18,20,13,103,1,13,1,0,0,0.082617458,0.362618209,0.156458542,0.069986917,1.344922709,0.2244015,226803712
regular-near,mixed-double,monolithic,24,14694,this-search,12,10,12,13,103,0,13,1,0,0,0.22177375,0.689251166,0.29992866700000004,0.214251542,52.606063917,50.036596625,199458816
regular-near,mixed-double,assembled,24,14694,sum-of-components,19,17,19,13,103,0,13,1,0,0,0.204326708,0,0,0.213332709,49.873934625,47.33311125,206520320
regular-near,mixed-double,00:baseline:1,12,7451,this-search,7,6,7,13,103,1,13,1,0,0,0.0749625,0.123499458,0.049619834,0.079549333,1.198209667,0.189178458,206520320
regular-near,mixed-double,01:near-0.02:1,12,7243,this-search,12,11,12,13,103,1,13,1,0,0,0.07677775,0.19546575,0.08019916399999999,0.093712333,1.236501958,0.200451459,206520320
regular-near,first-stage-float32,monolithic,24,14694,this-search,10,9,10,13,103,0,13,1,0,0,0.210231625,0.560294708,0.25948245600000003,0.198692208,49.663531708,47.173141708,201342976
regular-near,first-stage-float32,assembled,24,14694,sum-of-components,16,14,16,13,103,0,13,1,0,0,0.228870875,0,0,0.246646458,49.436738333,46.87212725,209829888
regular-near,first-stage-float32,00:baseline:1,12,7451,this-search,6,5,6,13,103,1,13,1,0,0,0.061099958,0.097087917,0.036707958,0.071036083,1.220752583,0.207859667,209829888
regular-near,first-stage-float32,01:near-0.02:1,12,7243,this-search,10,9,10,13,103,1,13,1,0,0,0.069214,0.167979833,0.08098191499999999,0.070257167,1.211860334,0.215791958,209829888
regular-near,narrower-float32,monolithic,24,14694,this-search,22,19,22,13,103,0,13,1,0,0,0.230816292,1.236482083,0.5233924169999999,0.22218825,49.775187334,47.236404666,204980224
regular-near,narrower-float32,assembled,24,14694,sum-of-components,24,19,25,13,103,0,13,1,0,0,0.213969375,0,0,0.23033275,49.551195083,47.073444583,216367104
regular-near,narrower-float32,00:baseline:1,12,7451,this-search,7,5,7,13,103,1,13,1,0,0,0.07014225,0.1260735,0.060827624999999996,0.077277458,1.211156208,0.197818459,216367104
regular-near,narrower-float32,01:near-0.02:1,12,7243,this-search,17,14,18,13,103,1,13,1,0,0,0.0730375,0.310652,0.14536616600000002,0.06685825,1.216593083,0.191966833,216367104
regular-near,wider-float32,monolithic,24,14694,this-search,21,17,22,13,103,0,13,1,0,0,0.21845175,1.1820865,0.5319169579999999,0.244817208,49.484429375,46.87307825,197656576
regular-near,wider-float32,assembled,24,14694,sum-of-components,28,24,28,13,103,0,13,1,0,0,0.226320083,0,0,0.242557542,49.471152416,46.93257,215990272
regular-near,wider-float32,00:baseline:1,12,7451,this-search,8,6,8,13,103,1,13,1,0,0,0.06716025,0.158865541,0.055452499,0.072530875,1.196072541,0.188994209,215990272
regular-near,wider-float32,01:near-0.02:1,12,7243,this-search,20,18,20,13,103,1,13,1,0,0,0.075832917,0.357101375,0.149822831,0.08506,1.218012833,0.201903416,215990272
regular-near,mixed-float32,monolithic,24,14694,this-search,12,11,12,13,103,0,13,1,0,0,0.210852416,0.631254542,0.266775498,0.22876325,49.247366583,46.712752584,196427776
regular-near,mixed-float32,assembled,24,14694,sum-of-components,19,15,19,13,103,0,13,1,0,0,0.213674,0,0,0.225435083,49.246232958,46.795259791,199966720
regular-near,mixed-float32,00:baseline:1,12,7451,this-search,7,5,7,13,103,1,13,1,0,0,0.073352125,0.115857833,0.05226516600000001,0.079689958,1.198304625,0.198853958,200212480
regular-near,mixed-float32,01:near-0.02:1,12,7243,this-search,12,10,12,13,103,1,13,1,0,0,0.080547,0.204314917,0.09433362499999999,0.086676542,1.268061459,0.212026833,200327168
regular-three,first-stage-double,monolithic,36,22145,this-search,7,5,7,13,103,0,13,1,0,0,0.504319042,0.874998958,0.37533462500000003,0.521594167,72.848254042,67.989887416,238387200
regular-three,first-stage-double,assembled,36,22145,sum-of-components,19,16,19,13,103,0,13,1,0,0,0.516486042,0,0,0.538690959,28.794765458,23.908076875,245022720
regular-three,first-stage-double,00:baseline:1,12,7451,this-search,6,5,6,13,103,1,13,1,0,0,0.06454275,0.105499375,0.052120998,0.069471125,1.18977625,0.186030666,245514240
regular-three,first-stage-double,01:baseline:1,12,7451,this-search,6,5,6,13,103,1,13,1,0,0,0.074335458,0.10118,0.048896666,0.065919625,1.184563542,0.188419959,245579776
regular-three,first-stage-double,02:near-0.10:1,12,7243,this-search,7,6,7,13,103,1,13,1,0,0,0.075304791,0.129901292,0.05087045899999999,0.079116291,1.229942666,0.203082792,245727232
regular-three,narrower-double,monolithic,36,22145,this-search,12,11,12,13,1,0,13,0,0,0,0.502394792,1.637359584,0.694305045,0.536367709,0.133096667,0,151109632
regular-three,narrower-double,assembled,36,22145,sum-of-components,26,23,26,13,1,0,13,0,0,0,0.531123625,0,0,0.565809167,0.115355834,0,121044992
regular-three,narrower-double,00:baseline:1,12,7451,this-search,7,6,7,13,1,1,13,0,0,0,0.0781365,0.123380584,0.049968375,0.072212459,0.019583125,0,151109632
regular-three,narrower-double,01:baseline:1,12,7451,this-search,7,6,7,13,1,1,13,0,0,0,0.067996541,0.13147675,0.05392579299999999,0.079597958,0.014285834,0,151109632
regular-three,narrower-double,02:near-0.10:1,12,7243,this-search,12,11,12,13,1,1,13,0,0,0,0.063747625,0.205311292,0.09823162499999999,0.076104583,0.013339208,0,151109632
regular-three,wider-double,monolithic,36,22145,this-search,10,9,10,13,1,0,13,0,0,0,0.507663459,1.3521355,0.5818475819999999,0.525120125,0.133396583,0,151502848
regular-three,wider-double,assembled,36,22145,sum-of-components,26,20,26,13,1,0,13,0,0,0,0.500676,0,0,0.5347995,0.113286875,0,125059072
regular-three,wider-double,00:baseline:1,12,7451,this-search,8,6,8,13,1,1,13,0,0,0,0.069653583,0.147796875,0.06945158400000001,0.069189542,0.020228167,0,151502848
regular-three,wider-double,01:baseline:1,12,7451,this-search,8,6,8,13,1,1,13,0,0,0,0.079872834,0.120732875,0.055631292,0.080309834,0.022173167,0,151502848
regular-three,wider-double,02:near-0.10:1,12,7243,this-search,10,8,10,13,1,1,13,0,0,0,0.070752042,0.174767833,0.078516375,0.077738708,0.013629583,0,151502848
regular-three,mixed-double,monolithic,36,22145,this-search,10,9,10,13,1,0,13,0,0,0,0.5059035,1.304732625,0.574318666,0.53760025,0.1138805,0,153878528
regular-three,mixed-double,assembled,36,22145,sum-of-components,24,20,24,13,1,0,13,0,0,0,0.507993083,0,0,0.538697541,0.118209208,0,123076608
regular-three,mixed-double,00:baseline:1,12,7451,this-search,7,6,7,13,1,1,13,0,0,0,0.0730435,0.12581475,0.049061416000000004,0.076494,0.013856875,0,153878528
regular-three,mixed-double,01:baseline:1,12,7451,this-search,7,6,7,13,1,1,13,0,0,0,0.091275959,0.130908584,0.054081375999999994,0.076737167,0.020339042,0,153878528
regular-three,mixed-double,02:near-0.10:1,12,7243,this-search,10,8,10,13,1,1,13,0,0,0,0.07183525,0.183772375,0.08087466599999998,0.070548042,0.018834791,0,153878528
regular-three,first-stage-float32,monolithic,36,22145,this-search,7,6,7,13,103,0,13,1,0,0,0.600590959,0.904768167,0.407326709,0.530414459,72.677652458,67.734323458,241106944
regular-three,first-stage-float32,assembled,36,22145,sum-of-components,19,15,19,13,103,0,13,1,0,0,0.523985042,0,0,0.53061425,50.820638708,45.9342565,271728640
regular-three,first-stage-float32,00:baseline:1,12,7451,this-search,6,5,6,13,103,1,13,1,0,0,0.076938208,0.102039208,0.043840040999999996,0.077801916,1.198064917,0.185433834,272023552
regular-three,first-stage-float32,01:baseline:1,12,7451,this-search,6,5,6,13,103,1,13,1,0,0,0.074403834,0.118021667,0.050491625,0.073570958,1.229999792,0.213652667,272056320
regular-three,first-stage-float32,02:near-0.10:1,12,7243,this-search,7,5,7,13,103,1,13,1,0,0,0.075290042,0.119928208,0.057971875000000006,0.077176875,1.226405084,0.2104045,272187392
regular-three,narrower-float32,monolithic,36,22145,this-search,12,11,12,13,1,0,13,0,0,0,0.503843958,1.645420209,0.694532709,0.528449375,0.142517417,0,153878528
regular-three,narrower-float32,assembled,36,22145,sum-of-components,26,21,26,13,1,0,13,0,0,0,0.510544,0,0,0.541517542,0.125762417,0,125927424
regular-three,narrower-float32,00:baseline:1,12,7451,this-search,7,5,7,13,1,1,13,0,0,0,0.080617167,0.123023166,0.047285541,0.069933208,0.019062459,0,153878528
regular-three,narrower-float32,01:baseline:1,12,7451,this-search,7,5,7,13,1,1,13,0,0,0,0.078673916,0.10510375,0.046340417,0.078290958,0.018961958,0,153878528
regular-three,narrower-float32,02:near-0.10:1,12,7243,this-search,12,11,12,13,1,1,13,0,0,0,0.0735275,0.19649325,0.083999374,0.077472625,0.019868291,0,153878528
regular-three,wider-float32,monolithic,36,22145,this-search,10,9,10,13,1,0,13,0,0,0,0.473336333,1.34345525,0.573400792,0.512290291,0.132470375,0,153878528
regular-three,wider-float32,assembled,36,22145,sum-of-components,26,20,26,13,1,0,13,0,0,0,0.475534875,0,0,0.558734916,0.120526333,0,122896384
regular-three,wider-float32,00:baseline:1,12,7451,this-search,8,6,8,13,1,1,13,0,0,0,0.066603208,0.142429208,0.064525625,0.077785417,0.020184917,0,153878528
regular-three,wider-float32,01:baseline:1,12,7451,this-search,8,6,8,13,1,1,13,0,0,0,0.07511475,0.137064833,0.049809917,0.083459916,0.021082709,0,153878528
regular-three,wider-float32,02:near-0.10:1,12,7243,this-search,10,8,10,13,1,1,13,0,0,0,0.085747125,0.162198084,0.075268584,0.087599125,0.018939375,0,153878528
regular-three,mixed-float32,monolithic,36,22145,this-search,10,9,10,13,1,0,13,0,0,0,0.507583709,1.374136416,0.620856876,0.530477167,0.12170325,0,153878528
regular-three,mixed-float32,assembled,36,22145,sum-of-components,24,18,24,13,1,0,13,0,0,0,0.498112709,0,0,0.533901417,0.116485792,0,124616704
regular-three,mixed-float32,00:baseline:1,12,7451,this-search,7,5,7,13,1,1,13,0,0,0,0.070230375,0.126412333,0.051614168,0.072691291,0.018990791,0,153878528
regular-three,mixed-float32,01:baseline:1,12,7451,this-search,7,5,7,13,1,1,13,0,0,0,0.082592834,0.121548042,0.050034540999999995,0.069037833,0.019611542,0,153878528
regular-three,mixed-float32,02:near-0.10:1,12,7243,this-search,10,8,10,13,1,1,13,0,0,0,0.083390542,0.186779875,0.069898211,0.079689667,0.020354334,0,153878528
regular-two,first-stage-double,monolithic,24,14902,this-search,9,7,9,13,103,0,13,1,0,0,0.21123325,0.481991625,0.20236037400000004,0.203195875,46.974337709,44.483301167,204685312
regular-two,first-stage-double,assembled,24,14902,sum-of-components,23,19,23,13,103,0,13,1,0,0,0.242680458,0,0,0.231045959,46.901117166,44.334276917,218087424
regular-two,first-stage-double,00:baseline:1,12,7451,this-search,6,4,6,13,103,1,13,1,0,0,0.075660208,0.104930708,0.05477829099999999,0.063758375,1.233455625,0.199389792,218333184
regular-two,first-stage-double,01:weak-1e-2:1,12,7451,this-search,17,15,17,13,103,1,13,1,0,0,0.064966875,0.301615667,0.122934751,0.069903083,1.234489167,0.214935041,218529792
regular-two,narrower-double,monolithic,24,14902,this-search,8,7,8,13,1,0,13,0,0,0,0.233485208,0.431792291,0.18975208300000002,0.215551541,0.057775125,0,94601216
regular-two,narrower-double,assembled,24,14902,sum-of-components,15,12,15,13,1,0,13,0,0,0,0.197888375,0,0,0.219825833,0.043154375,0,76152832
regular-two,narrower-double,00:baseline:1,12,7451,this-search,7,5,7,13,1,1,13,0,0,0,0.076697458,0.122495041,0.058574624,0.05803725,0.019181875,0,94601216
regular-two,narrower-double,01:weak-1e-2:1,12,7451,this-search,8,7,8,13,1,1,13,0,0,0,0.075568375,0.134672667,0.067945541,0.064054584,0.019136125,0,94601216
regular-two,wider-double,monolithic,24,14902,this-search,10,9,10,13,1,0,13,0,0,0,0.238430458,0.602249875,0.237610084,0.210221291,0.048440625,0,94797824
regular-two,wider-double,assembled,24,14902,sum-of-components,18,15,18,13,1,0,13,0,0,0,0.207275917,0,0,0.227198167,0.048786209,0,80691200
regular-two,wider-double,00:baseline:1,12,7451,this-search,8,6,8,13,1,1,13,0,0,0,0.065881667,0.143824916,0.063365209,0.060511333,0.026056083,0,94797824
regular-two,wider-double,01:weak-1e-2:1,12,7451,this-search,10,9,10,13,1,1,13,0,0,0,0.0790375,0.188841,0.07647170799999999,0.069512667,0.019131875,0,94797824
regular-two,mixed-double,monolithic,24,14902,this-search,9,8,9,13,1,0,13,0,0,0,0.218056167,0.476665375,0.20984212400000002,0.228713917,0.052696375,0,95076352
regular-two,mixed-double,assembled,24,14902,sum-of-components,16,13,16,13,1,0,13,0,0,0,0.208522417,0,0,0.23411825,0.049560833,0,75382784
regular-two,mixed-double,00:baseline:1,12,7451,this-search,7,5,7,13,1,1,13,0,0,0,0.070306208,0.12684625,0.053345708,0.081045083,0.022043333,0,95076352
regular-two,mixed-double,01:weak-1e-2:1,12,7451,this-search,9,8,9,13,1,1,13,0,0,0,0.091066292,0.158646,0.06373854000000001,0.069624916,0.019476542,0,95076352
regular-two,first-stage-float32,monolithic,24,14902,this-search,9,8,9,13,103,0,13,1,0,0,0.224722291,0.510476292,0.225424748,0.215846333,46.946311541,44.424029792,207192064
regular-two,first-stage-float32,assembled,24,14902,sum-of-components,23,21,23,13,103,0,13,1,0,0,0.201005167,0,0,0.264689292,46.547942791,44.034263666,217350144
regular-two,first-stage-float32,00:baseline:1,12,7451,this-search,6,5,6,13,103,1,13,1,0,0,0.086524583,0.107962958,0.039454875,0.07530925,1.221989333,0.184841833,217350144
regular-two,first-stage-float32,01:weak-1e-2:1,12,7451,this-search,17,16,17,13,103,1,13,1,0,0,0.068486625,0.328880041,0.128702581,0.063333625,1.212364083,0.230760792,217350144
regular-two,narrower-float32,monolithic,24,14902,this-search,8,7,8,13,1,0,13,0,0,0,0.22037925,0.40302375,0.180325833,0.200403541,0.065772958,0,95076352
regular-two,narrower-float32,assembled,24,14902,sum-of-components,15,12,15,13,1,0,13,0,0,0,0.221511625,0,0,0.233714167,0.044439542,0,75644928
regular-two,narrower-float32,00:baseline:1,12,7451,this-search,7,6,7,13,1,1,13,0,0,0,0.072183041,0.112911917,0.043164875000000005,0.077412333,0.022027709,0,95076352
regular-two,narrower-float32,01:weak-1e-2:1,12,7451,this-search,8,6,8,13,1,1,13,0,0,0,0.070068458,0.143094292,0.058592835,0.072001958,0.013401625,0,95076352
regular-two,wider-float32,monolithic,24,14902,this-search,10,8,10,13,1,0,13,0,0,0,0.244023541,0.570480583,0.248099416,0.2211515,0.053072375,0,95076352
regular-two,wider-float32,assembled,24,14902,sum-of-components,18,15,18,13,1,0,13,0,0,0,0.22061475,0,0,0.226434209,0.042320125,0,77398016
regular-two,wider-float32,00:baseline:1,12,7451,this-search,8,7,8,13,1,1,13,0,0,0,0.074431625,0.140255625,0.053257334,0.07562975,0.01928225,0,95076352
regular-two,wider-float32,01:weak-1e-2:1,12,7451,this-search,10,8,10,13,1,1,13,0,0,0,0.069752083,0.192609584,0.077985083,0.068936416,0.019213792,0,95076352
regular-two,mixed-float32,monolithic,24,14902,this-search,9,8,9,13,1,0,13,0,0,0,0.242474041,0.452673416,0.205299584,0.199044125,0.053931959,0,95076352
regular-two,mixed-float32,assembled,24,14902,sum-of-components,16,13,16,13,1,0,13,0,0,0,0.211629917,0,0,0.231287625,0.044358375,0,75841536
regular-two,mixed-float32,00:baseline:1,12,7451,this-search,7,5,7,13,1,1,13,0,0,0,0.066364666,0.119929875,0.059181832000000004,0.071481458,0.01900775,0,95076352
regular-two,mixed-float32,01:weak-1e-2:1,12,7451,this-search,9,8,9,13,1,1,13,0,0,0,0.081371709,0.157701125,0.070719083,0.082959417,0.019184375,0,95076352
regular-weak,first-stage-double,monolithic,24,14902,this-search,9,7,9,13,103,0,13,1,0,0,0.226400666,0.539454792,0.226983834,0.228805125,47.048416542,44.45637875,198639616
regular-weak,first-stage-double,assembled,24,14902,sum-of-components,15,13,15,13,103,0,13,1,0,0,0.215842375,0,0,0.247821084,47.295241208,44.734373792,214204416
regular-weak,first-stage-double,00:baseline:1,12,7451,this-search,6,5,6,13,103,1,13,1,0,0,0.083058459,0.10742675,0.050948456999999996,0.079839583,1.171857292,0.180489458,214204416
regular-weak,first-stage-double,01:weak-1e-4:1,12,7451,this-search,9,8,9,13,103,1,13,1,0,0,0.0810125,0.182444542,0.073760917,0.074368375,1.278789125,0.222204542,214204416
regular-weak,narrower-double,monolithic,24,14902,this-search,9,8,9,13,103,0,13,1,0,0,0.213702916,0.530736584,0.23616399799999999,0.244314333,47.055565292,44.478052959,200638464
regular-weak,narrower-double,assembled,24,14902,sum-of-components,16,14,16,13,103,0,13,1,0,0,0.221007125,0,0,0.229159875,47.476528417,44.929940417,214810624
regular-weak,narrower-double,00:baseline:1,12,7451,this-search,7,6,7,13,103,1,13,1,0,0,0.065068,0.123949792,0.04797621,0.066795792,1.185471958,0.190915417,216006656
regular-weak,narrower-double,01:weak-1e-4:1,12,7451,this-search,9,8,9,13,103,1,13,1,0,0,0.07276525,0.169567291,0.070921293,0.079656416,1.251013709,0.216972542,216104960
regular-weak,wider-double,monolithic,24,14902,this-search,11,10,11,13,103,0,13,1,0,0,0.237896708,0.69207025,0.289224417,0.246795375,47.570197417,44.971182709,211222528
regular-weak,wider-double,assembled,24,14902,sum-of-components,19,15,19,13,103,0,13,1,0,0,0.212779417,0,0,0.2450735,47.022239459,44.32837875,211222528
regular-weak,wider-double,00:baseline:1,12,7451,this-search,8,6,8,13,103,1,13,1,0,0,0.07609525,0.138117375,0.067196874,0.074490625,1.190790458,0.190446333,211304448
regular-weak,wider-double,01:weak-1e-4:1,12,7451,this-search,11,9,11,13,103,1,13,1,0,0,0.069473875,0.225856167,0.092121708,0.076387125,1.266481125,0.210978458,211451904
regular-weak,mixed-double,monolithic,24,14902,this-search,10,9,10,13,103,0,13,1,0,0,0.230050916,0.58094075,0.23541541600000004,0.2326055,46.8960715,44.305746042,212533248
regular-weak,mixed-double,assembled,24,14902,sum-of-components,18,16,18,13,103,0,13,1,0,0,0.219386958,0,0,0.248546125,46.858153292,44.278661958,220839936
regular-weak,mixed-double,00:baseline:1,12,7451,this-search,7,6,7,13,103,1,13,1,0,0,0.076341375,0.12848675,0.054743667999999995,0.0739145,1.215190541,0.194176416,221036544
regular-weak,mixed-double,01:weak-1e-4:1,12,7451,this-search,11,10,11,13,103,1,13,1,0,0,0.084012917,0.201261417,0.08134120999999998,0.06281425,1.260998959,0.203051584,221184000
regular-weak,first-stage-float32,monolithic,24,14902,this-search,8,6,9,13,103,0,13,1,0,0,0.2189595,0.50764675,0.238551919,0.223783333,46.883083375,44.342205875,212893696
regular-weak,first-stage-float32,assembled,24,14902,sum-of-components,14,10,15,13,103,0,13,1,0,0,0.200171,0,0,0.2314005,47.057858709,44.439014708,214351872
regular-weak,first-stage-float32,00:baseline:1,12,7451,this-search,6,4,6,13,103,1,13,1,0,0,0.074194958,0.107386709,0.04605325,0.076529166,1.184990667,0.190867334,214646784
regular-weak,first-stage-float32,01:weak-1e-4:1,12,7451,this-search,8,6,9,13,103,1,13,1,0,0,0.080480125,0.167741125,0.070673999,0.084969042,1.275757167,0.214807541,214810624
regular-weak,narrower-float32,monolithic,24,14902,this-search,10,9,10,13,103,0,13,1,0,0,0.229211334,0.585544416,0.254801333,0.240774583,47.067264416,44.501658875,207028224
regular-weak,narrower-float32,assembled,24,14902,sum-of-components,17,13,17,13,103,0,13,1,0,0,0.213113958,0,0,0.240451958,47.153131375,44.458246334,208617472
regular-weak,narrower-float32,00:baseline:1,12,7451,this-search,7,5,7,13,103,1,13,1,0,0,0.078753584,0.13532125,0.059372041,0.078894166,1.224621958,0.195349,208846848
regular-weak,narrower-float32,01:weak-1e-4:1,12,7451,this-search,10,8,10,13,103,1,13,1,0,0,0.080271792,0.175258416,0.069474332,0.072507459,1.241920166,0.206532334,208961536
regular-weak,wider-float32,monolithic,24,14902,this-search,11,9,11,13,103,0,13,1,0,0,0.236664125,0.666004584,0.274130711,0.20761475,47.3056035,44.700584625,201572352
regular-weak,wider-float32,assembled,24,14902,sum-of-components,19,15,19,13,103,0,13,1,0,0,0.206824917,0,0,0.235074209,47.086747875,44.589226125,207224832
regular-weak,wider-float32,00:baseline:1,12,7451,this-search,8,6,8,13,103,1,13,1,0,0,0.069022583,0.143893083,0.055551248,0.073508667,1.254001875,0.192645959,207716352
regular-weak,wider-float32,01:weak-1e-4:1,12,7451,this-search,11,9,11,13,103,1,13,1,0,0,0.090795334,0.224025,0.096858583,0.090311042,1.283007917,0.225015167,208502784
regular-weak,mixed-float32,monolithic,24,14902,this-search,10,8,11,13,103,0,13,1,0,0,0.210787791,0.616404958,0.2888265830000001,0.239488458,47.527964917,44.912637708,192610304
regular-weak,mixed-float32,assembled,24,14902,sum-of-components,18,15,18,13,103,0,13,1,0,0,0.188278458,0,0,0.250430584,47.112146,44.48027075,215613440
regular-weak,mixed-float32,00:baseline:1,12,7451,this-search,7,6,7,13,103,1,13,1,0,0,0.073436333,0.12920275,0.052757707,0.0639885,1.266441917,0.201753292,217628672
regular-weak,mixed-float32,01:weak-1e-4:1,12,7451,this-search,11,9,11,13,103,1,13,1,0,0,0.080501334,0.217045625,0.08565583400000001,0.073639292,1.28501225,0.215947417,218480640
regular-zero,first-stage-double,monolithic,24,14902,this-search,6,5,6,13,103,0,13,1,0,0,0.238324209,0.363190541,0.15576141599999999,0.245096833,47.488279166,44.753038666,209616896
regular-zero,first-stage-double,assembled,24,14902,sum-of-components,12,8,12,13,103,0,13,1,0,0,0.22871225,0,0,0.242613291,48.257255959,45.3862385,222855168
regular-zero,first-stage-double,00:baseline:1,12,7451,this-search,6,4,6,13,103,1,13,1,0,0,0.08972825,0.101436291,0.044148916,0.076490375,1.197704125,0.199419542,224444416
regular-zero,first-stage-double,01:zero-signal:1,12,7451,this-search,6,4,6,13,103,1,13,1,0,0,0.09241925,0.111707833,0.052076374,0.075021834,1.441717167,0.240238375,225542144
regular-zero,narrower-double,monolithic,24,14902,this-search,7,6,7,13,103,0,13,0,0,0,0.234807708,0.5113205,0.228030918,0.235761792,2.778771166,0,90521600
regular-zero,narrower-double,assembled,24,14902,sum-of-components,14,11,14,13,103,0,13,0,0,0,0.226591333,0,0,0.246175833,2.838343417,0,89587712
regular-zero,narrower-double,00:baseline:1,12,7451,this-search,7,5,7,13,1,1,13,0,0,0,0.073381709,0.132466,0.054993416999999996,0.079075333,0.014320459,0,90554368
regular-zero,narrower-double,01:zero-signal:1,12,7451,this-search,7,6,7,13,103,1,13,0,0,0,0.074181625,0.130111167,0.06269437500000001,0.079144667,1.150269167,0,90554368
regular-zero,wider-double,monolithic,24,14902,this-search,8,6,8,13,103,0,13,0,0,0,0.238997125,0.519952459,0.218412874,0.226825875,2.845814458,0,90570752
regular-zero,wider-double,assembled,24,14902,sum-of-components,16,14,16,13,103,0,13,0,0,0,0.214581833,0,0,0.263010333,2.865470333,0,87031808
regular-zero,wider-double,00:baseline:1,12,7451,this-search,8,7,8,13,1,1,13,0,0,0,0.086433125,0.150423042,0.074924959,0.064963917,0.020850541,0,90587136
regular-zero,wider-double,01:zero-signal:1,12,7451,this-search,8,7,8,13,103,1,13,0,0,0,0.080992791,0.1582035,0.07097987300000001,0.076406,1.161757583,0,90587136
regular-zero,mixed-double,monolithic,24,14902,this-search,7,5,7,13,103,0,13,0,0,0,0.226589084,0.405635084,0.16564279199999998,0.237274292,2.846966083,0,90603520
regular-zero,mixed-double,assembled,24,14902,sum-of-components,14,11,14,13,103,0,13,0,0,0,0.2297565,0,0,0.249618917,2.929759583,0,93519872
regular-zero,mixed-double,00:baseline:1,12,7451,this-search,7,5,7,13,1,1,13,0,0,0,0.0590035,0.12764575,0.05656729,0.080042334,0.022212083,0,93782016
regular-zero,mixed-double,01:zero-signal:1,12,7451,this-search,7,6,7,13,103,1,13,0,0,0,0.078372083,0.12215825,0.05186795799999999,0.080593042,1.119233833,0,93814784
regular-zero,first-stage-float32,monolithic,24,14902,this-search,19,10,20,13,103,0,13,1,0,0,0.213446,0.967489208,0.507648749,0.237494917,49.247003709,46.6436555,198279168
regular-zero,first-stage-float32,assembled,24,14902,sum-of-components,22,11,23,13,103,0,13,1,0,0,0.21228,0,0,0.247478708,47.708608458,45.047716916,205586432
regular-zero,first-stage-float32,00:baseline:1,12,7451,this-search,6,5,6,13,103,1,13,1,0,0,0.071617334,0.110895916,0.041761457,0.07451225,1.212758709,0.175712833,206569472
regular-zero,first-stage-float32,01:zero-signal:1,12,7451,this-search,16,6,17,13,103,1,13,1,0,0,0.07303175,0.281413958,0.137453668,0.083073792,1.404104042,0.216253417,207421440
regular-zero,narrower-float32,monolithic,24,14902,this-search,26,14,27,13,103,0,13,0,0,0,0.226852834,1.374040084,0.6931112909999998,0.242487583,2.638920833,0,91209728
regular-zero,narrower-float32,assembled,24,14902,sum-of-components,34,19,36,13,103,0,13,0,0,0,0.218169291,0,0,0.246927125,2.835126875,0,91570176
regular-zero,narrower-float32,00:baseline:1,12,7451,this-search,7,5,7,13,1,1,13,0,0,0,0.085743666,0.137551958,0.062355706999999996,0.082619416,0.019858792,0,91848704
regular-zero,narrower-float32,01:zero-signal:1,12,7451,this-search,27,14,29,13,103,1,13,0,0,0,0.064614875,0.47453075,0.24123712600000002,0.07483725,1.096730709,0,92094464
regular-zero,wider-float32,monolithic,24,14902,this-search,23,11,24,13,103,0,13,0,0,0,0.232761916,1.143317166,0.615712667,0.232390125,2.976549917,0,91652096
regular-zero,wider-float32,assembled,24,14902,sum-of-components,35,23,35,13,103,0,13,0,0,0,0.224826875,0,0,0.246861875,2.8858745,0,90849280
regular-zero,wider-float32,00:baseline:1,12,7451,this-search,8,7,8,13,1,1,13,0,0,0,0.087965625,0.150734583,0.07069691700000001,0.076885167,0.015011667,0,91652096
regular-zero,wider-float32,01:zero-signal:1,12,7451,this-search,27,16,27,13,103,1,13,0,0,0,0.087386875,0.460949833,0.23010679,0.086547875,1.199106625,0,91652096
regular-zero,mixed-float32,monolithic,24,14902,this-search,33,19,34,13,103,0,13,0,0,0,0.262557542,1.673288417,0.838373919,0.231080584,2.784766417,0,91701248
regular-zero,mixed-float32,assembled,24,14902,sum-of-components,37,24,38,13,103,0,13,0,0,0,0.239997625,0,0,0.237227458,2.659880583,0,88571904
regular-zero,mixed-float32,00:baseline:1,12,7451,this-search,7,5,7,13,1,1,13,0,0,0,0.085842625,0.130381417,0.045845167000000006,0.07992375,0.0152425,0,92389376
regular-zero,mixed-float32,01:zero-signal:1,12,7451,this-search,30,19,31,13,103,1,13,0,0,0,0.074758167,0.556778625,0.28780749899999997,0.081292917,1.176656208,0,92389376
weak-1e-2,first-stage-double,monolithic,12,7451,this-search,17,16,17,13,1,0,0,0,0,0,3.791e-06,0.313777,0.14711304,0.097915542,0.0209285,0,59342848
weak-1e-2,first-stage-double,assembled,12,7451,sum-of-components,17,16,17,13,1,0,0,0,0,0,1.458e-06,0,0,0.093800125,0.018683958,0,44433408
weak-1e-2,first-stage-double,1,12,7451,this-search,17,16,17,13,1,1,0,0,0,0,4e-06,0.322209375,0.135685416,0.06401775,0.013941333,0,59703296
weak-1e-2,narrower-double,monolithic,12,7451,this-search,8,7,8,13,1,0,0,0,0,0,3.584e-06,0.143004208,0.066954332,0.070970375,0.019510459,0,61718528
weak-1e-2,narrower-double,assembled,12,7451,sum-of-components,8,7,8,13,1,0,0,0,0,0,3.167e-06,0,0,0.09296075,0.018686209,0,42205184
weak-1e-2,narrower-double,1,12,7451,this-search,8,7,8,13,1,1,0,0,0,0,3.584e-06,0.149583125,0.075500541,0.068805416,0.058746125,0,61718528
weak-1e-2,wider-double,monolithic,12,7451,this-search,10,9,10,13,1,0,0,0,0,0,3.292e-06,0.186811542,0.07707420899999999,0.074489542,0.020799375,0,61734912
weak-1e-2,wider-double,assembled,12,7451,sum-of-components,10,9,10,13,1,0,0,0,0,0,3.25e-06,0,0,0.077304416,0.013940292,0,42909696
weak-1e-2,wider-double,1,12,7451,this-search,10,9,10,13,1,1,0,0,0,0,1.8958e-05,0.159905792,0.069176667,0.070704125,0.020125125,0,61734912
weak-1e-2,mixed-double,monolithic,12,7451,this-search,9,8,9,13,1,0,0,0,0,0,3.667e-06,0.14926975,0.056588833,0.0833435,0.015156667,0,62013440
weak-1e-2,mixed-double,assembled,12,7451,sum-of-components,9,8,9,13,1,0,0,0,0,0,6.75e-06,0,0,0.074793167,0.012737917,0,40009728
weak-1e-2,mixed-double,1,12,7451,this-search,9,8,9,13,1,1,0,0,0,0,3.875e-06,0.147017875,0.060854626999999994,0.07273975,0.0135855,0,62013440
weak-1e-2,first-stage-float32,monolithic,12,7451,this-search,17,15,17,13,1,0,0,0,0,0,5.208e-06,0.3243095,0.14798520899999998,0.083687541,0.019167666,0,62013440
weak-1e-2,first-stage-float32,assembled,12,7451,sum-of-components,17,15,17,13,1,0,0,0,0,0,3e-06,0,0,0.081829209,0.018113375,0,41074688
weak-1e-2,first-stage-float32,1,12,7451,this-search,17,15,17,13,1,1,0,0,0,0,3.542e-06,0.327736125,0.155189,0.077536666,0.029770541,0,62029824
weak-1e-2,narrower-float32,monolithic,12,7451,this-search,8,7,8,13,1,0,0,0,0,0,2.5e-06,0.1358975,0.060036291000000006,0.091377083,0.021705167,0,62062592
weak-1e-2,narrower-float32,assembled,12,7451,sum-of-components,8,7,8,13,1,0,0,0,0,0,4.291e-06,0,0,0.082329,0.014615084,0,41828352
weak-1e-2,narrower-float32,1,12,7451,this-search,8,7,8,13,1,1,0,0,0,0,6.375e-06,0.133254584,0.05293012500000001,0.068003,0.01850575,0,62062592
weak-1e-2,wider-float32,monolithic,12,7451,this-search,10,9,10,13,1,0,0,0,0,0,3.584e-06,0.191038208,0.07563787699999999,0.064750375,0.019673917,0,62062592
weak-1e-2,wider-float32,assembled,12,7451,sum-of-components,10,9,10,13,1,0,0,0,0,0,2.959e-06,0,0,0.075718792,0.013184375,0,40763392
weak-1e-2,wider-float32,1,12,7451,this-search,10,9,10,13,1,1,0,0,0,0,2.25e-06,0.191665375,0.079696833,0.069295417,0.01566375,0,62062592
weak-1e-2,mixed-float32,monolithic,12,7451,this-search,9,8,9,13,1,0,0,0,0,0,3.417e-06,0.153247792,0.074070628,0.065464792,0.023522333,0,62062592
weak-1e-2,mixed-float32,assembled,12,7451,sum-of-components,9,8,9,13,1,0,0,0,0,0,3e-06,0,0,0.07085425,0.015759625,0,42827776
weak-1e-2,mixed-float32,1,12,7451,this-search,9,8,9,13,1,1,0,0,0,0,3.583e-06,0.154943708,0.07360408400000001,0.070194375,0.017935125,0,62062592
weak-1e-4,first-stage-double,monolithic,12,7451,this-search,9,8,9,13,103,0,0,1,0,0,4.042e-06,0.180733292,0.077404708,0.061957208,24.169867709,23.139534,180207616
weak-1e-4,first-stage-double,assembled,12,7451,sum-of-components,9,8,9,13,103,0,0,1,0,0,2.833e-06,0,0,0.077677875,1.279685708,0.218977792,183910400
weak-1e-4,first-stage-double,1,12,7451,this-search,9,8,9,13,103,1,0,1,0,0,3.459e-06,0.166259083,0.067984666,0.086143875,1.255243833,0.196199834,184975360
weak-1e-4,narrower-double,monolithic,12,7451,this-search,9,8,9,13,103,0,0,1,0,0,3.25e-06,0.161626333,0.063630124,0.073881667,24.07245525,23.036336959,180322304
weak-1e-4,narrower-double,assembled,12,7451,sum-of-components,9,8,9,13,103,0,0,1,0,0,3.75e-06,0,0,0.079760833,1.250397708,0.214780667,181092352
weak-1e-4,narrower-double,1,12,7451,this-search,9,8,9,13,103,1,0,1,0,0,4.084e-06,0.16900775,0.073853794,0.072039167,1.264298041,0.205339625,185040896
weak-1e-4,wider-double,monolithic,12,7451,this-search,11,9,11,13,103,0,0,1,0,0,5.958e-06,0.221332416,0.091343291,0.068901459,23.414548041,22.324048042,170786816
weak-1e-4,wider-double,assembled,12,7451,sum-of-components,11,9,11,13,103,0,0,1,0,0,2.708e-06,0,0,0.074291875,1.214555083,0.214970333,173031424
weak-1e-4,wider-double,1,12,7451,this-search,11,9,11,13,103,1,0,1,0,0,1.4667e-05,0.201337709,0.088799085,0.065242709,1.318919791,0.203231833,175390720
weak-1e-4,mixed-double,monolithic,12,7451,this-search,11,9,11,13,103,0,0,1,0,0,4.666e-06,0.2000765,0.08482683399999999,0.0571705,23.306122084,22.233281583,165756928
weak-1e-4,mixed-double,assembled,12,7451,sum-of-components,11,9,11,13,103,0,0,1,0,0,2.958e-06,0,0,0.073735917,1.176784625,0.205521167,167608320
weak-1e-4,mixed-double,1,12,7451,this-search,11,9,11,13,103,1,0,1,0,0,1.0333e-05,0.189600334,0.08766845799999999,0.067823417,1.251678209,0.205203125,168443904
weak-1e-4,first-stage-float32,monolithic,12,7451,this-search,8,6,9,13,103,0,0,1,0,0,2.958e-06,0.156689,0.08254787499999999,0.073964417,23.480048041,22.372837834,172277760
weak-1e-4,first-stage-float32,assembled,12,7451,sum-of-components,8,6,9,13,103,0,0,1,0,0,2.875e-06,0,0,0.069680417,1.299665584,0.216448541,177537024
weak-1e-4,first-stage-float32,1,12,7451,this-search,8,6,9,13,103,1,0,1,0,0,3.541e-06,0.136510208,0.06045979,0.068876625,1.403983208,0.2035045,177635328
weak-1e-4,narrower-float32,monolithic,12,7451,this-search,10,7,11,13,103,0,0,1,0,0,3.5e-06,0.188974167,0.087987583,0.060649958,23.517307708,22.411351792,166641664
weak-1e-4,narrower-float32,assembled,12,7451,sum-of-components,10,7,11,13,103,0,0,1,0,0,3.541e-06,0,0,0.067522125,1.380054667,0.237887167,169820160
weak-1e-4,narrower-float32,1,12,7451,this-search,10,7,11,13,103,1,0,1,0,0,4.042e-06,0.180712917,0.07382670599999999,0.068798333,1.2084635,0.192792708,171360256
weak-1e-4,wider-float32,monolithic,12,7451,this-search,11,9,11,13,103,0,0,1,0,0,3.291e-06,0.233191541,0.08339579,0.075559084,23.267009834,22.176478833,164560896
weak-1e-4,wider-float32,assembled,12,7451,sum-of-components,11,9,11,13,103,0,0,1,0,0,1.791e-06,0,0,0.073865458,1.341081416,0.205724917,168722432
weak-1e-4,wider-float32,1,12,7451,this-search,11,9,11,13,103,1,0,1,0,0,4.875e-06,0.20830475,0.08335983399999998,0.075630292,1.309373208,0.213459083,171081728
weak-1e-4,mixed-float32,monolithic,12,7451,this-search,11,8,12,13,103,0,0,1,0,0,2.833e-06,0.213372834,0.10404000199999999,0.067952292,23.482819917,22.370398833,165298176
weak-1e-4,mixed-float32,assembled,12,7451,sum-of-components,11,8,12,13,103,0,0,1,0,0,3.667e-06,0,0,0.076678417,1.320879584,0.219997959,170622976
weak-1e-4,mixed-float32,1,12,7451,this-search,11,8,12,13,103,1,0,1,0,0,3.916e-06,0.176403625,0.08005283199999999,0.075634917,1.326298334,0.224793375,171016192
zero-signal,first-stage-double,monolithic,12,7451,this-search,6,5,6,13,103,0,0,0,0,0,5.792e-06,0.10745975,0.043493333999999995,0.062317708,1.1463265,0,56115200
zero-signal,first-stage-double,assembled,12,7451,sum-of-components,6,5,6,13,103,0,0,0,0,0,3.041e-06,0,0,0.084185458,1.1335515,0,55214080
zero-signal,first-stage-double,1,12,7451,this-search,6,5,6,13,103,1,0,0,0,0,8e-06,0.091097167,0.036494708,0.072181291,1.101810416,0,56852480
zero-signal,narrower-double,monolithic,12,7451,this-search,7,5,7,13,103,0,0,0,0,0,3.75e-06,0.125489041,0.049919209,0.0742185,1.123275208,0,56279040
zero-signal,narrower-double,assembled,12,7451,sum-of-components,7,5,7,13,103,0,0,0,0,0,2.917e-06,0,0,0.070894333,1.122816292,0,56688640
zero-signal,narrower-double,1,12,7451,this-search,7,5,7,13,103,1,0,0,0,0,3e-06,0.114047458,0.049626959,0.06874875,1.141203459,0,57163776
zero-signal,wider-double,monolithic,12,7451,this-search,8,7,8,13,103,0,0,0,0,0,4.958e-06,0.150988125,0.059856001000000006,0.095197584,1.059500625,0,56770560
zero-signal,wider-double,assembled,12,7451,sum-of-components,8,7,8,13,103,0,0,0,0,0,2.459e-06,0,0,0.089596875,1.110539834,0,56033280
zero-signal,wider-double,1,12,7451,this-search,8,7,8,13,103,1,0,0,0,0,1.0375e-05,0.139030666,0.058250667,0.072964667,1.123592,0,56770560
zero-signal,mixed-double,monolithic,12,7451,this-search,7,5,7,13,103,0,0,0,0,0,2.875e-06,0.120252209,0.048201206999999996,0.068887708,1.089412667,0,60473344
zero-signal,mixed-double,assembled,12,7451,sum-of-components,7,5,7,13,103,0,0,0,0,0,2.792e-06,0,0,0.076900375,1.110628625,0,55492608
zero-signal,mixed-double,1,12,7451,this-search,7,5,7,13,103,1,0,0,0,0,3e-06,0.128239584,0.054113376,0.073493083,1.106262209,0,60473344
zero-signal,first-stage-float32,monolithic,12,7451,this-search,20,9,21,13,103,0,0,0,0,0,2.75e-06,0.319640042,0.153140872,0.076733167,1.031973125,0,60538880
zero-signal,first-stage-float32,assembled,12,7451,sum-of-components,20,9,21,13,103,0,0,0,0,0,2.958e-06,0,0,0.076571958,1.035632167,0,57376768
zero-signal,first-stage-float32,1,12,7451,this-search,20,9,21,13,103,1,0,0,0,0,3.709e-06,0.325278458,0.17624220799999996,0.084121125,1.056291584,0,60686336
zero-signal,narrower-float32,monolithic,12,7451,this-search,25,13,27,13,103,0,0,0,0,0,3.416e-06,0.399041209,0.196775458,0.083095208,1.082241,0,61063168
zero-signal,narrower-float32,assembled,12,7451,sum-of-components,25,13,27,13,103,0,0,0,0,0,2.75e-06,0,0,0.079015625,1.079573166,0,56688640
zero-signal,narrower-float32,1,12,7451,this-search,25,13,27,13,103,1,0,0,0,0,9.75e-06,0.4269565,0.21430441800000002,0.07591225,1.131589459,0,61079552
zero-signal,wider-float32,monolithic,12,7451,this-search,29,17,29,13,103,0,0,0,0,0,3.5e-06,0.459792625,0.219602453,0.070729042,1.120034458,0,61227008
zero-signal,wider-float32,assembled,12,7451,sum-of-components,29,17,29,13,103,0,0,0,0,0,4.25e-06,0,0,0.083815833,1.144256791,0,58294272
zero-signal,wider-float32,1,12,7451,this-search,29,17,29,13,103,1,0,0,0,0,6.333e-06,0.505877083,0.22572362299999998,0.079485,1.02394525,0,61276160
zero-signal,mixed-float32,monolithic,12,7451,this-search,31,19,32,13,103,0,0,0,0,0,4.375e-06,0.512914709,0.24186508499999998,0.072584458,0.917837542,0,61407232
zero-signal,mixed-float32,assembled,12,7451,sum-of-components,31,19,32,13,103,0,0,0,0,0,1.333e-06,0,0,0.067306625,0.842693041,0,53444608
zero-signal,mixed-float32,1,12,7451,this-search,31,19,32,13,103,1,0,0,0,0,4.083e-06,0.503990125,0.23705791599999995,0.075783959,0.830153,0,61407232
