owner,serial_id,chain_id,sequence_id,component_id,atom_id,alternate_indicator,x,y,z,alpha
0,1,A,1,MET,N,.,0.522,12.172,-8.339,0.0
1,2,A,1,MET,CA,.,0.621,10.999,-7.465,0.2
2,3,A,1,MET,C,.,0.579,11.385,-5.986,0.0
3,4,A,1,MET,O,.,1.086,10.667,-5.135,0.0
4,5,A,1,MET,CB,.,1.911,10.218,-7.741,0.4
5,6,A,1,MET,CG,.,3.174,11.039,-7.474,0.7999999999999999
6,7,A,1,MET,SD,.,4.633,10.001,-7.499,0.2
7,8,A,1,MET,CE,.,5.836,11.118,-6.768,1.0
8,9,A,2,PHE,N,.,-0.008,12.549,-5.712,0.2
9,10,A,2,PHE,CA,.,-0.095,13.037,-4.337,0.0
10,11,A,2,PHE,C,.,-1.213,12.345,-3.574,1.0
11,12,A,2,PHE,O,.,-1.077,12.067,-2.387,0.1
12,13,A,2,PHE,CB,.,-0.307,14.548,-4.341,1.0
13,14,A,2,PHE,CG,.,0.988,15.328,-4.309,0.2
14,15,A,2,PHE,CD1,.,1.897,15.231,-5.343,0.7
15,16,A,2,PHE,CD2,.,1.272,16.156,-3.24,1.0
16,17,A,2,PHE,CE1,.,3.086,15.944,-5.315,0.7
17,18,A,2,PHE,CE2,.,2.46,16.878,-3.203,0.4
18,19,A,2,PHE,CZ,.,3.364,16.766,-4.242,0.0
19,20,A,3,ARG,N,.,-2.312,12.065,-4.248,0.4
20,21,A,3,ARG,CA,.,-3.462,11.404,-3.634,0.6
21,22,A,3,ARG,C,.,-3.645,9.988,-4.175,0.2
22,23,A,3,ARG,O,.,-4.77,9.545,-4.417,0.0
23,24,A,3,ARG,CB,.,-4.728,12.226,-3.872,0.8999999999999999
24,25,A,3,ARG,CG,.,-4.849,13.402,-2.914,1.0
25,26,A,3,ARG,CD,.,-4.492,14.701,-3.631,0.7999999999999999
26,27,A,3,ARG,NE,.,-4.507,15.847,-2.718,0.8999999999999999
27,28,A,3,ARG,CZ,.,-4.213,17.084,-3.081,1.0
28,29,A,3,ARG,NH1,.,-3.895,17.352,-4.339,0.1
29,30,A,3,ARG,NH2,.,-4.235,18.057,-2.198,0.6
30,31,A,4,HIS,N,.,-2.552,9.286,-4.363,0.1
31,32,A,4,HIS,CA,.,-2.591,7.919,-4.881,0.5
32,33,A,4,HIS,C,.,-1.947,6.949,-3.898,0.1
33,34,A,4,HIS,O,.,-1.237,6.021,-4.3,0.0
34,35,A,4,HIS,CB,.,-1.884,7.86,-6.237,0.2
35,36,A,4,HIS,CG,.,-2.539,6.903,-7.187,1.0
36,37,A,4,HIS,ND1,.,-3.893,6.853,-7.398,1.0
37,38,A,4,HIS,CD2,.,-1.988,5.959,-7.999,0.4
38,39,A,4,HIS,CE1,.,-4.16,5.921,-8.296,0.8999999999999999
39,40,A,4,HIS,NE2,.,-3.017,5.369,-8.683,0.2
40,41,A,5,ASP,N,.,-2.2,7.173,-2.621,0.0
41,42,A,5,ASP,CA,.,-1.634,6.341,-1.567,0.0
42,43,A,5,ASP,C,.,-2.615,5.282,-1.093,0.4
43,44,A,5,ASP,O,.,-2.212,4.276,-0.507,0.2
44,45,A,5,ASP,CB,.,-1.206,7.211,-0.382,0.8999999999999999
45,46,A,5,ASP,CG,.,0.187,7.767,-0.551,0.0
46,47,A,5,ASP,OD1,.,0.389,8.566,-1.476,0.4
47,48,A,5,ASP,OD2,.,1.071,7.402,0.242,0.6
48,49,A,6,GLU,N,.,-3.9,5.505,-1.333,0.2
49,50,A,6,GLU,CA,.,-4.926,4.558,-0.931,0.2
50,51,A,6,GLU,C,.,-4.753,3.21,-1.625,0.7999999999999999
51,52,A,6,GLU,O,.,-4.748,2.16,-0.977,0.2
52,53,A,6,GLU,CB,.,-6.319,5.145,-1.219,1.0
53,54,A,6,GLU,CG,.,-6.446,5.729,-2.617,1.0
54,55,A,6,GLU,CD,.,-7.456,6.87,-2.649,1.0
55,56,A,6,GLU,OE1,.,-8.576,6.678,-2.146,0.2
56,57,A,6,GLU,OE2,.,-7.109,7.931,-3.159,0.2
57,58,A,7,LYS,N,.,-4.58,3.247,-2.937,0.0
58,59,A,7,LYS,CA,.,-4.39,2.023,-3.705,0.2
59,60,A,7,LYS,C,.,-3.039,1.396,-3.38,0.8999999999999999
60,61,A,7,LYS,O,.,-2.912,0.172,-3.282,0.8999999999999999
61,62,A,7,LYS,CB,.,-4.503,2.301,-5.205,0.0
62,63,A,7,LYS,CG,.,-5.805,1.789,-5.802,0.1
63,64,A,7,LYS,CD,.,-5.664,1.522,-7.29,0.30000000000000004
64,65,A,7,LYS,CE,.,-6.885,0.792,-7.817,0.2
65,66,A,7,LYS,NZ,.,-6.794,0.568,-9.288,0.0
66,67,A,8,SER,N,.,-2.047,2.226,-3.195,0.4
67,68,A,8,SER,CA,.,-0.713,1.763,-2.855,0.7999999999999999
68,69,A,8,SER,C,.,-0.722,0.993,-1.539,0.4
69,70,A,8,SER,O,.,-0.026,-0.009,-1.389,0.0
70,71,A,8,SER,CB,.,0.253,2.94,-2.755,0.2
71,72,A,8,SER,OG,.,0.873,3.188,-3.999,0.1
72,73,A,9,THR,N,.,-1.53,1.458,-0.602,0.2
73,74,A,9,THR,CA,.,-1.646,0.808,0.699,0.4
74,75,A,9,THR,C,.,-2.248,-0.592,0.547,0.6
75,76,A,9,THR,O,.,-1.817,-1.54,1.203,0.30000000000000004
76,77,A,9,THR,CB,.,-2.512,1.647,1.639,0.6
77,78,A,9,THR,OG1,.,-1.956,2.952,1.743,0.30000000000000004
78,79,A,9,THR,CG2,.,-2.569,1.033,3.031,1.0
79,80,A,10,TYR,N,.,-3.243,-0.707,-0.312,0.7
80,81,A,10,TYR,CA,.,-3.893,-1.99,-0.561,0.1
81,82,A,10,TYR,C,.,-2.924,-2.967,-1.209,1.0
82,83,A,10,TYR,O,.,-2.84,-4.129,-0.82,0.5
83,84,A,10,TYR,CB,.,-5.104,-1.781,-1.472,0.8999999999999999
84,85,A,10,TYR,CG,.,-6.418,-1.815,-0.718,0.5
85,86,A,10,TYR,CD1,.,-6.746,-0.819,0.189,0.5
86,87,A,10,TYR,CD2,.,-7.323,-2.853,-0.931,0.7
87,88,A,10,TYR,CE1,.,-7.943,-0.846,0.879,0.0
88,89,A,10,TYR,CE2,.,-8.538,-2.889,-0.245,0.2
89,90,A,10,TYR,CZ,.,-8.842,-1.887,0.658,0.7
90,91,A,10,TYR,OH,.,-10.027,-1.917,1.34,0.2
91,92,A,11,TRP,N,.,-2.183,-2.488,-2.197,0.6
92,93,A,11,TRP,CA,.,-1.212,-3.324,-2.888,0.30000000000000004
93,94,A,11,TRP,C,.,-0.054,-3.685,-1.972,0.0
94,95,A,11,TRP,O,.,0.493,-4.789,-2.049,1.0
95,96,A,11,TRP,CB,.,-0.705,-2.592,-4.133,0.7
96,97,A,11,TRP,CG,.,-1.695,-2.613,-5.257,0.4
97,98,A,11,TRP,CD1,.,-2.553,-1.627,-5.6,0.2
98,99,A,11,TRP,CD2,.,-1.936,-3.688,-6.181,0.4
99,100,A,11,TRP,NE1,.,-3.313,-2.013,-6.681,0.2
100,101,A,11,TRP,CE2,.,-2.955,-3.278,-7.063,0.0
101,102,A,11,TRP,CE3,.,-1.382,-4.961,-6.351,0.8999999999999999
102,103,A,11,TRP,CZ2,.,-3.422,-4.093,-8.094,0.0
103,104,A,11,TRP,CZ3,.,-1.845,-5.778,-7.382,0.8999999999999999
104,105,A,11,TRP,CH2,.,-2.857,-5.339,-8.235,0.5
105,106,A,12,ASN,N,.,0.295,-2.778,-1.082,0.2
106,107,A,12,ASN,CA,.,1.365,-3.02,-0.122,1.0
107,108,A,12,ASN,C,.,0.992,-4.154,0.819,0.2
108,109,A,12,ASN,O,.,1.797,-5.05,1.079,0.2
109,110,A,12,ASN,CB,.,1.651,-1.751,0.683,0.2
110,111,A,12,ASN,CG,.,2.959,-1.099,0.279,0.30000000000000004
111,112,A,12,ASN,OD1,.,4.033,-1.623,0.551,0.1
112,113,A,12,ASN,ND2,.,2.891,0.04,-0.369,0.5
113,114,A,13,GLN,N,.,-0.237,-4.121,1.317,0.0
114,115,A,13,GLN,CA,.,-0.72,-5.162,2.216,0.2
115,116,A,13,GLN,C,.,-0.767,-6.499,1.495,1.0
116,117,A,13,GLN,O,.,-0.398,-7.535,2.057,0.8999999999999999
117,118,A,13,GLN,CB,.,-2.103,-4.79,2.733,0.2
118,119,A,13,GLN,CG,.,-2.047,-3.884,3.95,0.4
119,120,A,13,GLN,CD,.,-2.821,-4.48,5.12,0.2
120,121,A,13,GLN,OE1,.,-2.41,-5.458,5.729,0.2
121,122,A,13,GLN,NE2,.,-3.96,-3.901,5.426,0.5
122,123,A,14,CYS,N,.,-1.214,-6.482,0.261,0.4
123,124,A,14,CYS,CA,.,-1.292,-7.691,-0.546,0.8999999999999999
124,125,A,14,CYS,C,.,0.103,-8.266,-0.779,0.1
125,126,A,14,CYS,O,.,0.296,-9.478,-0.754,0.8999999999999999
126,127,A,14,CYS,CB,.,-1.97,-7.384,-1.887,0.2
127,128,A,14,CYS,SG,.,-3.627,-8.081,-2.009,1.0
128,129,A,15,ALA,N,.,1.061,-7.39,-1.011,0.0
129,130,A,15,ALA,CA,.,2.441,-7.808,-1.258,0.7
130,131,A,15,ALA,C,.,3.04,-8.471,-0.017,0.5
131,132,A,15,ALA,O,.,3.793,-9.431,-0.123,0.1
132,133,A,15,ALA,CB,.,3.278,-6.612,-1.671,0.4
133,134,A,16,VAL,N,.,2.69,-7.963,1.15,0.0
134,135,A,16,VAL,CA,.,3.19,-8.511,2.411,0.2
135,136,A,16,VAL,C,.,2.607,-9.895,2.663,0.8999999999999999
136,137,A,16,VAL,O,.,3.288,-10.789,3.179,0.2
137,138,A,16,VAL,CB,.,2.861,-7.571,3.59,1.0
138,139,A,16,VAL,CG1,.,3.307,-8.177,4.91,0.0
139,140,A,16,VAL,CG2,.,3.512,-6.214,3.401,0.2
140,141,A,17,ILE,N,.,1.345,-10.063,2.311,0.1
141,142,A,17,ILE,CA,.,0.669,-11.339,2.496,0.1
142,143,A,17,ILE,C,.,1.083,-12.343,1.431,0.0
143,144,A,17,ILE,O,.,1.251,-13.535,1.712,0.5
144,145,A,17,ILE,CB,.,-0.864,-11.138,2.483,0.0
145,146,A,17,ILE,CG1,.,-1.308,-10.252,3.643,0.5
146,147,A,17,ILE,CG2,.,-1.571,-12.494,2.568,0.5
147,148,A,17,ILE,CD1,.,-2.596,-9.5,3.357,1.0
148,149,A,18,LEU,N,.,1.235,-11.86,0.21,0.0
149,150,A,18,LEU,CA,.,1.62,-12.721,-0.902,0.0
150,151,A,18,LEU,C,.,3.098,-13.063,-0.857,1.0
151,152,A,18,LEU,O,.,3.476,-14.236,-0.93,0.7999999999999999
152,153,A,18,LEU,CB,.,1.278,-12.04,-2.229,0.6
153,154,A,18,LEU,CG,.,-0.088,-12.431,-2.796,0.2
154,155,A,18,LEU,CD1,.,-0.749,-11.247,-3.49,0.30000000000000004
155,156,A,18,LEU,CD2,.,0.069,-13.585,-3.766,0.1
156,157,A,19,GLY,N,.,3.931,-12.049,-0.737,1.0
157,158,A,19,GLY,CA,.,5.369,-12.242,-0.697,0.7
158,159,A,19,GLY,C,.,5.892,-12.449,0.714,0.6
159,160,A,19,GLY,O,.,5.199,-12.167,1.688,1.0
160,161,A,20,PRO,N,.,7.122,-12.944,0.81,0.0
161,162,A,20,PRO,CA,.,7.734,-13.186,2.116,0.6
162,163,A,20,PRO,C,.,8.211,-11.893,2.794,0.30000000000000004
163,164,A,20,PRO,O,.,8.508,-10.926,2.095,0.4
164,165,A,20,PRO,CB,.,8.927,-14.086,1.793,0.30000000000000004
165,166,A,20,PRO,CG,.,9.288,-13.726,0.388,0.0
166,167,A,20,PRO,CD,.,7.982,-13.327,-0.294,0.4
167,168,A,20,PRO,OXT,.,8.28,-11.866,4.016,0.4
