state_id,serial_id,historical_C_status,frozen_C_status,joint_C_status
baseline-best-28,1,improved,unqualified,unqualified
baseline-best-28,2,improved,improved,unqualified
baseline-best-28,3,regressed,improved,unqualified
baseline-best-28,4,improved,improved,unqualified
baseline-best-28,5,improved,regressed,unqualified
baseline-best-28,6,regressed,improved,unqualified
baseline-best-28,7,regressed,improved,unqualified
baseline-best-28,8,improved,regressed,unqualified
baseline-best-28,9,improved,improved,unqualified
baseline-best-28,10,regressed,regressed,unqualified
baseline-best-28,11,regressed,regressed,unqualified
baseline-best-28,12,improved,improved,unqualified
baseline-best-28,13,regressed,regressed,unqualified
baseline-best-28,14,improved,improved,unqualified
baseline-best-28,15,regressed,improved,unqualified
baseline-best-28,16,regressed,improved,unqualified
baseline-best-28,17,improved,improved,unqualified
baseline-best-28,18,improved,improved,unqualified
baseline-best-28,19,regressed,regressed,unqualified
baseline-best-28,20,improved,improved,unqualified
baseline-best-28,21,improved,improved,unqualified
baseline-best-28,22,improved,improved,unqualified
baseline-best-28,23,regressed,regressed,unqualified
baseline-best-28,24,improved,improved,unqualified
baseline-best-28,25,regressed,improved,unqualified
baseline-best-28,26,regressed,improved,unqualified
baseline-best-28,27,regressed,improved,unqualified
baseline-best-28,28,improved,regressed,unqualified
baseline-best-28,29,improved,regressed,unqualified
baseline-best-28,30,improved,regressed,unqualified
baseline-best-28,31,regressed,regressed,unqualified
baseline-best-28,32,regressed,improved,unqualified
baseline-best-28,33,regressed,improved,unqualified
baseline-best-28,34,improved,improved,unqualified
baseline-best-28,35,regressed,improved,unqualified
baseline-best-28,36,improved,improved,unqualified
baseline-best-28,37,regressed,regressed,unqualified
baseline-best-28,38,improved,regressed,unqualified
baseline-best-28,39,improved,improved,unqualified
baseline-best-28,40,regressed,improved,unqualified
baseline-best-28,41,regressed,regressed,unqualified
baseline-best-28,42,improved,improved,unqualified
baseline-best-28,43,regressed,regressed,unqualified
baseline-best-28,44,regressed,improved,unqualified
baseline-best-28,45,improved,regressed,unqualified
baseline-best-28,46,regressed,regressed,unqualified
baseline-best-28,47,improved,improved,unqualified
baseline-best-28,48,improved,improved,unqualified
baseline-best-28,49,improved,regressed,unqualified
baseline-best-28,50,regressed,improved,unqualified
baseline-best-28,51,regressed,regressed,unqualified
baseline-best-28,52,improved,regressed,unqualified
baseline-best-28,53,regressed,regressed,unqualified
baseline-best-28,54,improved,regressed,unqualified
baseline-best-28,55,regressed,improved,unqualified
baseline-best-28,56,improved,improved,unqualified
baseline-best-28,57,improved,regressed,unqualified
baseline-best-28,58,improved,improved,unqualified
baseline-best-28,59,improved,regressed,unqualified
baseline-best-28,60,regressed,improved,unqualified
baseline-best-28,61,regressed,improved,unqualified
baseline-best-28,62,regressed,improved,unqualified
baseline-best-28,63,regressed,improved,unqualified
baseline-best-28,64,improved,improved,unqualified
baseline-best-28,65,regressed,regressed,unqualified
baseline-best-28,66,improved,regressed,unqualified
baseline-best-28,67,improved,improved,unqualified
baseline-best-28,68,regressed,regressed,unqualified
baseline-best-28,69,regressed,improved,unqualified
baseline-best-28,70,improved,improved,unqualified
baseline-best-28,71,improved,regressed,unqualified
baseline-best-28,72,improved,improved,unqualified
baseline-best-28,73,regressed,improved,unqualified
baseline-best-28,74,improved,improved,unqualified
baseline-best-28,75,regressed,improved,unqualified
baseline-best-28,76,improved,regressed,unqualified
baseline-best-28,77,regressed,improved,unqualified
baseline-best-28,78,improved,improved,unqualified
baseline-best-28,79,improved,regressed,unqualified
baseline-best-28,80,improved,improved,unqualified
baseline-best-28,81,regressed,regressed,unqualified
baseline-best-28,82,improved,improved,unqualified
baseline-best-28,83,regressed,regressed,unqualified
baseline-best-28,84,improved,improved,unqualified
baseline-best-28,85,improved,improved,unqualified
baseline-best-28,86,improved,regressed,unqualified
baseline-best-28,87,regressed,regressed,unqualified
baseline-best-28,88,improved,improved,unqualified
baseline-best-28,89,improved,improved,unqualified
baseline-best-28,90,regressed,improved,unqualified
baseline-best-28,91,improved,improved,unqualified
baseline-best-28,92,improved,improved,unqualified
baseline-best-28,93,regressed,improved,unqualified
baseline-best-28,94,improved,regressed,unqualified
baseline-best-28,95,regressed,improved,unqualified
baseline-best-28,96,regressed,regressed,unqualified
baseline-best-28,97,improved,regressed,unqualified
baseline-best-28,98,regressed,improved,unqualified
baseline-best-28,99,regressed,regressed,unqualified
baseline-best-28,100,improved,regressed,unqualified
baseline-best-28,101,regressed,improved,unqualified
baseline-best-28,102,regressed,regressed,unqualified
baseline-best-28,103,improved,improved,unqualified
baseline-best-28,104,improved,regressed,unqualified
baseline-best-28,105,improved,improved,unqualified
baseline-best-28,106,regressed,regressed,unqualified
baseline-best-28,107,improved,improved,unqualified
baseline-best-28,108,improved,improved,unqualified
baseline-best-28,109,improved,regressed,unqualified
baseline-best-28,110,improved,improved,unqualified
baseline-best-28,111,regressed,regressed,unqualified
baseline-best-28,112,improved,regressed,unqualified
baseline-best-28,113,regressed,improved,unqualified
baseline-best-28,114,improved,regressed,unqualified
baseline-best-28,115,regressed,regressed,unqualified
baseline-best-28,116,regressed,improved,unqualified
baseline-best-28,117,improved,improved,unqualified
baseline-best-28,118,improved,regressed,unqualified
baseline-best-28,119,improved,improved,unqualified
baseline-best-28,120,regressed,regressed,unqualified
baseline-best-28,121,improved,improved,unqualified
baseline-best-28,122,improved,regressed,unqualified
baseline-best-28,123,regressed,regressed,unqualified
baseline-best-28,124,regressed,improved,unqualified
baseline-best-28,125,improved,improved,unqualified
baseline-best-28,126,regressed,improved,unqualified
baseline-best-28,127,improved,improved,unqualified
baseline-best-28,128,improved,unqualified,unqualified
baseline-best-28,129,improved,improved,unqualified
baseline-best-28,130,regressed,improved,unqualified
baseline-best-28,131,improved,improved,unqualified
baseline-best-28,132,regressed,regressed,unqualified
baseline-best-28,133,improved,improved,unqualified
baseline-best-28,134,improved,improved,unqualified
baseline-best-28,135,improved,regressed,unqualified
baseline-best-28,136,improved,improved,unqualified
baseline-best-28,137,improved,improved,unqualified
baseline-best-28,138,improved,improved,unqualified
baseline-best-28,139,improved,improved,unqualified
baseline-best-28,140,regressed,regressed,unqualified
baseline-best-28,141,regressed,regressed,unqualified
baseline-best-28,142,regressed,regressed,unqualified
baseline-best-28,143,improved,improved,unqualified
baseline-best-28,144,improved,regressed,unqualified
baseline-best-28,145,regressed,improved,unqualified
baseline-best-28,146,improved,improved,unqualified
baseline-best-28,147,improved,regressed,unqualified
baseline-best-28,148,improved,regressed,unqualified
baseline-best-28,149,regressed,improved,unqualified
baseline-best-28,150,regressed,regressed,unqualified
baseline-best-28,151,improved,improved,unqualified
baseline-best-28,152,improved,improved,unqualified
baseline-best-28,153,improved,improved,unqualified
baseline-best-28,154,regressed,regressed,unqualified
baseline-best-28,155,improved,improved,unqualified
baseline-best-28,156,improved,regressed,unqualified
baseline-best-28,157,improved,improved,unqualified
baseline-best-28,158,improved,regressed,unqualified
baseline-best-28,159,improved,regressed,unqualified
baseline-best-28,160,improved,improved,unqualified
baseline-best-28,161,regressed,improved,unqualified
baseline-best-28,162,regressed,regressed,unqualified
baseline-best-28,163,improved,improved,unqualified
baseline-best-28,164,improved,improved,unqualified
baseline-best-28,165,improved,improved,unqualified
baseline-best-28,166,improved,regressed,unqualified
baseline-best-28,167,regressed,improved,unqualified
baseline-best-28,168,regressed,regressed,unqualified
baseline-recovery-32,1,improved,unqualified,unqualified
baseline-recovery-32,2,improved,improved,unqualified
baseline-recovery-32,3,regressed,improved,unqualified
baseline-recovery-32,4,improved,improved,unqualified
baseline-recovery-32,5,improved,regressed,unqualified
baseline-recovery-32,6,regressed,improved,unqualified
baseline-recovery-32,7,regressed,improved,unqualified
baseline-recovery-32,8,improved,regressed,unqualified
baseline-recovery-32,9,improved,improved,unqualified
baseline-recovery-32,10,regressed,regressed,unqualified
baseline-recovery-32,11,regressed,regressed,unqualified
baseline-recovery-32,12,improved,improved,unqualified
baseline-recovery-32,13,regressed,regressed,unqualified
baseline-recovery-32,14,improved,improved,unqualified
baseline-recovery-32,15,regressed,improved,unqualified
baseline-recovery-32,16,regressed,improved,unqualified
baseline-recovery-32,17,improved,improved,unqualified
baseline-recovery-32,18,improved,improved,unqualified
baseline-recovery-32,19,regressed,regressed,unqualified
baseline-recovery-32,20,improved,improved,unqualified
baseline-recovery-32,21,improved,improved,unqualified
baseline-recovery-32,22,improved,improved,unqualified
baseline-recovery-32,23,regressed,regressed,unqualified
baseline-recovery-32,24,improved,improved,unqualified
baseline-recovery-32,25,regressed,improved,unqualified
baseline-recovery-32,26,regressed,improved,unqualified
baseline-recovery-32,27,regressed,improved,unqualified
baseline-recovery-32,28,improved,regressed,unqualified
baseline-recovery-32,29,improved,regressed,unqualified
baseline-recovery-32,30,improved,regressed,unqualified
baseline-recovery-32,31,regressed,regressed,unqualified
baseline-recovery-32,32,regressed,improved,unqualified
baseline-recovery-32,33,regressed,improved,unqualified
baseline-recovery-32,34,improved,improved,unqualified
baseline-recovery-32,35,regressed,improved,unqualified
baseline-recovery-32,36,improved,improved,unqualified
baseline-recovery-32,37,regressed,regressed,unqualified
baseline-recovery-32,38,improved,regressed,unqualified
baseline-recovery-32,39,improved,improved,unqualified
baseline-recovery-32,40,regressed,improved,unqualified
baseline-recovery-32,41,regressed,regressed,unqualified
baseline-recovery-32,42,improved,improved,unqualified
baseline-recovery-32,43,regressed,regressed,unqualified
baseline-recovery-32,44,regressed,improved,unqualified
baseline-recovery-32,45,improved,regressed,unqualified
baseline-recovery-32,46,regressed,regressed,unqualified
baseline-recovery-32,47,improved,improved,unqualified
baseline-recovery-32,48,improved,improved,unqualified
baseline-recovery-32,49,improved,regressed,unqualified
baseline-recovery-32,50,regressed,improved,unqualified
baseline-recovery-32,51,regressed,regressed,unqualified
baseline-recovery-32,52,improved,regressed,unqualified
baseline-recovery-32,53,regressed,regressed,unqualified
baseline-recovery-32,54,improved,regressed,unqualified
baseline-recovery-32,55,regressed,improved,unqualified
baseline-recovery-32,56,improved,improved,unqualified
baseline-recovery-32,57,improved,regressed,unqualified
baseline-recovery-32,58,improved,improved,unqualified
baseline-recovery-32,59,improved,regressed,unqualified
baseline-recovery-32,60,regressed,improved,unqualified
baseline-recovery-32,61,regressed,improved,unqualified
baseline-recovery-32,62,regressed,improved,unqualified
baseline-recovery-32,63,regressed,improved,unqualified
baseline-recovery-32,64,improved,improved,unqualified
baseline-recovery-32,65,regressed,regressed,unqualified
baseline-recovery-32,66,improved,regressed,unqualified
baseline-recovery-32,67,improved,improved,unqualified
baseline-recovery-32,68,regressed,regressed,unqualified
baseline-recovery-32,69,regressed,improved,unqualified
baseline-recovery-32,70,improved,improved,unqualified
baseline-recovery-32,71,improved,regressed,unqualified
baseline-recovery-32,72,improved,improved,unqualified
baseline-recovery-32,73,regressed,improved,unqualified
baseline-recovery-32,74,improved,improved,unqualified
baseline-recovery-32,75,regressed,improved,unqualified
baseline-recovery-32,76,improved,regressed,unqualified
baseline-recovery-32,77,regressed,improved,unqualified
baseline-recovery-32,78,improved,improved,unqualified
baseline-recovery-32,79,improved,regressed,unqualified
baseline-recovery-32,80,improved,improved,unqualified
baseline-recovery-32,81,regressed,regressed,unqualified
baseline-recovery-32,82,improved,improved,unqualified
baseline-recovery-32,83,regressed,regressed,unqualified
baseline-recovery-32,84,improved,improved,unqualified
baseline-recovery-32,85,improved,improved,unqualified
baseline-recovery-32,86,improved,regressed,unqualified
baseline-recovery-32,87,regressed,regressed,unqualified
baseline-recovery-32,88,improved,improved,unqualified
baseline-recovery-32,89,improved,improved,unqualified
baseline-recovery-32,90,regressed,improved,unqualified
baseline-recovery-32,91,improved,improved,unqualified
baseline-recovery-32,92,improved,improved,unqualified
baseline-recovery-32,93,regressed,improved,unqualified
baseline-recovery-32,94,improved,regressed,unqualified
baseline-recovery-32,95,regressed,improved,unqualified
baseline-recovery-32,96,regressed,regressed,unqualified
baseline-recovery-32,97,improved,regressed,unqualified
baseline-recovery-32,98,regressed,improved,unqualified
baseline-recovery-32,99,regressed,regressed,unqualified
baseline-recovery-32,100,improved,regressed,unqualified
baseline-recovery-32,101,regressed,improved,unqualified
baseline-recovery-32,102,regressed,regressed,unqualified
baseline-recovery-32,103,improved,improved,unqualified
baseline-recovery-32,104,improved,regressed,unqualified
baseline-recovery-32,105,improved,improved,unqualified
baseline-recovery-32,106,regressed,regressed,unqualified
baseline-recovery-32,107,improved,improved,unqualified
baseline-recovery-32,108,improved,improved,unqualified
baseline-recovery-32,109,improved,regressed,unqualified
baseline-recovery-32,110,improved,improved,unqualified
baseline-recovery-32,111,regressed,regressed,unqualified
baseline-recovery-32,112,improved,regressed,unqualified
baseline-recovery-32,113,regressed,improved,unqualified
baseline-recovery-32,114,improved,regressed,unqualified
baseline-recovery-32,115,regressed,regressed,unqualified
baseline-recovery-32,116,regressed,improved,unqualified
baseline-recovery-32,117,improved,improved,unqualified
baseline-recovery-32,118,improved,regressed,unqualified
baseline-recovery-32,119,improved,improved,unqualified
baseline-recovery-32,120,regressed,regressed,unqualified
baseline-recovery-32,121,improved,improved,unqualified
baseline-recovery-32,122,improved,regressed,unqualified
baseline-recovery-32,123,regressed,regressed,unqualified
baseline-recovery-32,124,regressed,improved,unqualified
baseline-recovery-32,125,improved,improved,unqualified
baseline-recovery-32,126,regressed,improved,unqualified
baseline-recovery-32,127,improved,improved,unqualified
baseline-recovery-32,128,improved,unqualified,unqualified
baseline-recovery-32,129,improved,improved,unqualified
baseline-recovery-32,130,regressed,improved,unqualified
baseline-recovery-32,131,improved,improved,unqualified
baseline-recovery-32,132,regressed,regressed,unqualified
baseline-recovery-32,133,improved,improved,unqualified
baseline-recovery-32,134,improved,improved,unqualified
baseline-recovery-32,135,improved,regressed,unqualified
baseline-recovery-32,136,improved,improved,unqualified
baseline-recovery-32,137,improved,improved,unqualified
baseline-recovery-32,138,improved,improved,unqualified
baseline-recovery-32,139,improved,improved,unqualified
baseline-recovery-32,140,regressed,regressed,unqualified
baseline-recovery-32,141,regressed,regressed,unqualified
baseline-recovery-32,142,regressed,regressed,unqualified
baseline-recovery-32,143,improved,improved,unqualified
baseline-recovery-32,144,improved,regressed,unqualified
baseline-recovery-32,145,regressed,improved,unqualified
baseline-recovery-32,146,improved,improved,unqualified
baseline-recovery-32,147,improved,regressed,unqualified
baseline-recovery-32,148,improved,regressed,unqualified
baseline-recovery-32,149,regressed,improved,unqualified
baseline-recovery-32,150,regressed,regressed,unqualified
baseline-recovery-32,151,improved,improved,unqualified
baseline-recovery-32,152,improved,improved,unqualified
baseline-recovery-32,153,improved,improved,unqualified
baseline-recovery-32,154,regressed,regressed,unqualified
baseline-recovery-32,155,improved,improved,unqualified
baseline-recovery-32,156,improved,regressed,unqualified
baseline-recovery-32,157,improved,improved,unqualified
baseline-recovery-32,158,improved,regressed,unqualified
baseline-recovery-32,159,improved,regressed,unqualified
baseline-recovery-32,160,improved,improved,unqualified
baseline-recovery-32,161,regressed,improved,unqualified
baseline-recovery-32,162,regressed,regressed,unqualified
baseline-recovery-32,163,improved,improved,unqualified
baseline-recovery-32,164,improved,improved,unqualified
baseline-recovery-32,165,improved,improved,unqualified
baseline-recovery-32,166,improved,regressed,unqualified
baseline-recovery-32,167,regressed,improved,unqualified
baseline-recovery-32,168,regressed,regressed,unqualified
failed-only-best-6,1,improved,improved,unqualified
failed-only-best-6,2,improved,improved,unqualified
failed-only-best-6,3,regressed,improved,unqualified
failed-only-best-6,4,improved,improved,unqualified
failed-only-best-6,5,improved,regressed,unqualified
failed-only-best-6,6,regressed,improved,unqualified
failed-only-best-6,7,regressed,improved,unqualified
failed-only-best-6,8,improved,regressed,unqualified
failed-only-best-6,9,improved,improved,unqualified
failed-only-best-6,10,regressed,regressed,unqualified
failed-only-best-6,11,regressed,regressed,unqualified
failed-only-best-6,12,improved,improved,unqualified
failed-only-best-6,13,regressed,regressed,unqualified
failed-only-best-6,14,improved,regressed,unqualified
failed-only-best-6,15,regressed,improved,unqualified
failed-only-best-6,16,regressed,improved,unqualified
failed-only-best-6,17,improved,regressed,unqualified
failed-only-best-6,18,improved,regressed,unqualified
failed-only-best-6,19,regressed,regressed,unqualified
failed-only-best-6,20,improved,regressed,unqualified
failed-only-best-6,21,improved,improved,unqualified
failed-only-best-6,22,improved,improved,unqualified
failed-only-best-6,23,regressed,improved,unqualified
failed-only-best-6,24,improved,improved,unqualified
failed-only-best-6,25,regressed,improved,unqualified
failed-only-best-6,26,regressed,improved,unqualified
failed-only-best-6,27,regressed,improved,unqualified
failed-only-best-6,28,improved,regressed,unqualified
failed-only-best-6,29,improved,regressed,unqualified
failed-only-best-6,30,improved,regressed,unqualified
failed-only-best-6,31,regressed,regressed,unqualified
failed-only-best-6,32,regressed,improved,unqualified
failed-only-best-6,33,regressed,improved,unqualified
failed-only-best-6,34,improved,regressed,unqualified
failed-only-best-6,35,regressed,improved,unqualified
failed-only-best-6,36,improved,improved,unqualified
failed-only-best-6,37,regressed,improved,unqualified
failed-only-best-6,38,improved,regressed,unqualified
failed-only-best-6,39,regressed,regressed,unqualified
failed-only-best-6,40,regressed,improved,unqualified
failed-only-best-6,41,regressed,regressed,unqualified
failed-only-best-6,42,improved,improved,unqualified
failed-only-best-6,43,regressed,regressed,unqualified
failed-only-best-6,44,regressed,improved,unqualified
failed-only-best-6,45,improved,regressed,unqualified
failed-only-best-6,46,regressed,regressed,unqualified
failed-only-best-6,47,improved,improved,unqualified
failed-only-best-6,48,improved,improved,unqualified
failed-only-best-6,49,improved,regressed,unqualified
failed-only-best-6,50,regressed,improved,unqualified
failed-only-best-6,51,regressed,regressed,unqualified
failed-only-best-6,52,improved,regressed,unqualified
failed-only-best-6,53,regressed,regressed,unqualified
failed-only-best-6,54,regressed,regressed,unqualified
failed-only-best-6,55,regressed,improved,unqualified
failed-only-best-6,56,improved,improved,unqualified
failed-only-best-6,57,improved,regressed,unqualified
failed-only-best-6,58,improved,improved,unqualified
failed-only-best-6,59,improved,regressed,unqualified
failed-only-best-6,60,regressed,improved,unqualified
failed-only-best-6,61,regressed,improved,unqualified
failed-only-best-6,62,regressed,improved,unqualified
failed-only-best-6,63,regressed,improved,unqualified
failed-only-best-6,64,improved,improved,unqualified
failed-only-best-6,65,regressed,regressed,unqualified
failed-only-best-6,66,improved,regressed,unqualified
failed-only-best-6,67,improved,improved,unqualified
failed-only-best-6,68,regressed,regressed,unqualified
failed-only-best-6,69,regressed,improved,unqualified
failed-only-best-6,70,improved,improved,unqualified
failed-only-best-6,71,improved,regressed,unqualified
failed-only-best-6,72,improved,improved,unqualified
failed-only-best-6,73,regressed,improved,unqualified
failed-only-best-6,74,improved,improved,unqualified
failed-only-best-6,75,regressed,improved,unqualified
failed-only-best-6,76,improved,regressed,unqualified
failed-only-best-6,77,regressed,improved,unqualified
failed-only-best-6,78,improved,improved,unqualified
failed-only-best-6,79,improved,regressed,unqualified
failed-only-best-6,80,improved,improved,unqualified
failed-only-best-6,81,regressed,regressed,unqualified
failed-only-best-6,82,improved,improved,unqualified
failed-only-best-6,83,regressed,regressed,unqualified
failed-only-best-6,84,improved,improved,unqualified
failed-only-best-6,85,improved,improved,unqualified
failed-only-best-6,86,regressed,regressed,unqualified
failed-only-best-6,87,regressed,regressed,unqualified
failed-only-best-6,88,improved,improved,unqualified
failed-only-best-6,89,improved,improved,unqualified
failed-only-best-6,90,regressed,improved,unqualified
failed-only-best-6,91,improved,improved,unqualified
failed-only-best-6,92,improved,improved,unqualified
failed-only-best-6,93,regressed,improved,unqualified
failed-only-best-6,94,improved,regressed,unqualified
failed-only-best-6,95,regressed,regressed,unqualified
failed-only-best-6,96,regressed,regressed,unqualified
failed-only-best-6,97,improved,regressed,unqualified
failed-only-best-6,98,regressed,improved,unqualified
failed-only-best-6,99,improved,regressed,unqualified
failed-only-best-6,100,regressed,regressed,unqualified
failed-only-best-6,101,regressed,improved,unqualified
failed-only-best-6,102,regressed,regressed,unqualified
failed-only-best-6,103,improved,improved,unqualified
failed-only-best-6,104,improved,regressed,unqualified
failed-only-best-6,105,improved,improved,unqualified
failed-only-best-6,106,regressed,regressed,unqualified
failed-only-best-6,107,improved,improved,unqualified
failed-only-best-6,108,improved,improved,unqualified
failed-only-best-6,109,improved,regressed,unqualified
failed-only-best-6,110,improved,improved,unqualified
failed-only-best-6,111,regressed,regressed,unqualified
failed-only-best-6,112,improved,regressed,unqualified
failed-only-best-6,113,regressed,improved,unqualified
failed-only-best-6,114,improved,regressed,unqualified
failed-only-best-6,115,regressed,regressed,unqualified
failed-only-best-6,116,regressed,improved,unqualified
failed-only-best-6,117,improved,improved,unqualified
failed-only-best-6,118,improved,regressed,unqualified
failed-only-best-6,119,improved,improved,unqualified
failed-only-best-6,120,regressed,regressed,unqualified
failed-only-best-6,121,improved,improved,unqualified
failed-only-best-6,122,improved,regressed,unqualified
failed-only-best-6,123,regressed,regressed,unqualified
failed-only-best-6,124,regressed,improved,unqualified
failed-only-best-6,125,improved,improved,unqualified
failed-only-best-6,126,regressed,improved,unqualified
failed-only-best-6,127,improved,improved,unqualified
failed-only-best-6,128,improved,improved,unqualified
failed-only-best-6,129,improved,improved,unqualified
failed-only-best-6,130,regressed,improved,unqualified
failed-only-best-6,131,improved,improved,unqualified
failed-only-best-6,132,regressed,regressed,unqualified
failed-only-best-6,133,improved,improved,unqualified
failed-only-best-6,134,improved,improved,unqualified
failed-only-best-6,135,regressed,regressed,unqualified
failed-only-best-6,136,improved,improved,unqualified
failed-only-best-6,137,improved,improved,unqualified
failed-only-best-6,138,improved,improved,unqualified
failed-only-best-6,139,improved,improved,unqualified
failed-only-best-6,140,regressed,regressed,unqualified
failed-only-best-6,141,regressed,regressed,unqualified
failed-only-best-6,142,regressed,regressed,unqualified
failed-only-best-6,143,improved,improved,unqualified
failed-only-best-6,144,improved,regressed,unqualified
failed-only-best-6,145,regressed,improved,unqualified
failed-only-best-6,146,improved,improved,unqualified
failed-only-best-6,147,improved,regressed,unqualified
failed-only-best-6,148,improved,regressed,unqualified
failed-only-best-6,149,regressed,improved,unqualified
failed-only-best-6,150,regressed,regressed,unqualified
failed-only-best-6,151,improved,improved,unqualified
failed-only-best-6,152,improved,improved,unqualified
failed-only-best-6,153,improved,improved,unqualified
failed-only-best-6,154,regressed,regressed,unqualified
failed-only-best-6,155,improved,improved,unqualified
failed-only-best-6,156,regressed,regressed,unqualified
failed-only-best-6,157,improved,improved,unqualified
failed-only-best-6,158,improved,regressed,unqualified
failed-only-best-6,159,improved,regressed,unqualified
failed-only-best-6,160,improved,improved,unqualified
failed-only-best-6,161,regressed,improved,unqualified
failed-only-best-6,162,regressed,improved,unqualified
failed-only-best-6,163,improved,improved,unqualified
failed-only-best-6,164,improved,improved,unqualified
failed-only-best-6,165,regressed,regressed,unqualified
failed-only-best-6,166,improved,regressed,unqualified
failed-only-best-6,167,regressed,improved,unqualified
failed-only-best-6,168,regressed,regressed,unqualified
failed-only-recovery-10,1,improved,improved,unqualified
failed-only-recovery-10,2,improved,improved,unqualified
failed-only-recovery-10,3,regressed,improved,unqualified
failed-only-recovery-10,4,improved,improved,unqualified
failed-only-recovery-10,5,improved,regressed,unqualified
failed-only-recovery-10,6,regressed,improved,unqualified
failed-only-recovery-10,7,regressed,improved,unqualified
failed-only-recovery-10,8,improved,regressed,unqualified
failed-only-recovery-10,9,improved,improved,unqualified
failed-only-recovery-10,10,regressed,regressed,unqualified
failed-only-recovery-10,11,regressed,regressed,unqualified
failed-only-recovery-10,12,improved,improved,unqualified
failed-only-recovery-10,13,regressed,regressed,unqualified
failed-only-recovery-10,14,improved,regressed,unqualified
failed-only-recovery-10,15,regressed,improved,unqualified
failed-only-recovery-10,16,regressed,improved,unqualified
failed-only-recovery-10,17,improved,regressed,unqualified
failed-only-recovery-10,18,improved,regressed,unqualified
failed-only-recovery-10,19,regressed,regressed,unqualified
failed-only-recovery-10,20,improved,regressed,unqualified
failed-only-recovery-10,21,improved,improved,unqualified
failed-only-recovery-10,22,improved,improved,unqualified
failed-only-recovery-10,23,regressed,improved,unqualified
failed-only-recovery-10,24,improved,improved,unqualified
failed-only-recovery-10,25,regressed,improved,unqualified
failed-only-recovery-10,26,regressed,improved,unqualified
failed-only-recovery-10,27,regressed,improved,unqualified
failed-only-recovery-10,28,improved,regressed,unqualified
failed-only-recovery-10,29,improved,regressed,unqualified
failed-only-recovery-10,30,improved,regressed,unqualified
failed-only-recovery-10,31,regressed,regressed,unqualified
failed-only-recovery-10,32,regressed,improved,unqualified
failed-only-recovery-10,33,regressed,improved,unqualified
failed-only-recovery-10,34,improved,regressed,unqualified
failed-only-recovery-10,35,regressed,improved,unqualified
failed-only-recovery-10,36,improved,improved,unqualified
failed-only-recovery-10,37,regressed,improved,unqualified
failed-only-recovery-10,38,regressed,regressed,unqualified
failed-only-recovery-10,39,regressed,improved,unqualified
failed-only-recovery-10,40,regressed,improved,unqualified
failed-only-recovery-10,41,regressed,regressed,unqualified
failed-only-recovery-10,42,improved,improved,unqualified
failed-only-recovery-10,43,regressed,regressed,unqualified
failed-only-recovery-10,44,regressed,improved,unqualified
failed-only-recovery-10,45,improved,regressed,unqualified
failed-only-recovery-10,46,regressed,regressed,unqualified
failed-only-recovery-10,47,improved,improved,unqualified
failed-only-recovery-10,48,improved,improved,unqualified
failed-only-recovery-10,49,improved,regressed,unqualified
failed-only-recovery-10,50,regressed,improved,unqualified
failed-only-recovery-10,51,regressed,regressed,unqualified
failed-only-recovery-10,52,improved,regressed,unqualified
failed-only-recovery-10,53,regressed,regressed,unqualified
failed-only-recovery-10,54,improved,regressed,unqualified
failed-only-recovery-10,55,regressed,improved,unqualified
failed-only-recovery-10,56,improved,improved,unqualified
failed-only-recovery-10,57,improved,regressed,unqualified
failed-only-recovery-10,58,improved,improved,unqualified
failed-only-recovery-10,59,improved,regressed,unqualified
failed-only-recovery-10,60,regressed,improved,unqualified
failed-only-recovery-10,61,regressed,improved,unqualified
failed-only-recovery-10,62,regressed,improved,unqualified
failed-only-recovery-10,63,regressed,improved,unqualified
failed-only-recovery-10,64,improved,improved,unqualified
failed-only-recovery-10,65,regressed,regressed,unqualified
failed-only-recovery-10,66,improved,regressed,unqualified
failed-only-recovery-10,67,improved,improved,unqualified
failed-only-recovery-10,68,regressed,regressed,unqualified
failed-only-recovery-10,69,regressed,improved,unqualified
failed-only-recovery-10,70,improved,improved,unqualified
failed-only-recovery-10,71,improved,regressed,unqualified
failed-only-recovery-10,72,improved,improved,unqualified
failed-only-recovery-10,73,regressed,improved,unqualified
failed-only-recovery-10,74,improved,improved,unqualified
failed-only-recovery-10,75,regressed,improved,unqualified
failed-only-recovery-10,76,improved,regressed,unqualified
failed-only-recovery-10,77,regressed,improved,unqualified
failed-only-recovery-10,78,improved,improved,unqualified
failed-only-recovery-10,79,improved,regressed,unqualified
failed-only-recovery-10,80,improved,improved,unqualified
failed-only-recovery-10,81,regressed,regressed,unqualified
failed-only-recovery-10,82,improved,improved,unqualified
failed-only-recovery-10,83,regressed,regressed,unqualified
failed-only-recovery-10,84,improved,improved,unqualified
failed-only-recovery-10,85,improved,improved,unqualified
failed-only-recovery-10,86,improved,regressed,unqualified
failed-only-recovery-10,87,regressed,regressed,unqualified
failed-only-recovery-10,88,improved,improved,unqualified
failed-only-recovery-10,89,improved,improved,unqualified
failed-only-recovery-10,90,regressed,improved,unqualified
failed-only-recovery-10,91,improved,improved,unqualified
failed-only-recovery-10,92,improved,improved,unqualified
failed-only-recovery-10,93,regressed,improved,unqualified
failed-only-recovery-10,94,improved,regressed,unqualified
failed-only-recovery-10,95,regressed,regressed,unqualified
failed-only-recovery-10,96,regressed,regressed,unqualified
failed-only-recovery-10,97,improved,regressed,unqualified
failed-only-recovery-10,98,regressed,improved,unqualified
failed-only-recovery-10,99,improved,regressed,unqualified
failed-only-recovery-10,100,improved,regressed,unqualified
failed-only-recovery-10,101,regressed,improved,unqualified
failed-only-recovery-10,102,regressed,regressed,unqualified
failed-only-recovery-10,103,improved,improved,unqualified
failed-only-recovery-10,104,improved,regressed,unqualified
failed-only-recovery-10,105,improved,improved,unqualified
failed-only-recovery-10,106,regressed,regressed,unqualified
failed-only-recovery-10,107,improved,improved,unqualified
failed-only-recovery-10,108,improved,improved,unqualified
failed-only-recovery-10,109,improved,regressed,unqualified
failed-only-recovery-10,110,improved,improved,unqualified
failed-only-recovery-10,111,regressed,regressed,unqualified
failed-only-recovery-10,112,improved,regressed,unqualified
failed-only-recovery-10,113,regressed,improved,unqualified
failed-only-recovery-10,114,improved,regressed,unqualified
failed-only-recovery-10,115,improved,regressed,unqualified
failed-only-recovery-10,116,regressed,improved,unqualified
failed-only-recovery-10,117,improved,improved,unqualified
failed-only-recovery-10,118,improved,regressed,unqualified
failed-only-recovery-10,119,improved,improved,unqualified
failed-only-recovery-10,120,regressed,regressed,unqualified
failed-only-recovery-10,121,improved,improved,unqualified
failed-only-recovery-10,122,improved,regressed,unqualified
failed-only-recovery-10,123,regressed,regressed,unqualified
failed-only-recovery-10,124,regressed,improved,unqualified
failed-only-recovery-10,125,improved,improved,unqualified
failed-only-recovery-10,126,regressed,improved,unqualified
failed-only-recovery-10,127,improved,improved,unqualified
failed-only-recovery-10,128,regressed,improved,unqualified
failed-only-recovery-10,129,improved,improved,unqualified
failed-only-recovery-10,130,regressed,improved,unqualified
failed-only-recovery-10,131,improved,improved,unqualified
failed-only-recovery-10,132,regressed,regressed,unqualified
failed-only-recovery-10,133,improved,improved,unqualified
failed-only-recovery-10,134,improved,improved,unqualified
failed-only-recovery-10,135,regressed,regressed,unqualified
failed-only-recovery-10,136,improved,improved,unqualified
failed-only-recovery-10,137,improved,improved,unqualified
failed-only-recovery-10,138,improved,improved,unqualified
failed-only-recovery-10,139,improved,improved,unqualified
failed-only-recovery-10,140,regressed,regressed,unqualified
failed-only-recovery-10,141,regressed,regressed,unqualified
failed-only-recovery-10,142,regressed,regressed,unqualified
failed-only-recovery-10,143,improved,improved,unqualified
failed-only-recovery-10,144,improved,regressed,unqualified
failed-only-recovery-10,145,regressed,improved,unqualified
failed-only-recovery-10,146,improved,improved,unqualified
failed-only-recovery-10,147,improved,regressed,unqualified
failed-only-recovery-10,148,improved,regressed,unqualified
failed-only-recovery-10,149,regressed,improved,unqualified
failed-only-recovery-10,150,regressed,regressed,unqualified
failed-only-recovery-10,151,improved,improved,unqualified
failed-only-recovery-10,152,improved,improved,unqualified
failed-only-recovery-10,153,improved,improved,unqualified
failed-only-recovery-10,154,regressed,regressed,unqualified
failed-only-recovery-10,155,improved,improved,unqualified
failed-only-recovery-10,156,regressed,regressed,unqualified
failed-only-recovery-10,157,improved,improved,unqualified
failed-only-recovery-10,158,improved,regressed,unqualified
failed-only-recovery-10,159,improved,regressed,unqualified
failed-only-recovery-10,160,improved,improved,unqualified
failed-only-recovery-10,161,regressed,improved,unqualified
failed-only-recovery-10,162,regressed,improved,unqualified
failed-only-recovery-10,163,improved,improved,unqualified
failed-only-recovery-10,164,improved,improved,unqualified
failed-only-recovery-10,165,regressed,regressed,unqualified
failed-only-recovery-10,166,improved,regressed,unqualified
failed-only-recovery-10,167,regressed,regressed,unqualified
failed-only-recovery-10,168,regressed,regressed,unqualified
failed-only-recovery-11,1,improved,unqualified,unqualified
failed-only-recovery-11,2,improved,improved,unqualified
failed-only-recovery-11,3,regressed,improved,unqualified
failed-only-recovery-11,4,improved,improved,unqualified
failed-only-recovery-11,5,improved,improved,unqualified
failed-only-recovery-11,6,regressed,improved,unqualified
failed-only-recovery-11,7,regressed,improved,unqualified
failed-only-recovery-11,8,improved,regressed,unqualified
failed-only-recovery-11,9,improved,improved,unqualified
failed-only-recovery-11,10,regressed,regressed,unqualified
failed-only-recovery-11,11,regressed,regressed,unqualified
failed-only-recovery-11,12,improved,improved,unqualified
failed-only-recovery-11,13,regressed,regressed,unqualified
failed-only-recovery-11,14,improved,improved,unqualified
failed-only-recovery-11,15,regressed,improved,unqualified
failed-only-recovery-11,16,regressed,improved,unqualified
failed-only-recovery-11,17,improved,regressed,unqualified
failed-only-recovery-11,18,improved,regressed,unqualified
failed-only-recovery-11,19,regressed,regressed,unqualified
failed-only-recovery-11,20,improved,improved,unqualified
failed-only-recovery-11,21,improved,improved,unqualified
failed-only-recovery-11,22,improved,improved,unqualified
failed-only-recovery-11,23,regressed,improved,unqualified
failed-only-recovery-11,24,improved,improved,unqualified
failed-only-recovery-11,25,regressed,improved,unqualified
failed-only-recovery-11,26,regressed,improved,unqualified
failed-only-recovery-11,27,regressed,improved,unqualified
failed-only-recovery-11,28,improved,regressed,unqualified
failed-only-recovery-11,29,improved,regressed,unqualified
failed-only-recovery-11,30,improved,regressed,unqualified
failed-only-recovery-11,31,regressed,regressed,unqualified
failed-only-recovery-11,32,regressed,improved,unqualified
failed-only-recovery-11,33,regressed,improved,unqualified
failed-only-recovery-11,34,improved,regressed,unqualified
failed-only-recovery-11,35,regressed,improved,unqualified
failed-only-recovery-11,36,improved,improved,unqualified
failed-only-recovery-11,37,regressed,improved,unqualified
failed-only-recovery-11,38,regressed,regressed,unqualified
failed-only-recovery-11,39,regressed,improved,unqualified
failed-only-recovery-11,40,regressed,improved,unqualified
failed-only-recovery-11,41,regressed,regressed,unqualified
failed-only-recovery-11,42,regressed,improved,unqualified
failed-only-recovery-11,43,regressed,regressed,unqualified
failed-only-recovery-11,44,regressed,regressed,unqualified
failed-only-recovery-11,45,improved,improved,unqualified
failed-only-recovery-11,46,regressed,regressed,unqualified
failed-only-recovery-11,47,improved,improved,unqualified
failed-only-recovery-11,48,improved,improved,unqualified
failed-only-recovery-11,49,improved,improved,unqualified
failed-only-recovery-11,50,regressed,improved,unqualified
failed-only-recovery-11,51,regressed,regressed,unqualified
failed-only-recovery-11,52,improved,regressed,unqualified
failed-only-recovery-11,53,regressed,regressed,unqualified
failed-only-recovery-11,54,improved,regressed,unqualified
failed-only-recovery-11,55,regressed,improved,unqualified
failed-only-recovery-11,56,improved,improved,unqualified
failed-only-recovery-11,57,improved,improved,unqualified
failed-only-recovery-11,58,improved,improved,unqualified
failed-only-recovery-11,59,improved,regressed,unqualified
failed-only-recovery-11,60,regressed,improved,unqualified
failed-only-recovery-11,61,regressed,improved,unqualified
failed-only-recovery-11,62,regressed,improved,unqualified
failed-only-recovery-11,63,improved,improved,unqualified
failed-only-recovery-11,64,improved,improved,unqualified
failed-only-recovery-11,65,regressed,regressed,unqualified
failed-only-recovery-11,66,improved,regressed,unqualified
failed-only-recovery-11,67,improved,improved,unqualified
failed-only-recovery-11,68,regressed,regressed,unqualified
failed-only-recovery-11,69,regressed,improved,unqualified
failed-only-recovery-11,70,improved,improved,unqualified
failed-only-recovery-11,71,improved,improved,unqualified
failed-only-recovery-11,72,improved,improved,unqualified
failed-only-recovery-11,73,regressed,improved,unqualified
failed-only-recovery-11,74,improved,improved,unqualified
failed-only-recovery-11,75,regressed,improved,unqualified
failed-only-recovery-11,76,improved,regressed,unqualified
failed-only-recovery-11,77,regressed,improved,unqualified
failed-only-recovery-11,78,improved,improved,unqualified
failed-only-recovery-11,79,improved,regressed,unqualified
failed-only-recovery-11,80,improved,improved,unqualified
failed-only-recovery-11,81,regressed,improved,unqualified
failed-only-recovery-11,82,improved,improved,unqualified
failed-only-recovery-11,83,regressed,regressed,unqualified
failed-only-recovery-11,84,improved,improved,unqualified
failed-only-recovery-11,85,improved,improved,unqualified
failed-only-recovery-11,86,improved,regressed,unqualified
failed-only-recovery-11,87,regressed,regressed,unqualified
failed-only-recovery-11,88,improved,improved,unqualified
failed-only-recovery-11,89,improved,improved,unqualified
failed-only-recovery-11,90,regressed,improved,unqualified
failed-only-recovery-11,91,improved,improved,unqualified
failed-only-recovery-11,92,improved,improved,unqualified
failed-only-recovery-11,93,regressed,improved,unqualified
failed-only-recovery-11,94,improved,unqualified,unqualified
failed-only-recovery-11,95,regressed,regressed,unqualified
failed-only-recovery-11,96,regressed,regressed,unqualified
failed-only-recovery-11,97,improved,regressed,unqualified
failed-only-recovery-11,98,regressed,regressed,unqualified
failed-only-recovery-11,99,regressed,regressed,unqualified
failed-only-recovery-11,100,improved,regressed,unqualified
failed-only-recovery-11,101,regressed,improved,unqualified
failed-only-recovery-11,102,regressed,regressed,unqualified
failed-only-recovery-11,103,improved,improved,unqualified
failed-only-recovery-11,104,improved,regressed,unqualified
failed-only-recovery-11,105,improved,improved,unqualified
failed-only-recovery-11,106,regressed,regressed,unqualified
failed-only-recovery-11,107,improved,improved,unqualified
failed-only-recovery-11,108,improved,improved,unqualified
failed-only-recovery-11,109,improved,regressed,unqualified
failed-only-recovery-11,110,improved,improved,unqualified
failed-only-recovery-11,111,regressed,regressed,unqualified
failed-only-recovery-11,112,improved,regressed,unqualified
failed-only-recovery-11,113,regressed,improved,unqualified
failed-only-recovery-11,114,regressed,regressed,unqualified
failed-only-recovery-11,115,improved,improved,unqualified
failed-only-recovery-11,116,regressed,improved,unqualified
failed-only-recovery-11,117,improved,improved,unqualified
failed-only-recovery-11,118,improved,regressed,unqualified
failed-only-recovery-11,119,improved,improved,unqualified
failed-only-recovery-11,120,regressed,regressed,unqualified
failed-only-recovery-11,121,improved,improved,unqualified
failed-only-recovery-11,122,improved,regressed,unqualified
failed-only-recovery-11,123,regressed,improved,unqualified
failed-only-recovery-11,124,regressed,improved,unqualified
failed-only-recovery-11,125,regressed,improved,unqualified
failed-only-recovery-11,126,regressed,improved,unqualified
failed-only-recovery-11,127,improved,improved,unqualified
failed-only-recovery-11,128,improved,improved,unqualified
failed-only-recovery-11,129,improved,improved,unqualified
failed-only-recovery-11,130,regressed,regressed,unqualified
failed-only-recovery-11,131,improved,improved,unqualified
failed-only-recovery-11,132,regressed,regressed,unqualified
failed-only-recovery-11,133,improved,improved,unqualified
failed-only-recovery-11,134,improved,improved,unqualified
failed-only-recovery-11,135,improved,regressed,unqualified
failed-only-recovery-11,136,improved,improved,unqualified
failed-only-recovery-11,137,improved,improved,unqualified
failed-only-recovery-11,138,improved,improved,unqualified
failed-only-recovery-11,139,improved,improved,unqualified
failed-only-recovery-11,140,regressed,regressed,unqualified
failed-only-recovery-11,141,regressed,regressed,unqualified
failed-only-recovery-11,142,regressed,regressed,unqualified
failed-only-recovery-11,143,improved,improved,unqualified
failed-only-recovery-11,144,regressed,regressed,unqualified
failed-only-recovery-11,145,regressed,improved,unqualified
failed-only-recovery-11,146,improved,improved,unqualified
failed-only-recovery-11,147,improved,regressed,unqualified
failed-only-recovery-11,148,improved,regressed,unqualified
failed-only-recovery-11,149,regressed,improved,unqualified
failed-only-recovery-11,150,regressed,regressed,unqualified
failed-only-recovery-11,151,improved,improved,unqualified
failed-only-recovery-11,152,improved,improved,unqualified
failed-only-recovery-11,153,improved,improved,unqualified
failed-only-recovery-11,154,regressed,regressed,unqualified
failed-only-recovery-11,155,improved,improved,unqualified
failed-only-recovery-11,156,regressed,regressed,unqualified
failed-only-recovery-11,157,improved,improved,unqualified
failed-only-recovery-11,158,improved,regressed,unqualified
failed-only-recovery-11,159,improved,regressed,unqualified
failed-only-recovery-11,160,improved,improved,unqualified
failed-only-recovery-11,161,regressed,improved,unqualified
failed-only-recovery-11,162,regressed,improved,unqualified
failed-only-recovery-11,163,improved,improved,unqualified
failed-only-recovery-11,164,improved,improved,unqualified
failed-only-recovery-11,165,regressed,regressed,unqualified
failed-only-recovery-11,166,improved,regressed,unqualified
failed-only-recovery-11,167,regressed,improved,unqualified
failed-only-recovery-11,168,regressed,regressed,unqualified
failed-only-recovery-12,1,improved,unqualified,unqualified
failed-only-recovery-12,2,improved,improved,unqualified
failed-only-recovery-12,3,regressed,improved,unqualified
failed-only-recovery-12,4,improved,improved,unqualified
failed-only-recovery-12,5,improved,improved,unqualified
failed-only-recovery-12,6,regressed,improved,unqualified
failed-only-recovery-12,7,regressed,improved,unqualified
failed-only-recovery-12,8,improved,regressed,unqualified
failed-only-recovery-12,9,improved,improved,unqualified
failed-only-recovery-12,10,regressed,regressed,unqualified
failed-only-recovery-12,11,regressed,regressed,unqualified
failed-only-recovery-12,12,improved,improved,unqualified
failed-only-recovery-12,13,regressed,regressed,unqualified
failed-only-recovery-12,14,improved,improved,unqualified
failed-only-recovery-12,15,regressed,improved,unqualified
failed-only-recovery-12,16,regressed,improved,unqualified
failed-only-recovery-12,17,improved,regressed,unqualified
failed-only-recovery-12,18,improved,regressed,unqualified
failed-only-recovery-12,19,regressed,regressed,unqualified
failed-only-recovery-12,20,improved,improved,unqualified
failed-only-recovery-12,21,improved,improved,unqualified
failed-only-recovery-12,22,improved,improved,unqualified
failed-only-recovery-12,23,regressed,improved,unqualified
failed-only-recovery-12,24,improved,improved,unqualified
failed-only-recovery-12,25,regressed,improved,unqualified
failed-only-recovery-12,26,regressed,improved,unqualified
failed-only-recovery-12,27,regressed,improved,unqualified
failed-only-recovery-12,28,improved,regressed,unqualified
failed-only-recovery-12,29,improved,regressed,unqualified
failed-only-recovery-12,30,improved,regressed,unqualified
failed-only-recovery-12,31,regressed,regressed,unqualified
failed-only-recovery-12,32,regressed,improved,unqualified
failed-only-recovery-12,33,regressed,improved,unqualified
failed-only-recovery-12,34,improved,regressed,unqualified
failed-only-recovery-12,35,regressed,improved,unqualified
failed-only-recovery-12,36,regressed,improved,unqualified
failed-only-recovery-12,37,regressed,improved,unqualified
failed-only-recovery-12,38,regressed,regressed,unqualified
failed-only-recovery-12,39,regressed,improved,unqualified
failed-only-recovery-12,40,regressed,improved,unqualified
failed-only-recovery-12,41,regressed,regressed,unqualified
failed-only-recovery-12,42,regressed,improved,unqualified
failed-only-recovery-12,43,regressed,regressed,unqualified
failed-only-recovery-12,44,regressed,regressed,unqualified
failed-only-recovery-12,45,improved,improved,unqualified
failed-only-recovery-12,46,regressed,regressed,unqualified
failed-only-recovery-12,47,improved,improved,unqualified
failed-only-recovery-12,48,improved,improved,unqualified
failed-only-recovery-12,49,improved,improved,unqualified
failed-only-recovery-12,50,regressed,improved,unqualified
failed-only-recovery-12,51,regressed,regressed,unqualified
failed-only-recovery-12,52,improved,regressed,unqualified
failed-only-recovery-12,53,regressed,regressed,unqualified
failed-only-recovery-12,54,improved,regressed,unqualified
failed-only-recovery-12,55,regressed,improved,unqualified
failed-only-recovery-12,56,improved,improved,unqualified
failed-only-recovery-12,57,improved,improved,unqualified
failed-only-recovery-12,58,improved,improved,unqualified
failed-only-recovery-12,59,improved,regressed,unqualified
failed-only-recovery-12,60,regressed,improved,unqualified
failed-only-recovery-12,61,regressed,improved,unqualified
failed-only-recovery-12,62,regressed,improved,unqualified
failed-only-recovery-12,63,improved,improved,unqualified
failed-only-recovery-12,64,improved,improved,unqualified
failed-only-recovery-12,65,regressed,regressed,unqualified
failed-only-recovery-12,66,improved,regressed,unqualified
failed-only-recovery-12,67,improved,improved,unqualified
failed-only-recovery-12,68,regressed,regressed,unqualified
failed-only-recovery-12,69,regressed,improved,unqualified
failed-only-recovery-12,70,improved,improved,unqualified
failed-only-recovery-12,71,improved,improved,unqualified
failed-only-recovery-12,72,improved,improved,unqualified
failed-only-recovery-12,73,regressed,improved,unqualified
failed-only-recovery-12,74,improved,improved,unqualified
failed-only-recovery-12,75,regressed,improved,unqualified
failed-only-recovery-12,76,improved,regressed,unqualified
failed-only-recovery-12,77,regressed,improved,unqualified
failed-only-recovery-12,78,improved,improved,unqualified
failed-only-recovery-12,79,improved,regressed,unqualified
failed-only-recovery-12,80,improved,improved,unqualified
failed-only-recovery-12,81,regressed,regressed,unqualified
failed-only-recovery-12,82,improved,improved,unqualified
failed-only-recovery-12,83,regressed,regressed,unqualified
failed-only-recovery-12,84,improved,improved,unqualified
failed-only-recovery-12,85,improved,regressed,unqualified
failed-only-recovery-12,86,improved,regressed,unqualified
failed-only-recovery-12,87,regressed,regressed,unqualified
failed-only-recovery-12,88,improved,improved,unqualified
failed-only-recovery-12,89,improved,improved,unqualified
failed-only-recovery-12,90,regressed,improved,unqualified
failed-only-recovery-12,91,improved,improved,unqualified
failed-only-recovery-12,92,improved,improved,unqualified
failed-only-recovery-12,93,regressed,improved,unqualified
failed-only-recovery-12,94,improved,improved,unqualified
failed-only-recovery-12,95,regressed,regressed,unqualified
failed-only-recovery-12,96,regressed,regressed,unqualified
failed-only-recovery-12,97,improved,regressed,unqualified
failed-only-recovery-12,98,regressed,regressed,unqualified
failed-only-recovery-12,99,regressed,regressed,unqualified
failed-only-recovery-12,100,improved,regressed,unqualified
failed-only-recovery-12,101,regressed,improved,unqualified
failed-only-recovery-12,102,regressed,regressed,unqualified
failed-only-recovery-12,103,improved,improved,unqualified
failed-only-recovery-12,104,improved,regressed,unqualified
failed-only-recovery-12,105,improved,improved,unqualified
failed-only-recovery-12,106,regressed,regressed,unqualified
failed-only-recovery-12,107,improved,improved,unqualified
failed-only-recovery-12,108,improved,improved,unqualified
failed-only-recovery-12,109,improved,regressed,unqualified
failed-only-recovery-12,110,improved,improved,unqualified
failed-only-recovery-12,111,regressed,regressed,unqualified
failed-only-recovery-12,112,improved,regressed,unqualified
failed-only-recovery-12,113,regressed,improved,unqualified
failed-only-recovery-12,114,regressed,regressed,unqualified
failed-only-recovery-12,115,regressed,improved,unqualified
failed-only-recovery-12,116,regressed,improved,unqualified
failed-only-recovery-12,117,improved,improved,unqualified
failed-only-recovery-12,118,improved,regressed,unqualified
failed-only-recovery-12,119,improved,improved,unqualified
failed-only-recovery-12,120,regressed,regressed,unqualified
failed-only-recovery-12,121,improved,improved,unqualified
failed-only-recovery-12,122,improved,regressed,unqualified
failed-only-recovery-12,123,regressed,improved,unqualified
failed-only-recovery-12,124,regressed,improved,unqualified
failed-only-recovery-12,125,regressed,improved,unqualified
failed-only-recovery-12,126,improved,improved,unqualified
failed-only-recovery-12,127,improved,improved,unqualified
failed-only-recovery-12,128,improved,improved,unqualified
failed-only-recovery-12,129,improved,improved,unqualified
failed-only-recovery-12,130,regressed,regressed,unqualified
failed-only-recovery-12,131,improved,improved,unqualified
failed-only-recovery-12,132,regressed,regressed,unqualified
failed-only-recovery-12,133,improved,improved,unqualified
failed-only-recovery-12,134,improved,improved,unqualified
failed-only-recovery-12,135,improved,regressed,unqualified
failed-only-recovery-12,136,improved,improved,unqualified
failed-only-recovery-12,137,improved,improved,unqualified
failed-only-recovery-12,138,improved,improved,unqualified
failed-only-recovery-12,139,improved,improved,unqualified
failed-only-recovery-12,140,regressed,regressed,unqualified
failed-only-recovery-12,141,regressed,regressed,unqualified
failed-only-recovery-12,142,regressed,regressed,unqualified
failed-only-recovery-12,143,improved,improved,unqualified
failed-only-recovery-12,144,regressed,regressed,unqualified
failed-only-recovery-12,145,improved,improved,unqualified
failed-only-recovery-12,146,improved,improved,unqualified
failed-only-recovery-12,147,improved,regressed,unqualified
failed-only-recovery-12,148,improved,regressed,unqualified
failed-only-recovery-12,149,regressed,improved,unqualified
failed-only-recovery-12,150,regressed,regressed,unqualified
failed-only-recovery-12,151,improved,improved,unqualified
failed-only-recovery-12,152,improved,improved,unqualified
failed-only-recovery-12,153,improved,improved,unqualified
failed-only-recovery-12,154,regressed,regressed,unqualified
failed-only-recovery-12,155,improved,improved,unqualified
failed-only-recovery-12,156,regressed,regressed,unqualified
failed-only-recovery-12,157,improved,improved,unqualified
failed-only-recovery-12,158,improved,regressed,unqualified
failed-only-recovery-12,159,improved,regressed,unqualified
failed-only-recovery-12,160,improved,improved,unqualified
failed-only-recovery-12,161,regressed,improved,unqualified
failed-only-recovery-12,162,regressed,improved,unqualified
failed-only-recovery-12,163,improved,improved,unqualified
failed-only-recovery-12,164,improved,improved,unqualified
failed-only-recovery-12,165,regressed,regressed,unqualified
failed-only-recovery-12,166,improved,regressed,unqualified
failed-only-recovery-12,167,improved,improved,unqualified
failed-only-recovery-12,168,regressed,regressed,unqualified
failed-only-recovery-13,1,improved,unqualified,unqualified
failed-only-recovery-13,2,improved,improved,unqualified
failed-only-recovery-13,3,regressed,improved,unqualified
failed-only-recovery-13,4,improved,improved,unqualified
failed-only-recovery-13,5,improved,improved,unqualified
failed-only-recovery-13,6,regressed,improved,unqualified
failed-only-recovery-13,7,regressed,improved,unqualified
failed-only-recovery-13,8,improved,regressed,unqualified
failed-only-recovery-13,9,improved,improved,unqualified
failed-only-recovery-13,10,regressed,regressed,unqualified
failed-only-recovery-13,11,regressed,regressed,unqualified
failed-only-recovery-13,12,improved,improved,unqualified
failed-only-recovery-13,13,regressed,regressed,unqualified
failed-only-recovery-13,14,improved,improved,unqualified
failed-only-recovery-13,15,regressed,improved,unqualified
failed-only-recovery-13,16,regressed,improved,unqualified
failed-only-recovery-13,17,improved,regressed,unqualified
failed-only-recovery-13,18,improved,regressed,unqualified
failed-only-recovery-13,19,regressed,regressed,unqualified
failed-only-recovery-13,20,improved,improved,unqualified
failed-only-recovery-13,21,improved,improved,unqualified
failed-only-recovery-13,22,improved,improved,unqualified
failed-only-recovery-13,23,regressed,improved,unqualified
failed-only-recovery-13,24,improved,improved,unqualified
failed-only-recovery-13,25,regressed,improved,unqualified
failed-only-recovery-13,26,regressed,improved,unqualified
failed-only-recovery-13,27,regressed,improved,unqualified
failed-only-recovery-13,28,improved,regressed,unqualified
failed-only-recovery-13,29,improved,regressed,unqualified
failed-only-recovery-13,30,improved,regressed,unqualified
failed-only-recovery-13,31,regressed,regressed,unqualified
failed-only-recovery-13,32,regressed,improved,unqualified
failed-only-recovery-13,33,regressed,improved,unqualified
failed-only-recovery-13,34,improved,regressed,unqualified
failed-only-recovery-13,35,regressed,improved,unqualified
failed-only-recovery-13,36,regressed,improved,unqualified
failed-only-recovery-13,37,regressed,improved,unqualified
failed-only-recovery-13,38,regressed,regressed,unqualified
failed-only-recovery-13,39,regressed,improved,unqualified
failed-only-recovery-13,40,regressed,improved,unqualified
failed-only-recovery-13,41,improved,regressed,unqualified
failed-only-recovery-13,42,regressed,improved,unqualified
failed-only-recovery-13,43,regressed,regressed,unqualified
failed-only-recovery-13,44,regressed,regressed,unqualified
failed-only-recovery-13,45,improved,improved,unqualified
failed-only-recovery-13,46,regressed,regressed,unqualified
failed-only-recovery-13,47,improved,improved,unqualified
failed-only-recovery-13,48,improved,improved,unqualified
failed-only-recovery-13,49,improved,improved,unqualified
failed-only-recovery-13,50,regressed,improved,unqualified
failed-only-recovery-13,51,regressed,regressed,unqualified
failed-only-recovery-13,52,improved,regressed,unqualified
failed-only-recovery-13,53,regressed,regressed,unqualified
failed-only-recovery-13,54,improved,regressed,unqualified
failed-only-recovery-13,55,regressed,improved,unqualified
failed-only-recovery-13,56,improved,improved,unqualified
failed-only-recovery-13,57,improved,improved,unqualified
failed-only-recovery-13,58,improved,improved,unqualified
failed-only-recovery-13,59,improved,regressed,unqualified
failed-only-recovery-13,60,regressed,improved,unqualified
failed-only-recovery-13,61,regressed,improved,unqualified
failed-only-recovery-13,62,regressed,improved,unqualified
failed-only-recovery-13,63,improved,improved,unqualified
failed-only-recovery-13,64,improved,improved,unqualified
failed-only-recovery-13,65,regressed,regressed,unqualified
failed-only-recovery-13,66,improved,regressed,unqualified
failed-only-recovery-13,67,improved,improved,unqualified
failed-only-recovery-13,68,regressed,regressed,unqualified
failed-only-recovery-13,69,regressed,improved,unqualified
failed-only-recovery-13,70,improved,improved,unqualified
failed-only-recovery-13,71,improved,improved,unqualified
failed-only-recovery-13,72,improved,improved,unqualified
failed-only-recovery-13,73,regressed,improved,unqualified
failed-only-recovery-13,74,improved,improved,unqualified
failed-only-recovery-13,75,regressed,improved,unqualified
failed-only-recovery-13,76,improved,regressed,unqualified
failed-only-recovery-13,77,regressed,improved,unqualified
failed-only-recovery-13,78,improved,improved,unqualified
failed-only-recovery-13,79,improved,regressed,unqualified
failed-only-recovery-13,80,improved,improved,unqualified
failed-only-recovery-13,81,regressed,regressed,unqualified
failed-only-recovery-13,82,improved,improved,unqualified
failed-only-recovery-13,83,regressed,regressed,unqualified
failed-only-recovery-13,84,improved,improved,unqualified
failed-only-recovery-13,85,improved,regressed,unqualified
failed-only-recovery-13,86,improved,regressed,unqualified
failed-only-recovery-13,87,regressed,regressed,unqualified
failed-only-recovery-13,88,improved,improved,unqualified
failed-only-recovery-13,89,improved,improved,unqualified
failed-only-recovery-13,90,regressed,improved,unqualified
failed-only-recovery-13,91,improved,improved,unqualified
failed-only-recovery-13,92,improved,improved,unqualified
failed-only-recovery-13,93,regressed,improved,unqualified
failed-only-recovery-13,94,improved,improved,unqualified
failed-only-recovery-13,95,regressed,regressed,unqualified
failed-only-recovery-13,96,regressed,regressed,unqualified
failed-only-recovery-13,97,improved,regressed,unqualified
failed-only-recovery-13,98,regressed,regressed,unqualified
failed-only-recovery-13,99,regressed,regressed,unqualified
failed-only-recovery-13,100,improved,regressed,unqualified
failed-only-recovery-13,101,regressed,improved,unqualified
failed-only-recovery-13,102,regressed,regressed,unqualified
failed-only-recovery-13,103,improved,improved,unqualified
failed-only-recovery-13,104,improved,regressed,unqualified
failed-only-recovery-13,105,improved,improved,unqualified
failed-only-recovery-13,106,regressed,regressed,unqualified
failed-only-recovery-13,107,improved,improved,unqualified
failed-only-recovery-13,108,improved,improved,unqualified
failed-only-recovery-13,109,improved,regressed,unqualified
failed-only-recovery-13,110,improved,improved,unqualified
failed-only-recovery-13,111,regressed,regressed,unqualified
failed-only-recovery-13,112,improved,regressed,unqualified
failed-only-recovery-13,113,regressed,improved,unqualified
failed-only-recovery-13,114,regressed,regressed,unqualified
failed-only-recovery-13,115,regressed,improved,unqualified
failed-only-recovery-13,116,regressed,improved,unqualified
failed-only-recovery-13,117,improved,improved,unqualified
failed-only-recovery-13,118,improved,regressed,unqualified
failed-only-recovery-13,119,improved,improved,unqualified
failed-only-recovery-13,120,regressed,regressed,unqualified
failed-only-recovery-13,121,improved,improved,unqualified
failed-only-recovery-13,122,improved,regressed,unqualified
failed-only-recovery-13,123,regressed,improved,unqualified
failed-only-recovery-13,124,regressed,improved,unqualified
failed-only-recovery-13,125,regressed,improved,unqualified
failed-only-recovery-13,126,improved,improved,unqualified
failed-only-recovery-13,127,improved,improved,unqualified
failed-only-recovery-13,128,improved,improved,unqualified
failed-only-recovery-13,129,improved,improved,unqualified
failed-only-recovery-13,130,regressed,regressed,unqualified
failed-only-recovery-13,131,improved,improved,unqualified
failed-only-recovery-13,132,regressed,regressed,unqualified
failed-only-recovery-13,133,improved,improved,unqualified
failed-only-recovery-13,134,improved,improved,unqualified
failed-only-recovery-13,135,improved,regressed,unqualified
failed-only-recovery-13,136,improved,improved,unqualified
failed-only-recovery-13,137,improved,improved,unqualified
failed-only-recovery-13,138,improved,improved,unqualified
failed-only-recovery-13,139,improved,improved,unqualified
failed-only-recovery-13,140,regressed,regressed,unqualified
failed-only-recovery-13,141,regressed,regressed,unqualified
failed-only-recovery-13,142,regressed,regressed,unqualified
failed-only-recovery-13,143,improved,improved,unqualified
failed-only-recovery-13,144,regressed,regressed,unqualified
failed-only-recovery-13,145,improved,improved,unqualified
failed-only-recovery-13,146,improved,improved,unqualified
failed-only-recovery-13,147,improved,regressed,unqualified
failed-only-recovery-13,148,improved,regressed,unqualified
failed-only-recovery-13,149,regressed,improved,unqualified
failed-only-recovery-13,150,regressed,regressed,unqualified
failed-only-recovery-13,151,improved,improved,unqualified
failed-only-recovery-13,152,improved,improved,unqualified
failed-only-recovery-13,153,regressed,improved,unqualified
failed-only-recovery-13,154,regressed,regressed,unqualified
failed-only-recovery-13,155,improved,improved,unqualified
failed-only-recovery-13,156,regressed,regressed,unqualified
failed-only-recovery-13,157,improved,improved,unqualified
failed-only-recovery-13,158,improved,regressed,unqualified
failed-only-recovery-13,159,improved,regressed,unqualified
failed-only-recovery-13,160,improved,improved,unqualified
failed-only-recovery-13,161,regressed,improved,unqualified
failed-only-recovery-13,162,regressed,improved,unqualified
failed-only-recovery-13,163,improved,improved,unqualified
failed-only-recovery-13,164,improved,improved,unqualified
failed-only-recovery-13,165,regressed,regressed,unqualified
failed-only-recovery-13,166,improved,regressed,unqualified
failed-only-recovery-13,167,improved,improved,unqualified
failed-only-recovery-13,168,regressed,regressed,unqualified
failed-only-recovery-14,1,improved,unqualified,unqualified
failed-only-recovery-14,2,improved,improved,unqualified
failed-only-recovery-14,3,regressed,improved,unqualified
failed-only-recovery-14,4,improved,improved,unqualified
failed-only-recovery-14,5,improved,improved,unqualified
failed-only-recovery-14,6,regressed,improved,unqualified
failed-only-recovery-14,7,regressed,improved,unqualified
failed-only-recovery-14,8,improved,regressed,unqualified
failed-only-recovery-14,9,improved,improved,unqualified
failed-only-recovery-14,10,regressed,regressed,unqualified
failed-only-recovery-14,11,regressed,regressed,unqualified
failed-only-recovery-14,12,improved,improved,unqualified
failed-only-recovery-14,13,regressed,regressed,unqualified
failed-only-recovery-14,14,improved,improved,unqualified
failed-only-recovery-14,15,regressed,improved,unqualified
failed-only-recovery-14,16,regressed,improved,unqualified
failed-only-recovery-14,17,improved,regressed,unqualified
failed-only-recovery-14,18,improved,regressed,unqualified
failed-only-recovery-14,19,regressed,regressed,unqualified
failed-only-recovery-14,20,improved,improved,unqualified
failed-only-recovery-14,21,improved,improved,unqualified
failed-only-recovery-14,22,improved,improved,unqualified
failed-only-recovery-14,23,regressed,improved,unqualified
failed-only-recovery-14,24,improved,improved,unqualified
failed-only-recovery-14,25,regressed,improved,unqualified
failed-only-recovery-14,26,regressed,improved,unqualified
failed-only-recovery-14,27,regressed,improved,unqualified
failed-only-recovery-14,28,improved,regressed,unqualified
failed-only-recovery-14,29,improved,regressed,unqualified
failed-only-recovery-14,30,improved,regressed,unqualified
failed-only-recovery-14,31,regressed,regressed,unqualified
failed-only-recovery-14,32,regressed,improved,unqualified
failed-only-recovery-14,33,regressed,improved,unqualified
failed-only-recovery-14,34,improved,regressed,unqualified
failed-only-recovery-14,35,regressed,improved,unqualified
failed-only-recovery-14,36,regressed,improved,unqualified
failed-only-recovery-14,37,regressed,improved,unqualified
failed-only-recovery-14,38,regressed,regressed,unqualified
failed-only-recovery-14,39,regressed,improved,unqualified
failed-only-recovery-14,40,regressed,improved,unqualified
failed-only-recovery-14,41,improved,regressed,unqualified
failed-only-recovery-14,42,regressed,improved,unqualified
failed-only-recovery-14,43,regressed,regressed,unqualified
failed-only-recovery-14,44,regressed,regressed,unqualified
failed-only-recovery-14,45,improved,improved,unqualified
failed-only-recovery-14,46,regressed,regressed,unqualified
failed-only-recovery-14,47,improved,improved,unqualified
failed-only-recovery-14,48,improved,improved,unqualified
failed-only-recovery-14,49,improved,improved,unqualified
failed-only-recovery-14,50,regressed,improved,unqualified
failed-only-recovery-14,51,regressed,regressed,unqualified
failed-only-recovery-14,52,improved,regressed,unqualified
failed-only-recovery-14,53,regressed,regressed,unqualified
failed-only-recovery-14,54,improved,regressed,unqualified
failed-only-recovery-14,55,regressed,improved,unqualified
failed-only-recovery-14,56,improved,improved,unqualified
failed-only-recovery-14,57,improved,improved,unqualified
failed-only-recovery-14,58,improved,improved,unqualified
failed-only-recovery-14,59,improved,regressed,unqualified
failed-only-recovery-14,60,regressed,improved,unqualified
failed-only-recovery-14,61,regressed,improved,unqualified
failed-only-recovery-14,62,regressed,improved,unqualified
failed-only-recovery-14,63,improved,improved,unqualified
failed-only-recovery-14,64,improved,improved,unqualified
failed-only-recovery-14,65,regressed,regressed,unqualified
failed-only-recovery-14,66,improved,regressed,unqualified
failed-only-recovery-14,67,improved,improved,unqualified
failed-only-recovery-14,68,regressed,regressed,unqualified
failed-only-recovery-14,69,regressed,improved,unqualified
failed-only-recovery-14,70,improved,improved,unqualified
failed-only-recovery-14,71,improved,improved,unqualified
failed-only-recovery-14,72,improved,improved,unqualified
failed-only-recovery-14,73,regressed,improved,unqualified
failed-only-recovery-14,74,improved,improved,unqualified
failed-only-recovery-14,75,regressed,improved,unqualified
failed-only-recovery-14,76,improved,regressed,unqualified
failed-only-recovery-14,77,regressed,improved,unqualified
failed-only-recovery-14,78,improved,improved,unqualified
failed-only-recovery-14,79,improved,regressed,unqualified
failed-only-recovery-14,80,improved,improved,unqualified
failed-only-recovery-14,81,regressed,regressed,unqualified
failed-only-recovery-14,82,improved,improved,unqualified
failed-only-recovery-14,83,regressed,regressed,unqualified
failed-only-recovery-14,84,improved,improved,unqualified
failed-only-recovery-14,85,improved,regressed,unqualified
failed-only-recovery-14,86,improved,regressed,unqualified
failed-only-recovery-14,87,regressed,regressed,unqualified
failed-only-recovery-14,88,improved,improved,unqualified
failed-only-recovery-14,89,improved,improved,unqualified
failed-only-recovery-14,90,regressed,improved,unqualified
failed-only-recovery-14,91,improved,improved,unqualified
failed-only-recovery-14,92,improved,improved,unqualified
failed-only-recovery-14,93,regressed,improved,unqualified
failed-only-recovery-14,94,improved,improved,unqualified
failed-only-recovery-14,95,regressed,regressed,unqualified
failed-only-recovery-14,96,regressed,regressed,unqualified
failed-only-recovery-14,97,improved,regressed,unqualified
failed-only-recovery-14,98,regressed,regressed,unqualified
failed-only-recovery-14,99,regressed,regressed,unqualified
failed-only-recovery-14,100,improved,regressed,unqualified
failed-only-recovery-14,101,regressed,improved,unqualified
failed-only-recovery-14,102,regressed,regressed,unqualified
failed-only-recovery-14,103,improved,improved,unqualified
failed-only-recovery-14,104,improved,regressed,unqualified
failed-only-recovery-14,105,improved,improved,unqualified
failed-only-recovery-14,106,regressed,regressed,unqualified
failed-only-recovery-14,107,improved,improved,unqualified
failed-only-recovery-14,108,improved,improved,unqualified
failed-only-recovery-14,109,improved,improved,unqualified
failed-only-recovery-14,110,improved,improved,unqualified
failed-only-recovery-14,111,regressed,regressed,unqualified
failed-only-recovery-14,112,improved,regressed,unqualified
failed-only-recovery-14,113,regressed,improved,unqualified
failed-only-recovery-14,114,regressed,regressed,unqualified
failed-only-recovery-14,115,regressed,improved,unqualified
failed-only-recovery-14,116,regressed,improved,unqualified
failed-only-recovery-14,117,improved,improved,unqualified
failed-only-recovery-14,118,improved,regressed,unqualified
failed-only-recovery-14,119,improved,improved,unqualified
failed-only-recovery-14,120,regressed,regressed,unqualified
failed-only-recovery-14,121,improved,improved,unqualified
failed-only-recovery-14,122,improved,regressed,unqualified
failed-only-recovery-14,123,regressed,improved,unqualified
failed-only-recovery-14,124,regressed,improved,unqualified
failed-only-recovery-14,125,regressed,improved,unqualified
failed-only-recovery-14,126,improved,improved,unqualified
failed-only-recovery-14,127,improved,improved,unqualified
failed-only-recovery-14,128,improved,improved,unqualified
failed-only-recovery-14,129,improved,improved,unqualified
failed-only-recovery-14,130,regressed,regressed,unqualified
failed-only-recovery-14,131,improved,improved,unqualified
failed-only-recovery-14,132,regressed,regressed,unqualified
failed-only-recovery-14,133,improved,improved,unqualified
failed-only-recovery-14,134,improved,improved,unqualified
failed-only-recovery-14,135,improved,regressed,unqualified
failed-only-recovery-14,136,improved,improved,unqualified
failed-only-recovery-14,137,improved,improved,unqualified
failed-only-recovery-14,138,improved,improved,unqualified
failed-only-recovery-14,139,improved,improved,unqualified
failed-only-recovery-14,140,regressed,regressed,unqualified
failed-only-recovery-14,141,regressed,regressed,unqualified
failed-only-recovery-14,142,regressed,regressed,unqualified
failed-only-recovery-14,143,improved,improved,unqualified
failed-only-recovery-14,144,regressed,regressed,unqualified
failed-only-recovery-14,145,improved,improved,unqualified
failed-only-recovery-14,146,improved,improved,unqualified
failed-only-recovery-14,147,improved,regressed,unqualified
failed-only-recovery-14,148,improved,regressed,unqualified
failed-only-recovery-14,149,regressed,improved,unqualified
failed-only-recovery-14,150,regressed,regressed,unqualified
failed-only-recovery-14,151,improved,improved,unqualified
failed-only-recovery-14,152,improved,improved,unqualified
failed-only-recovery-14,153,regressed,improved,unqualified
failed-only-recovery-14,154,regressed,regressed,unqualified
failed-only-recovery-14,155,improved,improved,unqualified
failed-only-recovery-14,156,regressed,regressed,unqualified
failed-only-recovery-14,157,improved,improved,unqualified
failed-only-recovery-14,158,improved,regressed,unqualified
failed-only-recovery-14,159,improved,regressed,unqualified
failed-only-recovery-14,160,improved,improved,unqualified
failed-only-recovery-14,161,regressed,improved,unqualified
failed-only-recovery-14,162,regressed,improved,unqualified
failed-only-recovery-14,163,improved,improved,unqualified
failed-only-recovery-14,164,improved,improved,unqualified
failed-only-recovery-14,165,regressed,regressed,unqualified
failed-only-recovery-14,166,improved,regressed,unqualified
failed-only-recovery-14,167,improved,improved,unqualified
failed-only-recovery-14,168,regressed,regressed,unqualified
