alpha,seed,phase,iteration,objective,stationarity,variance,linear_solves,backtracks
0.0,checkpoint,primary,0,-5.512177823889146,0.1673844191426885,9.543525216659919e-07,0,0
0.0,checkpoint,primary,1,-6.394964892029796,1.886515486964393e-11,1.632787701757339e-07,1,0
0.0,checkpoint,reference,0,-6.394964892029796,1.886515486964393e-11,1.632787701757339e-07,0,0
0.0,constrained-ls,primary,0,-6.394964892029796,1.886516374100481e-11,1.63278770175734e-07,0,0
0.0,constrained-ls,reference,0,-6.394964892029796,1.886516374100481e-11,1.63278770175734e-07,0,0
0.1,checkpoint,primary,0,-7.472234370872194,0.1260169365591947,9.543525216659919e-07,0,0
0.1,checkpoint,primary,1,-9.357279570396175,0.2970791921026928,1.390260065104386e-07,1,0
0.1,checkpoint,primary,2,-9.579366681036646,0.17674033511472145,8.518745832522504e-08,2,0
0.1,checkpoint,primary,3,-9.696332903798542,0.12280802278851057,6.464350197574174e-08,3,0
0.1,checkpoint,primary,4,-9.77788744055166,0.09551984077432228,5.342663122144159e-08,4,0
0.1,checkpoint,primary,5,-9.841343752218568,0.07982931062756864,4.6082597386478334e-08,5,0
0.1,checkpoint,primary,6,-9.893169731675025,0.06967466619367362,4.075800497039604e-08,6,0
0.1,checkpoint,primary,7,-9.936867159845841,0.06252496408976942,3.6648329377814984e-08,7,0
0.1,checkpoint,primary,8,-9.974467433017027,0.057198419516707864,3.334209528908269e-08,8,0
0.1,checkpoint,primary,9,-10.007097440086243,0.053153027820857755,3.060573982184548e-08,9,0
0.1,checkpoint,primary,10,-10.035440386271876,0.05002834182727483,2.8291494200355165e-08,10,0
0.1,checkpoint,primary,11,-10.05997427143013,0.047437016702455335,2.630055518646694e-08,11,0
0.1,checkpoint,primary,12,-10.081076821541554,0.04504287360905176,2.4567890701228954e-08,12,0
0.1,checkpoint,primary,13,-10.099048026251848,0.04264304871267876,2.3051421161869817e-08,13,0
0.1,checkpoint,primary,14,-10.11424653323652,0.04028019100955007,2.1721365334321052e-08,14,0
0.1,checkpoint,primary,15,-10.127128082265902,0.03802676545543592,2.0550279259515677e-08,15,0
0.1,checkpoint,primary,16,-10.138098353565159,0.03585647721858266,1.951363553854901e-08,16,0
0.1,checkpoint,primary,17,-10.147455301321619,0.03373719640758329,1.859247209717683e-08,17,0
0.1,checkpoint,primary,18,-10.155435569022284,0.03168558837697875,1.7772041385806208e-08,18,0
0.1,checkpoint,primary,19,-10.162253609356382,0.02973709174769922,1.703956746567168e-08,19,0
0.1,checkpoint,primary,20,-10.16810269567326,0.027911894368432503,1.638348106300744e-08,20,0
0.1,checkpoint,primary,21,-10.173145921038357,0.026211103442833093,1.5793595872451657e-08,21,0
0.1,checkpoint,primary,22,-10.177514817584134,0.024626157702503055,1.526125369124451e-08,22,0
0.1,checkpoint,primary,23,-10.181314183426664,0.023146439405898434,1.4779213574828455e-08,23,0
0.1,checkpoint,primary,24,-10.184628286434563,0.02176253313424555,1.4341416655410349e-08,24,0
0.1,checkpoint,primary,25,-10.187526071475855,0.020466845760441835,1.3942747394652431e-08,25,0
0.1,checkpoint,primary,26,-10.190064913848122,0.019253227795989012,1.3578838750586676e-08,26,0
0.1,checkpoint,primary,27,-10.192293189313983,0.018116442267468644,1.3245925974548618e-08,27,0
0.1,checkpoint,primary,28,-10.194252046613085,0.01705177250797305,1.2940738912292211e-08,28,0
0.1,checkpoint,primary,29,-10.195976682305842,0.016054800210823884,1.2660421227461596e-08,29,0
0.1,checkpoint,primary,30,-10.197497308073503,0.015121304516618892,1.2402467755042966e-08,30,0
0.1,checkpoint,primary,31,-10.198839919864232,0.01424722943311255,1.2164674252336034e-08,31,0
0.1,checkpoint,primary,32,-10.20002692962781,0.013428683755846705,1.1945096011184082e-08,32,0
0.1,checkpoint,primary,33,-10.201077693994245,0.01266195300498341,1.1742013136817352e-08,33,0
0.1,checkpoint,primary,34,-10.202008960769984,0.011943513050399607,1.1553901071309924e-08,34,0
0.1,checkpoint,primary,35,-10.202835247375921,0.011270040621272948,1.137940538061772e-08,35,0
0.1,checkpoint,primary,36,-10.203569161890927,0.010638419013107987,1.1217320087311817e-08,36,0
0.1,checkpoint,primary,37,-10.204221675380415,0.010045738815819511,1.1066568995167109e-08,37,0
0.1,checkpoint,primary,38,-10.20480235290194,0.009489294303702312,1.0926189561946999e-08,38,0
0.1,checkpoint,primary,39,-10.205319549526337,0.008966576463769391,1.0795318954212368e-08,39,0
0.1,checkpoint,primary,40,-10.205780576838077,0.008475263604113024,1.0673181975485592e-08,40,0
0.1,checkpoint,primary,41,-10.206191844565232,0.008013210430911178,1.0559080605575501e-08,41,0
0.1,checkpoint,primary,42,-10.206558981286458,0.007578436337689013,1.045238492619468e-08,42,0
0.1,checkpoint,primary,43,-10.20688693752412,0.007169113435881214,1.0352525239426738e-08,43,0
0.1,checkpoint,primary,44,-10.207180074006237,0.0067835547697821,1.0258985213063135e-08,44,0
0.1,checkpoint,primary,45,-10.207442237404772,0.006420202937053535,1.0171295909631927e-08,45,0
0.1,checkpoint,primary,46,-10.207676825493696,0.0060776193446519695,1.008903057687234e-08,46,0
0.1,checkpoint,primary,47,-10.2078868433307,0.005754474161986257,1.0011800094102128e-08,47,0
0.1,checkpoint,primary,48,-10.208074951812007,0.005449537045526049,9.939248984470053e-09,48,0
0.1,checkpoint,primary,49,-10.20824350972824,0.0051616685673293895,9.871051915582423e-09,49,0
0.1,checkpoint,primary,50,-10.208394610272652,0.004889812460927515,9.806910623031479e-09,50,0
0.1,checkpoint,primary,51,-10.20853011278711,0.004632988493638069,9.746551199117559e-09,51,0
0.1,checkpoint,primary,52,-10.208651670430688,0.004390286023398558,9.689721699147587e-09,52,0
0.1,checkpoint,primary,53,-10.208760754332689,0.0041608581541464525,9.63619002326292e-09,53,0
0.1,checkpoint,primary,54,-10.208858674715643,0.003943916445097648,9.585742038135808e-09,54,0
0.1,checkpoint,primary,55,-10.208946599397075,0.0037387261044277455,9.538179907798171e-09,55,0
0.1,checkpoint,primary,56,-10.209025570024055,0.003544601659636718,9.493320607376576e-09,56,0
0.1,checkpoint,primary,57,-10.209096516339027,0.003360903010820041,9.450994596720877e-09,57,0
0.1,checkpoint,primary,58,-10.20916026873071,0.003187031864847121,9.411044634555076e-09,58,0
0.1,checkpoint,primary,59,-10.209217569297174,0.0030224285244214756,9.373324716029993e-09,59,0
0.1,checkpoint,primary,60,-10.209269081604782,0.002866568919105226,9.337699118675964e-09,60,0
0.1,checkpoint,primary,61,-10.209315399311192,0.0027189619418804857,9.304041544632912e-09,61,0
0.1,checkpoint,primary,62,-10.20935705379138,0.0025791470316504257,9.272234347581446e-09,62,0
0.1,checkpoint,primary,63,-10.209394520892134,0.002446691930602197,9.242167834658707e-09,63,0
0.1,checkpoint,primary,64,-10.209428226918128,0.002321190688398634,9.213739635347392e-09,64,0
0.1,checkpoint,primary,65,-10.209458553944671,0.002202261773680606,9.186854129370824e-09,65,0
0.1,checkpoint,primary,66,-10.209485844534647,0.0020895464091801215,9.161421927867624e-09,66,0
0.1,checkpoint,primary,67,-10.209510405934083,0.0019827070201992904,9.137359401410334e-09,67,0
0.1,checkpoint,primary,68,-10.209532513806082,0.001881425768944612,9.114588250201332e-09,68,0
0.1,checkpoint,primary,69,-10.20955241555191,0.001785403288559046,9.093035112500056e-09,69,0
0.1,checkpoint,primary,70,-10.209570333274083,0.00169435743717335,9.072631206463675e-09,70,0
0.1,checkpoint,primary,71,-10.209586466417303,0.0016080222107796895,9.053312002910774e-09,71,0
0.1,checkpoint,primary,72,-10.209600994125882,0.0015261466918301443,9.035016925232579e-09,72,0
0.1,checkpoint,primary,73,-10.20961407734863,0.0014484941104513961,9.017689074341126e-09,73,0
0.1,checkpoint,primary,74,-10.209625860719294,0.001374840955716567,9.001274975838899e-09,74,0
0.1,checkpoint,primary,75,-10.209636474237982,0.001304976157286187,8.985724347538113e-09,75,0
0.1,checkpoint,primary,76,-10.20964603477332,0.0012387003313876245,8.970989885343805e-09,76,0
0.1,checkpoint,primary,77,-10.209654647411707,0.0011758250685890877,8.957027065740474e-09,77,0
0.1,checkpoint,primary,78,-10.2096624066584,0.0011161722841779055,8.943793963521718e-09,78,0
0.1,checkpoint,primary,79,-10.20966939751905,0.0010595736007526259,8.931251083214189e-09,79,0
0.1,checkpoint,primary,80,-10.209675696464064,0.0010058697742070834,8.919361203169374e-09,80,0
0.1,checkpoint,primary,81,-10.209681372298366,0.0009549101747047019,8.908089231156401e-09,81,0
0.1,checkpoint,primary,82,-10.209686486936784,0.0009065522790401327,8.897402070315705e-09,82,0
0.1,checkpoint,primary,83,-10.209691096101261,0.0008606611968544516,8.887268494828624e-09,83,0
0.1,checkpoint,primary,84,-10.209695249944986,0.0008171092634773371,8.877659034502665e-09,84,0
0.1,checkpoint,primary,85,-10.209698993617959,0.0007757755944058121,8.868545867114539e-09,85,0
0.1,checkpoint,primary,86,-10.209702367767255,0.0007365457356342704,8.85990271860798e-09,86,0
0.1,checkpoint,primary,87,-10.209705408989285,0.000699311292403932,8.851704769761637e-09,87,0
0.1,checkpoint,primary,88,-10.209708150239644,0.000663969581517921,8.843928569297337e-09,88,0
0.1,checkpoint,primary,89,-10.209710621195484,0.0006304233283924883,8.836551952904693e-09,89,0
0.1,checkpoint,primary,90,-10.209712848584529,0.0005985803730493323,8.829553967485464e-09,90,0
0.1,checkpoint,primary,91,-10.209714856481426,0.0005683533774705103,8.822914800311878e-09,91,0
0.1,checkpoint,primary,92,-10.209716666570491,0.0005396595709404074,8.816615712909742e-09,92,0
0.1,checkpoint,primary,93,-10.209718298386486,0.0005124205010877993,8.810638979094067e-09,93,0
0.1,checkpoint,primary,94,-10.209719769527663,0.0004865617985168221,8.804967826946795e-09,94,0
0.1,checkpoint,primary,95,-10.209721095849122,0.0004620129628121785,8.799586384469092e-09,95,0
0.1,checkpoint,primary,96,-10.209722291636417,0.00043870714581716394,8.794479628559767e-09,96,0
0.1,checkpoint,primary,97,-10.209723369762514,0.00041658095902972,8.789633337239246e-09,97,0
0.1,checkpoint,primary,98,-10.209724341825606,0.0003955742966323846,8.785034044781575e-09,98,0
0.1,checkpoint,primary,99,-10.209725218278905,0.00037563015504212335,8.780668999487639e-09,99,0
0.1,checkpoint,primary,100,-10.209726008541281,0.0003566944687727371,8.776526124070214e-09,100,0
0.1,constrained-ls,primary,0,-9.252938964920094,0.3231793414146411,1.63278770175734e-07,0,0
0.1,constrained-ls,primary,1,-9.516035671627849,0.19418527138892624,9.431318040274284e-08,1,0
0.1,constrained-ls,primary,2,-9.65003010624503,0.13372433587470314,6.935375599974858e-08,2,0
0.1,constrained-ls,primary,3,-9.74001325507251,0.10226537762893083,5.629323814623936e-08,3,0
0.1,constrained-ls,primary,4,-9.808321671783135,0.08443926347487292,4.8030425178218585e-08,4,0
0.1,constrained-ls,primary,5,-9.86342246652283,0.07330681559272244,4.2168156920903664e-08,5,0
0.1,constrained-ls,primary,6,-9.909258765454375,0.06563879781534294,3.770374712926719e-08,6,0
0.1,constrained-ls,primary,7,-9.947918171592606,0.05999247865426376,3.41509240381894e-08,7,0
0.1,constrained-ls,primary,8,-9.980717229922849,0.05557955388181648,3.123710440647852e-08,8,0
0.1,constrained-ls,primary,9,-10.008567507479894,0.05184877685444427,2.8796351951827216e-08,9,0
0.1,constrained-ls,primary,10,-10.03224779566351,0.048499070861219455,2.672232949742751e-08,10,0
0.1,constrained-ls,primary,11,-10.052435675935596,0.04533892831697852,2.494170673123881e-08,11,0
0.1,constrained-ls,primary,12,-10.069651298867726,0.04230003757545161,2.3403143646050647e-08,12,0
0.1,constrained-ls,primary,13,-10.084324908683314,0.039437978307745834,2.2067864308057183e-08,13,0
0.1,constrained-ls,primary,14,-10.096859564931004,0.03680811315288165,2.090282184552635e-08,14,0
0.1,constrained-ls,primary,15,-10.107623775743427,0.034399490601630785,1.987953227106037e-08,15,0
0.1,constrained-ls,primary,16,-10.116929391431055,0.032167668379807064,1.8974933993142707e-08,16,0
0.1,constrained-ls,primary,17,-10.125038435339702,0.030077311544518027,1.8171000723584404e-08,17,0
0.1,constrained-ls,primary,18,-10.132182792531868,0.02811103718899516,1.745336603685452e-08,18,0
0.1,constrained-ls,primary,19,-10.13856424319906,0.02625333705443216,1.681021550611457e-08,19,0
0.1,constrained-ls,primary,20,-10.14432986540401,0.024483244290123916,1.6231984455379058e-08,20,0
0.1,constrained-ls,primary,21,-10.149563917202904,0.022797497840549994,1.5711234251245523e-08,21,0
0.1,constrained-ls,primary,22,-10.154328659267845,0.02121578319424969,1.5241733302744742e-08,22,0
0.1,constrained-ls,primary,23,-10.158703487110978,0.019740273129453412,1.4817501319285348e-08,23,0
0.1,constrained-ls,primary,24,-10.162786376446954,0.01835754938160145,1.4433032263835973e-08,24,0
0.1,constrained-ls,primary,25,-10.166695643165944,0.017079778224160003,1.4083495920343545e-08,25,0
0.1,constrained-ls,primary,26,-10.170567361738327,0.01593460746734388,1.3764161594903883e-08,26,0
0.1,constrained-ls,primary,27,-10.174492576872353,0.014921350236558484,1.3470413352452729e-08,27,0
0.1,constrained-ls,primary,28,-10.178422594642766,0.014022282573062986,1.3198894073187183e-08,28,0
0.1,constrained-ls,primary,29,-10.182228268635432,0.01330452185201066,1.2947612317708192e-08,29,0
0.1,constrained-ls,primary,30,-10.18587235027206,0.012860576405825195,1.2713211819268199e-08,30,0
0.1,constrained-ls,primary,31,-10.189354366749082,0.012628744610095558,1.2490647864549232e-08,31,0
0.1,constrained-ls,primary,32,-10.192565398996772,0.012455497210976902,1.2276766097854162e-08,32,0
0.1,constrained-ls,primary,33,-10.195349575605304,0.01224258499872852,1.2071445568756674e-08,33,0
0.1,constrained-ls,primary,34,-10.197649259744892,0.011965918986541969,1.187552062875586e-08,34,0
0.1,constrained-ls,primary,35,-10.199508333960532,0.011623138665079625,1.1689403324951792e-08,35,0
0.1,constrained-ls,primary,36,-10.20100446257672,0.011218853526174011,1.1513228145645299e-08,36,0
0.1,constrained-ls,primary,37,-10.202212914685452,0.01076687176484441,1.134704812185294e-08,37,0
0.1,constrained-ls,primary,38,-10.203197700974291,0.010286201797508988,1.119078821673623e-08,38,0
0.1,constrained-ls,primary,39,-10.2040104040885,0.009794737232190421,1.1044195555171323e-08,39,0
0.1,constrained-ls,primary,40,-10.204690808124083,0.00930595655886714,1.0906864372980353e-08,40,0
0.1,constrained-ls,primary,41,-10.205268566237558,0.008828711772128742,1.0778295288633245e-08,41,0
0.1,constrained-ls,primary,42,-10.205765365742694,0.008368278033828742,1.0657948779058007e-08,42,0
0.1,constrained-ls,primary,43,-10.20619701273975,0.007927492412289534,1.054528091961087e-08,43,0
0.1,constrained-ls,primary,44,-10.206575133776937,0.007507623502544403,1.0439763971882525e-08,44,0
0.1,constrained-ls,primary,45,-10.206908439980188,0.007108963384622361,1.0340897049157271e-08,45,0
0.1,constrained-ls,primary,46,-10.20720361640535,0.006731213277529766,1.0248210883745947e-08,46,0
0.1,constrained-ls,primary,47,-10.207465928754607,0.006373729821398878,1.0161269226372863e-08,47,0
0.1,constrained-ls,primary,48,-10.207699631011122,0.006035680413815806,1.0079668377597008e-08,48,0
0.1,constrained-ls,primary,49,-10.207908238284489,0.0057161400462935365,1.0003035727545748e-08,49,0
0.1,constrained-ls,primary,50,-10.208094710522674,0.005414150993498391,9.931027814679616e-09,50,0
0.1,constrained-ls,primary,51,-10.208261577996327,0.005128758928717243,9.86332819756675e-09,51,0
0.1,constrained-ls,primary,52,-10.208411028878329,0.00485903425513071,9.799645307740471e-09,52,0
0.1,constrained-ls,primary,53,-10.20854497206184,0.004604084138128951,9.739710375524927e-09,53,0
0.1,constrained-ls,primary,54,-10.208665083616552,0.004363058713962826,9.683275476606058e-09,54,0
0.1,constrained-ls,primary,55,-10.208772842244292,0.004135153736953171,9.63011172106777e-09,55,0
0.1,constrained-ls,primary,56,-10.20886955715632,0.003919610936998431,9.580007590562074e-09,56,0
0.1,constrained-ls,primary,57,-10.208956390587431,0.003715717127307356,9.532767422114896e-09,57,0
0.1,constrained-ls,primary,58,-10.209034376384048,0.003522802477768778,9.488210030306233e-09,58,0
0.1,constrained-ls,primary,59,-10.209104435628484,0.0033402383929569297,9.446167459010595e-09,59,0
0.1,constrained-ls,primary,60,-10.209167389962248,0.003167435213633083,9.40648385188891e-09,60,0
0.1,constrained-ls,primary,61,-10.20922397306087,0.0030038398374244053,9.369014430758161e-09,61,0
0.1,constrained-ls,primary,62,-10.209274840604953,0.002848933376347066,9.333624571905445e-09,62,0
0.1,constrained-ls,primary,63,-10.209320578987873,0.002702228891762099,9.300188970610443e-09,63,0
0.1,constrained-ls,primary,64,-10.209361712965444,0.00256326928154706,9.26859088506792e-09,64,0
0.1,constrained-ls,primary,65,-10.209398712391529,0.0024316252463003236,9.238721451103335e-09,65,0
0.1,constrained-ls,primary,66,-10.209431998166268,0.002306893397436855,9.210479060929743e-09,66,0
0.1,constrained-ls,primary,67,-10.209461947506018,0.0021886945155607136,9.183768799196929e-09,67,0
0.1,constrained-ls,primary,68,-10.209488898610779,0.0020766719186339523,9.15850193021466e-09,68,0
0.1,constrained-ls,primary,69,-10.209513154814793,0.001970489948551358,9.134595431277139e-09,69,0
0.1,constrained-ls,primary,70,-10.209534988271628,0.0018698325863165006,9.111971567383787e-09,70,0
0.1,constrained-ls,primary,71,-10.20955464323924,0.0017744021474717826,9.090557503008803e-09,71,0
0.1,constrained-ls,primary,72,-10.20957233900146,0.0016839180916912895,9.070284947448616e-09,72,0
0.1,constrained-ls,primary,73,-10.209588272477475,0.0015981159362865767,9.051089830250461e-09,73,0
0.1,constrained-ls,primary,74,-10.209602620545738,0.0015167462052271437,9.032912003597313e-09,74,0
0.1,constrained-ls,primary,75,-10.209615542124103,0.001439573500347919,9.015694969527526e-09,75,0
0.1,constrained-ls,primary,76,-10.209627180024974,0.0013663756228536918,8.99938562914011e-09,76,0
0.1,constrained-ls,primary,77,-10.209637662613009,0.0012969427507864596,8.983934051875831e-09,77,0
0.1,constrained-ls,primary,78,-10.209647105290866,0.0012310766857186496,8.969293263093292e-09,78,0
0.1,constrained-ls,primary,79,-10.209655611827127,0.001168590144998389,8.955419048153068e-09,79,0
0.1,constrained-ls,primary,80,-10.209663275544969,0.0011093061273820433,8.942269771566755e-09,80,0
0.1,constrained-ls,primary,81,-10.20967018038712,0.0010530572712148002,8.929806209622892e-09,81,0
0.1,constrained-ls,primary,82,-10.209676401870702,0.000999685316160865,8.917991395840534e-09,82,0
0.1,constrained-ls,primary,83,-10.209682007943515,0.0009490405519339169,8.906790477489895e-09,83,0
0.1,constrained-ls,primary,84,-10.209687059749083,0.0009009813327530598,8.896170582751996e-09,84,0
0.1,constrained-ls,primary,85,-10.209691612316636,0.0008553736073656816,8.886100697311168e-09,85,0
0.1,constrained-ls,primary,86,-10.209695715178002,0.0008120904977964478,8.876551549758545e-09,86,0
0.1,constrained-ls,primary,87,-10.209699412921873,0.0007710118729472477,8.867495504877472e-09,87,0
0.1,constrained-ls,primary,88,-10.20970274569186,0.0007320239973784178,8.858906464528293e-09,88,0
0.1,constrained-ls,primary,89,-10.20970574963142,0.0006950191436802568,8.85075977499306e-09,89,0
0.1,constrained-ls,primary,90,-10.20970845728884,0.0006598952723808511,8.843032140903523e-09,90,0
0.1,constrained-ls,primary,91,-10.209710897974032,0.0006265557165617865,8.835701544760653e-09,91,0
0.1,constrained-ls,primary,92,-10.209713098085421,0.0005949088948385035,8.828747171783871e-09,92,0
0.1,constrained-ls,primary,93,-10.209715081399336,0.0005648680136137625,8.822149339568707e-09,93,0
0.1,constrained-ls,primary,94,-10.209716869334006,0.0005363508244376654,8.815889432524884e-09,94,0
0.1,constrained-ls,primary,95,-10.209718481182847,0.0005092793602501401,8.8099498402959e-09,95,0
0.1,constrained-ls,primary,96,-10.209719934327769,0.00048357971975867073,8.80431390028013e-09,96,0
0.1,constrained-ls,primary,97,-10.209721244428705,0.0004591818372021752,8.798965843595986e-09,97,0
0.1,constrained-ls,primary,98,-10.209722425595142,0.00043601928163400713,8.793890744530859e-09,98,0
0.1,constrained-ls,primary,99,-10.209723490541721,0.0004140290658886971,8.789074473058192e-09,99,0
0.1,constrained-ls,primary,100,-10.209724450723924,0.0003931514648050812,8.784503650230656e-09,100,0
0.5,checkpoint,primary,0,-32.66793610786548,0.1309224170884809,9.543525216659919e-07,0,0
0.5,checkpoint,primary,1,-58.12235637827593,0.3274509988863762,1.3679983451271067e-07,1,0
0.5,checkpoint,primary,2,-68.37146029839028,0.23787039144304345,5.2877539289982524e-08,2,0
0.5,checkpoint,primary,3,-75.51151795838777,0.18700884572811904,2.7360858171422174e-08,3,0
0.5,checkpoint,primary,4,-81.24183524209512,0.15593157116471168,1.621008659784495e-08,4,0
0.5,checkpoint,primary,5,-86.15143068785318,0.13435875500548145,1.0370447149278861e-08,5,0
0.5,checkpoint,primary,6,-90.4861448831654,0.11776655283677473,6.983827260251528e-09,6,0
0.5,checkpoint,primary,7,-94.36164383816896,0.10402040003981267,4.889916038040878e-09,7,0
0.5,checkpoint,primary,8,-97.85256552715178,0.09235052061185417,3.5360860655078385e-09,8,0
0.5,checkpoint,primary,9,-101.01752656243485,0.08238737410522151,2.6287100699259655e-09,9,0
0.5,checkpoint,primary,10,-103.90127222529199,0.07371103421006736,2.0014900600373846e-09,10,0
0.5,checkpoint,primary,11,-106.53485265529066,0.06609685610115307,1.556946743678852e-09,11,0
0.5,checkpoint,primary,12,-108.9528146637261,0.05944524138528662,1.234728532264054e-09,12,0
0.5,checkpoint,primary,13,-111.18909503468764,0.053635405429771243,9.961495841199229e-10,13,0
0.5,checkpoint,primary,14,-113.26498712266384,0.04858712187043057,8.16199778067599e-10,14,0
0.5,checkpoint,primary,15,-115.20588490080046,0.04423609072283158,6.780116707175025e-10,15,0
0.5,checkpoint,primary,16,-117.0290045070335,0.040458656001439275,5.700732704024029e-10,16,0
0.5,checkpoint,primary,17,-118.74184269319004,0.03712876402502113,4.845695666654197e-10,17,0
0.5,checkpoint,primary,18,-120.35503875115586,0.03416058828165819,4.1597278077126614e-10,18,0
0.5,checkpoint,primary,19,-121.87511892466479,0.03152181947091698,3.6035040204201303e-10,19,0
0.5,checkpoint,primary,20,-123.31122307908937,0.029206625934854402,3.14762361406557e-10,20,0
0.5,checkpoint,primary,21,-124.6721772440076,0.027191160450595775,2.7699369068446853e-10,21,0
0.5,checkpoint,primary,22,-125.96957159392402,0.025406005966201017,2.453478468038909e-10,22,0
0.5,checkpoint,primary,23,-127.2090313216186,0.02377215111533898,2.1859348120673074e-10,23,0
0.5,checkpoint,primary,24,-128.3884076595821,0.022258435674774146,1.9584130461498583e-10,24,0
0.5,checkpoint,primary,25,-129.50426072121326,0.020842883315366212,1.7641032526988578e-10,25,0
0.5,checkpoint,primary,26,-130.5638033510986,0.01957349075852044,1.5973019829252927e-10,26,0
0.5,checkpoint,primary,27,-131.57455972945934,0.0184393518525221,1.4529668520512497e-10,27,0
0.5,checkpoint,primary,28,-132.5325956492752,0.017398692680648087,1.327429578312332e-10,28,0
0.5,checkpoint,primary,29,-133.44954994539404,0.016497749542773055,1.2175027570035809e-10,29,0
0.5,checkpoint,primary,30,-134.31674281317072,0.015618543018620645,1.1206373078535072e-10,30,0
0.5,checkpoint,primary,31,-135.12810713359679,0.014794331715901943,1.0352966437017924e-10,31,0
0.5,checkpoint,primary,32,-135.88721065883288,0.014009439104440025,9.598374992167974e-11,32,0
0.5,checkpoint,primary,33,-136.60452260337073,0.013275196820809687,8.92815370392525e-11,33,0
0.5,checkpoint,primary,34,-137.27819433713697,0.012574519630871195,8.331407331394247e-11,34,0
0.5,checkpoint,primary,35,-137.91508105013148,0.011934128709484293,7.798139933521542e-11,35,0
0.5,checkpoint,primary,36,-138.52464078343337,0.01133905229239951,7.318821046988664e-11,36,0
0.5,checkpoint,primary,37,-139.1098230325684,0.010790658190022673,6.886481233592325e-11,37,0
0.5,checkpoint,primary,38,-139.67116249179836,0.01026694377818943,6.494732724705678e-11,38,0
0.5,checkpoint,primary,39,-140.19255827811398,0.009694639537958905,6.140865528750697e-11,39,0
0.5,checkpoint,primary,40,-140.67835467561417,0.009140444822781368,5.822311550184372e-11,40,0
0.5,checkpoint,primary,41,-141.13993168432367,0.008638753322775083,5.534865743685062e-11,41,0
0.5,checkpoint,primary,42,-141.5765740431863,0.008165470410529285,5.274093893970561e-11,42,0
0.5,checkpoint,primary,43,-141.98756528915374,0.007718972755483722,5.037500221618423e-11,43,0
0.5,checkpoint,primary,44,-142.3833662119067,0.007338034228189294,4.821600030049146e-11,44,0
0.5,checkpoint,primary,45,-142.7562248233233,0.006957230959614369,4.6238332846075576e-11,45,0
0.5,checkpoint,primary,46,-143.1099481085705,0.006578803405010658,4.442644578591569e-11,46,0
0.5,checkpoint,primary,47,-143.4524715041256,0.00622671450387241,4.276479533181563e-11,47,0
0.5,checkpoint,primary,48,-143.78215533435696,0.00589490890199279,4.123694275291922e-11,48,0
0.5,checkpoint,primary,49,-144.1043404670449,0.005615997744909729,3.982786942412067e-11,49,0
0.5,checkpoint,primary,50,-144.4178666043765,0.005366330646058182,3.8519949762792075e-11,50,0
0.5,checkpoint,primary,51,-144.72808315884635,0.005180632087910864,3.729951241667652e-11,51,0
0.5,checkpoint,primary,52,-145.03797738933378,0.005070741173515914,3.614653845956832e-11,52,0
0.5,checkpoint,primary,53,-145.33731198182588,0.0049851852299843125,3.5048366396179006e-11,53,0
0.5,checkpoint,primary,54,-145.61843429800444,0.004911664235531854,3.4001788957869867e-11,54,0
0.5,checkpoint,primary,55,-145.87477175489366,0.004802379752385899,3.300556348158998e-11,55,0
0.5,checkpoint,primary,56,-146.10820219353417,0.004677607760636471,3.2063456990103504e-11,56,0
0.5,checkpoint,primary,57,-146.32426957976787,0.004561913586415889,3.1172619391538835e-11,57,0
0.5,checkpoint,primary,58,-146.5239743015106,0.004424679590495806,3.0328284687315685e-11,58,0
0.5,checkpoint,primary,59,-146.70794768591776,0.004262697648981295,2.9531514223494613e-11,59,0
0.5,checkpoint,primary,60,-146.87714510101483,0.004082111823670576,2.878347573793597e-11,60,0
0.5,checkpoint,primary,61,-147.0319499507824,0.00388187903972409,2.808441685308833e-11,61,0
0.5,checkpoint,primary,62,-147.17302300288824,0.003662427946040825,2.743491483052723e-11,62,0
0.5,checkpoint,primary,63,-147.30500579055524,0.0034585293871901013,2.683422610017773e-11,63,0
0.5,checkpoint,primary,64,-147.43254404006618,0.0032877089231575507,2.627587048911449e-11,64,0
0.5,checkpoint,primary,65,-147.55363222778266,0.0031159590051352826,2.5753662680911243e-11,65,0
0.5,checkpoint,primary,66,-147.66819661278043,0.0029386768273771957,2.5266671306351915e-11,66,0
0.5,checkpoint,primary,67,-147.77801306924115,0.0027660685091446813,2.4813739582668663e-11,67,0
0.5,checkpoint,primary,68,-147.88377617825924,0.0025992954471178997,2.43925857810596e-11,68,0
0.5,checkpoint,primary,69,-147.9836365497828,0.0024214697329311696,2.4001738789639046e-11,69,0
0.5,checkpoint,primary,70,-148.07691911824367,0.0022388137827138443,2.3642176371482736e-11,70,0
0.5,checkpoint,primary,71,-148.16588771257767,0.0020693767275021258,2.3312901188843107e-11,71,0
0.5,checkpoint,primary,72,-148.2527373914346,0.001911550201988521,2.301053352719069e-11,72,0
0.5,checkpoint,primary,73,-148.33947724677404,0.0017607835544674044,2.2732245392673796e-11,73,0
0.5,checkpoint,primary,74,-148.42902836383806,0.0016763183253070395,2.247567491062245e-11,74,0
0.5,checkpoint,primary,75,-148.5242342570336,0.0018483632598554679,2.2237941582423388e-11,75,0
0.5,checkpoint,primary,76,-148.62645607235945,0.0020447600840790827,2.201607448942793e-11,76,0
0.5,checkpoint,primary,77,-148.73515604727936,0.002285605580721328,2.180705977876852e-11,77,0
0.5,checkpoint,primary,78,-148.8518153318883,0.002506009606520518,2.1607917956472622e-11,78,0
0.5,checkpoint,primary,79,-148.9771063872416,0.002621341725865808,2.1414335142535897e-11,79,0
0.5,checkpoint,primary,80,-149.10335142267087,0.0025710019648304957,2.1224089341332474e-11,80,0
0.5,checkpoint,primary,81,-149.2267988846562,0.002441058272604469,2.10374983342565e-11,81,0
0.5,checkpoint,primary,82,-149.34897508922987,0.0023418325827392725,2.0849061379739977e-11,82,0
0.5,checkpoint,primary,83,-149.46508665438503,0.002151890849198658,2.065456492144943e-11,83,0
0.5,checkpoint,primary,84,-149.57404491479156,0.0018302272006659808,2.0454086192799058e-11,84,0
0.5,checkpoint,primary,85,-149.67016939515153,0.0014915002972518687,2.0250632436769126e-11,85,0
0.5,checkpoint,primary,86,-149.75444732626434,0.0014806278670022044,2.0050129013932114e-11,86,0
0.5,checkpoint,primary,87,-149.8300442739148,0.0014368710298545695,1.985517173231601e-11,87,0
0.5,checkpoint,primary,88,-149.90111467532336,0.0013839173802519533,1.9668348483687528e-11,88,0
0.5,checkpoint,primary,89,-149.96930600024598,0.0013219507517021611,1.9489984219836175e-11,89,0
0.5,checkpoint,primary,90,-150.0336395712055,0.001252044248962303,1.9320908117775835e-11,90,0
0.5,checkpoint,primary,91,-150.09222703424794,0.0011831076729804657,1.9162552882194387e-11,91,0
0.5,checkpoint,primary,92,-150.14844662434996,0.0011189483429599467,1.901374016564646e-11,92,0
0.5,checkpoint,primary,93,-150.20146758349838,0.0010518600091228847,1.8873779811157907e-11,93,0
0.5,checkpoint,primary,94,-150.25010131563263,0.0009818946202318406,1.874323664537368e-11,94,0
0.5,checkpoint,primary,95,-150.29636889231347,0.0010348771992099589,1.8622214578780292e-11,95,0
0.5,checkpoint,primary,96,-150.34486246486495,0.0011597105448970897,1.8509592758439858e-11,96,0
0.5,checkpoint,primary,97,-150.39258424029146,0.001254690017779563,1.84063468586287e-11,97,0
0.5,checkpoint,primary,98,-150.45066605803441,0.0014562676719799231,1.830797133418517e-11,98,0
0.5,checkpoint,primary,99,-150.50551106380712,0.001452927582720145,1.8215612677562413e-11,99,0
0.5,checkpoint,primary,100,-150.56298864166124,0.0015552872238328384,1.8128087290791306e-11,100,0
0.5,constrained-ls,primary,0,-56.19718602826167,0.3397136692134024,1.63278770175734e-07,0,0
0.5,constrained-ls,primary,1,-66.38940902030262,0.24618091272001097,6.166270550900868e-08,1,0
0.5,constrained-ls,primary,2,-73.7134653405508,0.194033551865831,3.115259926467196e-08,2,0
0.5,constrained-ls,primary,3,-79.61831025593197,0.16189801933806397,1.8096777394980968e-08,3,0
0.5,constrained-ls,primary,4,-84.66985356970048,0.13941527869358844,1.1390964585753696e-08,4,0
0.5,constrained-ls,primary,5,-89.11960982783097,0.12186787502732371,7.565719546424213e-09,5,0
0.5,constrained-ls,primary,6,-93.08878620843387,0.10734815535034137,5.236353360692004e-09,6,0
0.5,constrained-ls,primary,7,-96.65395159116827,0.0950772823553222,3.749947592236461e-09,7,0
0.5,constrained-ls,primary,8,-99.88051943611272,0.08462219694455303,2.7644699289300716e-09,8,0
0.5,constrained-ls,primary,9,-102.82191099841474,0.07562163088381985,2.0894707737742148e-09,9,0
0.5,constrained-ls,primary,10,-105.51162661557903,0.0677495392571047,1.6144638804070934e-09,10,0
0.5,constrained-ls,primary,11,-107.9766292909277,0.060833135687184015,1.2725075454241438e-09,11,0
0.5,constrained-ls,primary,12,-110.2431788553319,0.054762045332590714,1.0212257275986854e-09,12,0
0.5,constrained-ls,primary,13,-112.33501915624818,0.04947826602615513,8.33075875751303e-10,13,0
0.5,constrained-ls,primary,14,-114.2786925330243,0.04490478007485188,6.895322387554842e-10,14,0
0.5,constrained-ls,primary,15,-116.09014583589958,0.04094657016810205,5.781830844588219e-10,15,0
0.5,constrained-ls,primary,16,-117.79367696159385,0.037554427788249634,4.903655089887955e-10,16,0
0.5,constrained-ls,primary,17,-119.40335379003417,0.0345397535879749,4.2002478168218686e-10,17,0
0.5,constrained-ls,primary,18,-120.9254782443841,0.03186108912471075,3.630712301022217e-10,18,0
0.5,constrained-ls,primary,19,-122.3633349976796,0.029478034988396296,3.1647832451248075e-10,19,0
0.5,constrained-ls,primary,20,-123.7191164291566,0.027378460959532946,2.780153013089939e-10,20,0
0.5,constrained-ls,primary,21,-125.00439920096352,0.025552702331602672,2.4592464885052014e-10,21,0
0.5,constrained-ls,primary,22,-126.22550759666609,0.023886064024536857,2.1886410248644076e-10,22,0
0.5,constrained-ls,primary,23,-127.3840957016094,0.022363656786484054,1.9590707491467665e-10,23,0
0.5,constrained-ls,primary,24,-128.4870592964385,0.02100999274601839,1.7629528084103513e-10,24,0
0.5,constrained-ls,primary,25,-129.5317030350388,0.01974696788403113,1.594275397221794e-10,25,0
0.5,constrained-ls,primary,26,-130.51931709477577,0.01860052264758938,1.4485873612369462e-10,26,0
0.5,constrained-ls,primary,27,-131.46208552955082,0.017600514794421707,1.3218514408514837e-10,27,0
0.5,constrained-ls,primary,28,-132.36024399729132,0.016693637314849685,1.2107377279257898e-10,28,0
0.5,constrained-ls,primary,29,-133.2051632923772,0.01582097367882418,1.1130047858407974e-10,29,0
0.5,constrained-ls,primary,30,-133.99650594032806,0.0149775049319818,1.026892588605463e-10,30,0
0.5,constrained-ls,primary,31,-134.73412249260252,0.014142687718128655,9.508213925643096e-11,31,0
0.5,constrained-ls,primary,32,-135.41590693741927,0.013331520906436523,8.836877544062815e-11,32,0
0.5,constrained-ls,primary,33,-136.05670218786008,0.0126259340304819,8.242083095891177e-11,33,0
0.5,constrained-ls,primary,34,-136.66904356854835,0.012032433581770696,7.70983399073387e-11,34,0
0.5,constrained-ls,primary,35,-137.2441239000096,0.011439189025427954,7.230881609280505e-11,35,0
0.5,constrained-ls,primary,36,-137.78089916652866,0.010857475157504348,6.799973521893031e-11,36,0
0.5,constrained-ls,primary,37,-138.28628049971357,0.01034199242753514,6.411812153787505e-11,37,0
0.5,constrained-ls,primary,38,-138.76289798064397,0.009833816283671026,6.059888081438262e-11,38,0
0.5,constrained-ls,primary,39,-139.2017630700267,0.009297596866188362,5.741593147121313e-11,39,0
0.5,constrained-ls,primary,40,-139.61462566416083,0.008831998218072068,5.454118881561289e-11,40,0
0.5,constrained-ls,primary,41,-140.0025688844354,0.008398173909688278,5.1923503139031386e-11,41,0
0.5,constrained-ls,primary,42,-140.361532403457,0.007954858705196854,4.954015820116318e-11,42,0
0.5,constrained-ls,primary,43,-140.70342684039176,0.007575426826466003,4.736651193279873e-11,43,0
0.5,constrained-ls,primary,44,-141.02379583880943,0.007208529308385225,4.53728299327932e-11,44,0
0.5,constrained-ls,primary,45,-141.32387781870102,0.006878627016806804,4.354462246262439e-11,45,0
0.5,constrained-ls,primary,46,-141.6036712516195,0.006562333479983917,4.185972678018157e-11,46,0
0.5,constrained-ls,primary,47,-141.85025052860405,0.006173875264626094,4.0313172361529093e-11,47,0
0.5,constrained-ls,primary,48,-142.0691315913501,0.005794738702892821,3.890955582381088e-11,48,0
0.5,constrained-ls,primary,49,-142.26997943006654,0.0054672379912938385,3.763111361714469e-11,49,0
0.5,constrained-ls,primary,50,-142.4537911921844,0.005159450788515707,3.6459427102575535e-11,50,0
0.5,constrained-ls,primary,51,-142.62320363282282,0.004874093808886815,3.538309680365514e-11,51,0
0.5,constrained-ls,primary,52,-142.78028993815306,0.004616122575311021,3.439162541046307e-11,52,0
0.5,constrained-ls,primary,53,-142.92690713024385,0.004376096535591012,3.347428665767337e-11,53,0
0.5,constrained-ls,primary,54,-143.06177548966113,0.004140238780191485,3.2624765549712935e-11,54,0
0.5,constrained-ls,primary,55,-143.18588863166426,0.0039145502658402,3.183854487913265e-11,55,0
0.5,constrained-ls,primary,56,-143.3006647578713,0.003696624291352535,3.1110509558278263e-11,56,0
0.5,constrained-ls,primary,57,-143.40888173084753,0.0034932360949553876,3.0435496490932306e-11,57,0
0.5,constrained-ls,primary,58,-143.51191989134497,0.003304606027613677,2.980821003049844e-11,58,0
0.5,constrained-ls,primary,59,-143.61046525014325,0.0031322125990784766,2.9223831264227083e-11,59,0
0.5,constrained-ls,primary,60,-143.7031456335741,0.002961016276862738,2.8678570672497524e-11,60,0
0.5,constrained-ls,primary,61,-143.7906856225582,0.002803410236518755,2.81707229039318e-11,61,0
0.5,constrained-ls,primary,62,-143.87329404615494,0.002658418235362947,2.7696540996325068e-11,62,0
0.5,constrained-ls,primary,63,-143.9505375788989,0.00251935186614044,2.725317701828254e-11,63,0
0.5,constrained-ls,primary,64,-144.0223173730811,0.002379359193382502,2.6838733695271145e-11,64,0
0.5,constrained-ls,primary,65,-144.0892077498049,0.002242798986583805,2.645235556521588e-11,65,0
0.5,constrained-ls,primary,66,-144.1523071534781,0.0021160377980231626,2.609220503122728e-11,66,0
0.5,constrained-ls,primary,67,-144.2118433914358,0.0019938255888491407,2.5755977295158035e-11,67,0
0.5,constrained-ls,primary,68,-144.26853590369356,0.0018767340415251077,2.5442190050801296e-11,68,0
0.5,constrained-ls,primary,69,-144.3235327649507,0.001767016959815737,2.5149107489170523e-11,69,0
0.5,constrained-ls,primary,70,-144.377259407183,0.001661221446867145,2.4874947108297878e-11,70,0
0.5,constrained-ls,primary,71,-144.42968147994384,0.0015566165923260877,2.4618727002344062e-11,71,0
0.5,constrained-ls,primary,72,-144.48118866951816,0.0014559663762601094,2.4379801667526475e-11,72,0
0.5,constrained-ls,primary,73,-144.53265803435167,0.0013633530461502064,2.415699586589074e-11,73,0
0.5,constrained-ls,primary,74,-144.58499835676164,0.0012819080342840738,2.3948552442819256e-11,74,0
0.5,constrained-ls,primary,75,-144.63724565403353,0.0012040888285256846,2.3752735328873312e-11,75,0
0.5,constrained-ls,primary,76,-144.68743558822032,0.001120493179377735,2.3569580558386452e-11,76,0
0.5,constrained-ls,primary,77,-144.73651737300594,0.0011385764355680348,2.3399481196891202e-11,77,0
0.5,constrained-ls,primary,78,-144.78527062622985,0.0012020128827671078,2.3241469694065497e-11,78,0
0.5,constrained-ls,primary,79,-144.8343034815048,0.0012637914950285843,2.3094692804232424e-11,79,0
0.5,constrained-ls,primary,80,-144.88421092047943,0.0013361211653219322,2.295816388069942e-11,80,0
0.5,constrained-ls,primary,81,-144.93543740142215,0.0014269768603257646,2.2830848114151072e-11,81,0
0.5,constrained-ls,primary,82,-144.98909354656223,0.0015533643088103768,2.2711980902507056e-11,82,0
0.5,constrained-ls,primary,83,-145.04750437186672,0.0017401678678066815,2.260057296290606e-11,83,0
0.5,constrained-ls,primary,84,-145.11328241973413,0.0019801135554574157,2.249507770256911e-11,84,0
0.5,constrained-ls,primary,85,-145.18627239373197,0.0022172546457992206,2.2394393113090982e-11,85,0
0.5,constrained-ls,primary,86,-145.26692227352856,0.002474711280773432,2.2298541457012362e-11,86,0
0.5,constrained-ls,primary,87,-145.36079015680622,0.002804628519906497,2.220475892164295e-11,87,0
0.5,constrained-ls,primary,88,-145.46175740779398,0.0029860121120491015,2.211038157017368e-11,88,0
0.5,constrained-ls,primary,89,-145.56028856679137,0.003006663487810458,2.201837531659602e-11,89,0
0.5,constrained-ls,primary,90,-145.6633003733615,0.003066975826354063,2.192326555513398e-11,90,0
0.5,constrained-ls,primary,91,-145.77170504293716,0.0030708074649009516,2.1817626942228038e-11,91,0
0.5,constrained-ls,primary,92,-145.8773698130856,0.0028719636458009617,2.169801470904349e-11,92,0
0.5,constrained-ls,primary,93,-145.9743541112128,0.002543631396304906,2.1563792115590257e-11,93,0
0.5,constrained-ls,primary,94,-146.06283837199044,0.002209167630333116,2.14163096292002e-11,94,0
0.5,constrained-ls,primary,95,-146.1355701432851,0.0018320843841198797,2.1262215560598643e-11,95,0
0.5,constrained-ls,primary,96,-146.19573064014833,0.0015177414536039035,2.110948676222754e-11,96,0
0.5,constrained-ls,primary,97,-146.24564584067656,0.0012556233135413662,2.0961125745257948e-11,97,0
0.5,constrained-ls,primary,98,-146.28683560968983,0.00104187768686207,2.0820608590112285e-11,98,0
0.5,constrained-ls,primary,99,-146.32208353601067,0.0009170432822199204,2.068888536008178e-11,99,0
0.5,constrained-ls,primary,100,-146.35148918571494,0.0008489587419215905,2.0566975441793115e-11,100,0
1.0,checkpoint,primary,0,-326.53012327106455,0.10722026645276378,9.543525216659919e-07,0,0
1.0,checkpoint,primary,1,-983.1773610226065,0.2857014072913235,1.4458899823563482e-07,1,0
1.0,checkpoint,primary,2,-1516.7235686382116,0.20378395536294763,4.426405542379824e-08,2,0
1.0,checkpoint,primary,3,-2005.2429206566678,0.15075539906351837,1.8832533340211452e-08,3,0
1.0,checkpoint,primary,4,-2479.982983698193,0.11719441713094259,9.448207450972588e-09,4,0
1.0,checkpoint,primary,5,-2950.6091820530664,0.09368111244778576,5.237417478234096e-09,5,0
1.0,checkpoint,primary,6,-3412.4768850179444,0.07554339117944364,3.122653492959889e-09,6,0
1.0,checkpoint,primary,7,-3853.019381478497,0.06112782645011633,1.982153555761049e-09,7,0
1.0,checkpoint,primary,8,-4258.326258450571,0.049442305156855715,1.3317300537027472e-09,8,0
1.0,checkpoint,primary,9,-4616.751343978632,0.039699289771984,9.4305342036642e-10,9,0
1.0,checkpoint,primary,10,-4922.562756133595,0.03152555849426769,7.017985812224747e-10,10,0
1.0,checkpoint,primary,11,-5177.652208336154,0.024821516628830143,5.469661795565586e-10,11,0
1.0,checkpoint,primary,12,-5387.966462404664,0.01951216584109655,4.443892916389685e-10,12,0
1.0,checkpoint,primary,13,-5559.255522053191,0.01531411022397311,3.743236053852999e-10,13,0
1.0,checkpoint,primary,14,-5699.474087362055,0.012009570162838268,3.251502279161097e-10,14,0
1.0,checkpoint,primary,15,-5817.27396616326,0.009438523256422582,2.897240899755847e-10,15,0
1.0,checkpoint,primary,16,-5919.3879646208625,0.007496863002379783,2.635511612629525e-10,16,0
1.0,checkpoint,primary,17,-6011.201370440159,0.006109030854627884,2.436435479601465e-10,17,0
1.0,checkpoint,primary,18,-6097.100745853734,0.005183532332600882,2.2788777975441668e-10,18,0
1.0,checkpoint,primary,19,-6179.132184540977,0.004604290759610996,2.1485228601175455e-10,19,0
1.0,checkpoint,primary,20,-6258.072825513959,0.004245326773071378,2.0359132517326593e-10,20,0
1.0,checkpoint,primary,21,-6333.475261691127,0.003999990968732603,1.9356814833495704e-10,21,0
1.0,checkpoint,primary,22,-6404.324769523249,0.00380276918612632,1.8451337269783117e-10,22,0
1.0,checkpoint,primary,23,-6469.560173112581,0.0035812018005720314,1.7629802371885105e-10,23,0
1.0,checkpoint,primary,24,-6529.541449180668,0.0033591286168914714,1.6888451847657057e-10,24,0
1.0,checkpoint,primary,25,-6584.975763576452,0.0031363607787252556,1.6218855298966815e-10,25,0
1.0,checkpoint,primary,26,-6636.533504000177,0.002906525050603903,1.5614529549191832e-10,26,0
1.0,checkpoint,primary,27,-6684.878520566312,0.0026869522162534243,1.507007038121858e-10,27,0
1.0,checkpoint,primary,28,-6730.850419951158,0.0024915680346117575,1.4577297291174754e-10,28,0
1.0,checkpoint,primary,29,-6773.865865047687,0.002611017063116424,1.4131654236993868e-10,29,0
1.0,checkpoint,primary,30,-6815.396680246352,0.0028099822446565575,1.3728179378942205e-10,30,0
1.0,checkpoint,primary,31,-6855.674453321106,0.002933693625048629,1.3355044365580587e-10,31,0
1.0,checkpoint,primary,32,-6893.935063761183,0.0029399939099944827,1.3007757990794992e-10,32,0
1.0,checkpoint,primary,33,-6930.2476809673235,0.002848950646123233,1.2685406832221764e-10,33,0
1.0,checkpoint,primary,34,-6964.5377123739945,0.0026851567593458047,1.2382266718556242e-10,34,0
1.0,checkpoint,primary,35,-6996.370314177908,0.0024537379106682813,1.2094677244436293e-10,35,0
1.0,checkpoint,primary,36,-7024.781139113961,0.002175745711660533,1.1826915923751737e-10,36,0
1.0,checkpoint,primary,37,-7050.612036856528,0.00187808437135573,1.1581826791196058e-10,37,0
1.0,checkpoint,primary,38,-7074.086322905367,0.0015876654238178322,1.1358047434318734e-10,38,0
1.0,checkpoint,primary,39,-7095.435040803013,0.0013287995258510963,1.1156297871881348e-10,39,0
1.0,checkpoint,primary,40,-7115.664528031564,0.001192821719035897,1.0972758355076311e-10,40,0
1.0,checkpoint,primary,41,-7135.0866907184745,0.0011136322835997858,1.080338436397649e-10,41,0
1.0,checkpoint,primary,42,-7153.67464748005,0.0010390245487014171,1.0646372181069069e-10,42,0
1.0,checkpoint,primary,43,-7171.177627357625,0.0009582241144588388,1.0500954150034805e-10,43,0
1.0,checkpoint,primary,44,-7187.292034400708,0.0009181701529764225,1.0368273090346193e-10,44,0
1.0,checkpoint,primary,45,-7202.607781198098,0.0010137438772427213,1.0247951054064438e-10,45,0
1.0,checkpoint,primary,46,-7217.705814886269,0.0011196035992419283,1.0137888715637391e-10,46,0
1.0,checkpoint,primary,47,-7232.699803591936,0.001235735212230059,1.0036015107452385e-10,47,0
1.0,checkpoint,primary,48,-7247.232602083441,0.0013472617260553252,9.940816898703105e-11,48,0
1.0,checkpoint,primary,49,-7261.839779502834,0.0014605474351719867,9.851508249976017e-11,49,0
1.0,checkpoint,primary,50,-7276.086843873511,0.0015871107533965664,9.766969677660639e-11,50,0
1.0,checkpoint,primary,51,-7291.10899817287,0.0017439216712325477,9.68606067091688e-11,51,0
1.0,checkpoint,primary,52,-7307.0817752037865,0.0018981532166090322,9.605664172697193e-11,52,0
1.0,checkpoint,primary,53,-7322.792938244791,0.0019580968245202605,9.526223645291942e-11,53,0
1.0,checkpoint,primary,54,-7338.242643036776,0.0018716648074415289,9.447494817217025e-11,54,0
1.0,checkpoint,primary,55,-7352.772065253643,0.0017345290362159225,9.366901237840197e-11,55,0
1.0,checkpoint,primary,56,-7366.42340037193,0.0015579918666255533,9.286045876937009e-11,56,0
1.0,checkpoint,primary,57,-7379.208161572554,0.0013318427496167616,9.204721451812509e-11,57,0
1.0,checkpoint,primary,58,-7390.6556078395815,0.0010852162480414632,9.124788500158207e-11,58,0
1.0,checkpoint,primary,59,-7400.325696167329,0.0008566010290484669,9.049555213903836e-11,59,0
1.0,checkpoint,primary,60,-7408.665685552285,0.0006859055095312343,8.980370030860827e-11,60,0
1.0,checkpoint,primary,61,-7415.8268683869155,0.000535653604610234,8.918121527839683e-11,61,0
1.0,checkpoint,primary,62,-7422.313634685153,0.000457485797080777,8.862768747891201e-11,62,0
1.0,checkpoint,primary,63,-7428.09015970207,0.0004673205003105021,8.813590412889689e-11,63,0
1.0,checkpoint,primary,64,-7433.454219863943,0.0004757157884936624,8.770221899658197e-11,64,0
1.0,checkpoint,primary,65,-7438.651708571514,0.0004873699773016342,8.731426970596468e-11,65,0
1.0,checkpoint,primary,66,-7443.657719349108,0.000505374277997467,8.696618150806685e-11,66,0
1.0,checkpoint,primary,67,-7448.610615246189,0.0005324880322054555,8.665402308599314e-11,67,0
1.0,checkpoint,primary,68,-7453.709363018911,0.0005712434027333594,8.637078602384535e-11,68,0
1.0,checkpoint,primary,69,-7459.07647309639,0.0006184308312620136,8.610860821395148e-11,69,0
1.0,checkpoint,primary,70,-7464.660191065896,0.0006659532090701653,8.586006576430971e-11,70,0
1.0,checkpoint,primary,71,-7470.343013759264,0.0007200155800897519,8.562162742774523e-11,71,0
1.0,checkpoint,primary,72,-7476.037468084407,0.0007689051506257833,8.539332704945492e-11,72,0
1.0,checkpoint,primary,73,-7481.537620841476,0.0007708483586486513,8.518089980388575e-11,73,0
1.0,checkpoint,primary,74,-7486.806316577744,0.0007442848165100491,8.49893793795185e-11,74,0
1.0,checkpoint,primary,75,-7492.022114119991,0.0007328796435508167,8.48140713479652e-11,75,0
1.0,checkpoint,primary,76,-7497.391012033842,0.0007560841965133164,8.464755183449118e-11,76,0
1.0,checkpoint,primary,77,-7503.0958664747495,0.0008056888377833178,8.448129528447855e-11,77,0
1.0,checkpoint,primary,78,-7509.118366424617,0.0008454385997408153,8.4308477670676e-11,78,0
1.0,checkpoint,primary,79,-7515.48875866256,0.0008715844782140537,8.412590643630572e-11,79,0
1.0,checkpoint,primary,80,-7521.994313573729,0.0008421675517017073,8.392917291694764e-11,80,0
1.0,checkpoint,primary,81,-7528.210277203561,0.0007511960622717447,8.372580856436288e-11,81,0
1.0,checkpoint,primary,82,-7534.194455814832,0.0006904773979825984,8.352373346114983e-11,82,0
1.0,checkpoint,primary,83,-7540.0742616586795,0.0006994734641084231,8.33240007914143e-11,83,0
1.0,checkpoint,primary,84,-7545.812771398885,0.0007080235940623137,8.312702223029158e-11,84,0
1.0,checkpoint,primary,85,-7551.143144310704,0.0007207205595819394,8.29350299450637e-11,85,0
1.0,checkpoint,primary,86,-7556.182385996771,0.0007374476516558229,8.2751775697769e-11,86,0
1.0,checkpoint,primary,87,-7561.063051552244,0.0007549602489595337,8.257447003370738e-11,87,0
1.0,checkpoint,primary,88,-7565.681511202625,0.0007728867151554283,8.240430707692717e-11,88,0
1.0,checkpoint,primary,89,-7570.188804184664,0.000795642376224401,8.224479933913166e-11,89,0
1.0,checkpoint,primary,90,-7574.799972535455,0.0008282837019100212,8.209426227061209e-11,90,0
1.0,checkpoint,primary,91,-7579.6552930622975,0.0008736368652089368,8.194892542986457e-11,91,0
1.0,checkpoint,primary,92,-7584.784314825098,0.0009335685031265522,8.18065769084669e-11,92,0
1.0,checkpoint,primary,93,-7590.180255773158,0.0010105343396330858,8.166854135653306e-11,93,0
1.0,checkpoint,primary,94,-7595.912519238198,0.001105326310042598,8.153620307070366e-11,94,0
1.0,checkpoint,primary,95,-7602.072397060234,0.0012134991487150835,8.140843869568178e-11,95,0
1.0,checkpoint,primary,96,-7608.689432056677,0.0013287649636078752,8.128424799055095e-11,96,0
1.0,checkpoint,primary,97,-7615.764585696706,0.0014515586585216935,8.116488784756675e-11,97,0
1.0,checkpoint,primary,98,-7623.358951413715,0.001584815761265382,8.105114546651372e-11,98,0
1.0,checkpoint,primary,99,-7631.510538388697,0.0017208485806015283,8.094171406535625e-11,99,0
1.0,checkpoint,primary,100,-7640.143570016691,0.001849689413062714,8.083655910110147e-11,100,0
1.0,constrained-ls,primary,0,-947.6974741869542,0.2990055218304027,1.63278770175734e-07,0,0
1.0,constrained-ls,primary,1,-1445.4808306387815,0.20900558875204905,5.030143079832973e-08,1,0
1.0,constrained-ls,primary,2,-1923.3307298250484,0.15574610204398093,2.11479168855692e-08,2,0
1.0,constrained-ls,primary,3,-2400.19489145186,0.12162619465432545,1.0419763885590912e-08,3,0
1.0,constrained-ls,primary,4,-2878.218969232607,0.09713701647069745,5.673069013073975e-09,4,0
1.0,constrained-ls,primary,5,-3349.655133426521,0.07825368400903138,3.3318608624683465e-09,5,0
1.0,constrained-ls,primary,6,-3802.32324692625,0.06326963334412344,2.0872197602243483e-09,6,0
1.0,constrained-ls,primary,7,-4220.964246916356,0.05123436561975819,1.3863181326705416e-09,7,0
1.0,constrained-ls,primary,8,-4592.031150884017,0.04131340962816432,9.71631946657135e-10,8,0
1.0,constrained-ls,primary,9,-4906.320536240016,0.032931860386390954,7.161973273714074e-10,9,0
1.0,constrained-ls,primary,10,-5162.809877087391,0.025930242401009218,5.536501473180193e-10,10,0
1.0,constrained-ls,primary,11,-5367.315615015548,0.020195001994656736,4.4709433659881866e-10,11,0
1.0,constrained-ls,primary,12,-5529.268210774387,0.015604925309385398,3.753238427091736e-10,12,0
1.0,constrained-ls,primary,13,-5659.323224342741,0.0120044491814143,3.257328387888284e-10,13,0
1.0,constrained-ls,primary,14,-5769.32553544417,0.009289304870787052,2.904936709732247e-10,14,0
1.0,constrained-ls,primary,15,-5867.624642044745,0.007301232830832838,2.6461657436218037e-10,15,0
1.0,constrained-ls,primary,16,-5958.445651349166,0.005914143175742181,2.44965214568704e-10,16,0
1.0,constrained-ls,primary,17,-6044.0187562296605,0.0050115598825346,2.294273566076005e-10,17,0
1.0,constrained-ls,primary,18,-6125.089531832065,0.004431076317346794,2.1657737236326404e-10,18,0
1.0,constrained-ls,primary,19,-6201.997173191144,0.004051107780907948,2.0554610628313862e-10,19,0
1.0,constrained-ls,primary,20,-6275.6343557009295,0.003823818780345545,1.957788164293202e-10,20,0
1.0,constrained-ls,primary,21,-6345.806729186988,0.0036446933561479766,1.8690066529554766e-10,21,0
1.0,constrained-ls,primary,22,-6411.319814893625,0.0034718678962613603,1.7880459813989185e-10,22,0
1.0,constrained-ls,primary,23,-6471.953852584927,0.0032948504877347573,1.7141738720832307e-10,23,0
1.0,constrained-ls,primary,24,-6528.045199602565,0.003104335818826298,1.6468277647331023e-10,24,0
1.0,constrained-ls,primary,25,-6579.9249747402855,0.0028954939140951597,1.585665624099447e-10,25,0
1.0,constrained-ls,primary,26,-6628.288197917521,0.002695580493978389,1.5303329189538313e-10,26,0
1.0,constrained-ls,primary,27,-6673.543168751852,0.0025116311294251514,1.480202170109202e-10,27,0
1.0,constrained-ls,primary,28,-6715.464185331746,0.002616698019023015,1.434765026171931e-10,28,0
1.0,constrained-ls,primary,29,-6755.512744284678,0.0028131578479966475,1.393441956860799e-10,29,0
1.0,constrained-ls,primary,30,-6793.209659030106,0.002940358079533508,1.3554078359241212e-10,30,0
1.0,constrained-ls,primary,31,-6828.790974798672,0.00295320073657095,1.3205454096678875e-10,31,0
1.0,constrained-ls,primary,32,-6862.247791070793,0.0028603505894758702,1.2883865020643885e-10,32,0
1.0,constrained-ls,primary,33,-6892.834612113127,0.0026873558491255587,1.258867238367676e-10,33,0
1.0,constrained-ls,primary,34,-6921.607109597015,0.002447893477937079,1.2317104221993005e-10,34,0
1.0,constrained-ls,primary,35,-6948.7174360997815,0.0021606923927016456,1.2064735819425277e-10,35,0
1.0,constrained-ls,primary,36,-6974.4860720938805,0.0018555543875244675,1.1831265395543797e-10,36,0
1.0,constrained-ls,primary,37,-6998.637906293214,0.0015629639752962469,1.1618022259145089e-10,37,0
1.0,constrained-ls,primary,38,-7020.871539987346,0.0013008149841773535,1.1425744344567667e-10,38,0
1.0,constrained-ls,primary,39,-7042.463385079925,0.00124536494103594,1.1252515636861116e-10,39,0
1.0,constrained-ls,primary,40,-7064.261094210475,0.0013794360562492199,1.1092534704158925e-10,40,0
1.0,constrained-ls,primary,41,-7085.865007704577,0.0014608088449602015,1.0943809104587226e-10,41,0
1.0,constrained-ls,primary,42,-7107.228321154879,0.0014563815698549031,1.0805468936030076e-10,42,0
1.0,constrained-ls,primary,43,-7127.840584859859,0.0013640597916586847,1.0675931107048953e-10,43,0
1.0,constrained-ls,primary,44,-7147.974760532257,0.0012802206099896557,1.0553611250184581e-10,44,0
1.0,constrained-ls,primary,45,-7167.333175050245,0.0013992164050575593,1.0435005360983438e-10,45,0
1.0,constrained-ls,primary,46,-7186.508745097735,0.001547417476626062,1.0319720561069535e-10,46,0
1.0,constrained-ls,primary,47,-7205.039856921126,0.0017015133330421674,1.0209270224169467e-10,47,0
1.0,constrained-ls,primary,48,-7224.003870697805,0.0018529719127837216,1.0101597920246364e-10,48,0
1.0,constrained-ls,primary,49,-7243.192222969836,0.0019318751159974757,9.996157117573572e-11,49,0
1.0,constrained-ls,primary,50,-7261.014704954301,0.0018927229440960178,9.894588039339065e-11,50,0
1.0,constrained-ls,primary,51,-7279.135726008236,0.0018040655949197856,9.794198720033051e-11,51,0
1.0,constrained-ls,primary,52,-7296.125224932936,0.001640739001023072,9.692847153708443e-11,52,0
1.0,constrained-ls,primary,53,-7312.770520345076,0.0014303690196167521,9.590493066452647e-11,53,0
1.0,constrained-ls,primary,54,-7328.124853893163,0.0012057322460287806,9.489782854810608e-11,54,0
1.0,constrained-ls,primary,55,-7341.7099946122635,0.0009827003309930157,9.392996724398776e-11,55,0
1.0,constrained-ls,primary,56,-7353.04420115507,0.0007706641630914141,9.303953491484842e-11,56,0
1.0,constrained-ls,primary,57,-7362.948689674809,0.0006213867967282974,9.223142209148424e-11,57,0
1.0,constrained-ls,primary,58,-7371.96982256906,0.0006122453462940823,9.149625123066284e-11,58,0
1.0,constrained-ls,primary,59,-7380.049721190582,0.0005694329437995731,9.083222072146688e-11,59,0
1.0,constrained-ls,primary,60,-7387.51392164293,0.0005587923366753737,9.022881425669117e-11,60,0
1.0,constrained-ls,primary,61,-7394.711817771463,0.0005683943578210416,8.967827734020553e-11,61,0
1.0,constrained-ls,primary,62,-7401.603919704331,0.0005582049800744399,8.916959288021099e-11,62,0
1.0,constrained-ls,primary,63,-7408.038277797418,0.0005157579272097145,8.870262927233916e-11,63,0
1.0,constrained-ls,primary,64,-7414.137820510432,0.0004945813989660896,8.827837843939574e-11,64,0
1.0,constrained-ls,primary,65,-7420.233778411299,0.0004930722279818764,8.788686503920883e-11,65,0
1.0,constrained-ls,primary,66,-7425.798917115046,0.0004759181867129475,8.752408303406214e-11,66,0
1.0,constrained-ls,primary,67,-7431.085259196376,0.0004939664801280965,8.719988454127107e-11,67,0
1.0,constrained-ls,primary,68,-7436.373071277806,0.0005255908059062479,8.69053239837755e-11,68,0
1.0,constrained-ls,primary,69,-7441.723972642921,0.0005665229256180639,8.663204874553216e-11,69,0
1.0,constrained-ls,primary,70,-7447.043319573431,0.0006075027914828361,8.637726397627117e-11,70,0
1.0,constrained-ls,primary,71,-7452.225865528673,0.0006542766414635668,8.614300751962731e-11,71,0
1.0,constrained-ls,primary,72,-7457.534185580017,0.0007119165678335532,8.592739586459514e-11,72,0
1.0,constrained-ls,primary,73,-7463.044923150786,0.0007371060225714551,8.572164608202984e-11,73,0
1.0,constrained-ls,primary,74,-7468.586993913304,0.0007167922002014899,8.552225739241416e-11,74,0
1.0,constrained-ls,primary,75,-7474.177574162261,0.0007096080038705535,8.532871853309481e-11,75,0
1.0,constrained-ls,primary,76,-7479.998398197709,0.0007487369389162116,8.514120753512441e-11,76,0
1.0,constrained-ls,primary,77,-7486.168806542565,0.0008189540769593454,8.495611765883426e-11,77,0
1.0,constrained-ls,primary,78,-7492.667154068607,0.0008767864367759554,8.476735790394967e-11,78,0
1.0,constrained-ls,primary,79,-7499.33904095213,0.0008892667088808248,8.457362580897488e-11,79,0
1.0,constrained-ls,primary,80,-7506.02014097965,0.0008481022109247455,8.437484145427772e-11,80,0
1.0,constrained-ls,primary,81,-7512.532715418855,0.0007643176745153409,8.41725367479646e-11,81,0
1.0,constrained-ls,primary,82,-7518.900831768043,0.0007224474852303468,8.397032783609329e-11,82,0
1.0,constrained-ls,primary,83,-7525.309779666047,0.0007427056304867894,8.376889569678305e-11,83,0
1.0,constrained-ls,primary,84,-7531.72503353145,0.0007617116762310695,8.356734228077068e-11,84,0
1.0,constrained-ls,primary,85,-7538.037273839766,0.0007759547463918334,8.336790322295052e-11,85,0
1.0,constrained-ls,primary,86,-7544.186812473297,0.0007854826895120937,8.317202566666293e-11,86,0
1.0,constrained-ls,primary,87,-7550.258202186565,0.0007966130966776119,8.298204518092443e-11,87,0
1.0,constrained-ls,primary,88,-7556.202727998202,0.0008186623047189359,8.27996922649929e-11,88,0
1.0,constrained-ls,primary,89,-7562.009577636626,0.0008589841379185997,8.262902596168197e-11,89,0
1.0,constrained-ls,primary,90,-7567.881619549673,0.0009203956085749944,8.247051779848443e-11,90,0
1.0,constrained-ls,primary,91,-7574.047697845543,0.0010018545040379255,8.232161760636798e-11,91,0
1.0,constrained-ls,primary,92,-7580.70291054682,0.0010990081321928735,8.217999391017846e-11,92,0
1.0,constrained-ls,primary,93,-7587.999040523466,0.0012053869191148612,8.204556572195022e-11,93,0
1.0,constrained-ls,primary,94,-7596.05765587628,0.00131649009938853,8.192063070774943e-11,94,0
1.0,constrained-ls,primary,95,-7605.050233007186,0.0014346473699921448,8.180782680996127e-11,95,0
1.0,constrained-ls,primary,96,-7615.318154814968,0.0015640720101623648,8.170703133563848e-11,96,0
1.0,constrained-ls,primary,97,-7627.393347412883,0.0016990177707056125,8.16155832538911e-11,97,0
1.0,constrained-ls,primary,98,-7642.068059966839,0.0018256820316662839,8.153288991911808e-11,98,0
1.0,constrained-ls,primary,99,-7660.88673448241,0.0019512209042030454,8.145834290744578e-11,99,0
1.0,constrained-ls,primary,100,-7686.495096332687,0.002606247758528176,8.136835037291235e-11,100,0
