dataset,case,scope,regular,search_completed,usable_state,failures,unavailable,derivative_status
active-a,first-stage-double,monolithic,False,True,True,local_correction;derivative,,transition-unverified
active-a,first-stage-double,assembled,False,True,True,local_correction;derivative,,transition-unverified
active-a,first-stage-double,component:1,False,True,True,local_correction;derivative,,transition-unverified
active-a,narrower-double,monolithic,False,True,True,local_correction;derivative,,transition-unverified
active-a,narrower-double,assembled,False,True,True,local_correction;derivative,,transition-unverified
active-a,narrower-double,component:1,False,True,True,local_correction;derivative,,transition-unverified
active-a,wider-double,monolithic,False,True,True,local_correction;derivative,,transition-unverified
active-a,wider-double,assembled,False,True,True,local_correction;derivative,,transition-unverified
active-a,wider-double,component:1,False,True,True,local_correction;derivative,,transition-unverified
active-a,mixed-double,monolithic,False,True,True,local_correction;derivative,,transition-unverified
active-a,mixed-double,assembled,False,True,True,local_correction;derivative,,transition-unverified
active-a,mixed-double,component:1,False,True,True,local_correction;derivative,,transition-unverified
active-a,first-stage-float32,monolithic,False,True,True,local_correction;derivative,,transition-unverified
active-a,first-stage-float32,assembled,False,True,True,local_correction;derivative,,transition-unverified
active-a,first-stage-float32,component:1,False,True,True,local_correction;derivative,,transition-unverified
active-a,narrower-float32,monolithic,False,True,True,derivative;regular_active_face,,transition-unverified
active-a,narrower-float32,assembled,False,True,True,derivative;regular_active_face,,transition-unverified
active-a,narrower-float32,component:1,False,True,True,derivative;regular_active_face,,transition-unverified
active-a,wider-float32,monolithic,False,True,True,local_correction;derivative,,transition-unverified
active-a,wider-float32,assembled,False,True,True,local_correction;derivative,,transition-unverified
active-a,wider-float32,component:1,False,True,True,local_correction;derivative,,transition-unverified
active-a,mixed-float32,monolithic,False,True,True,local_correction;derivative,,transition-unverified
active-a,mixed-float32,assembled,False,True,True,local_correction;derivative,,transition-unverified
active-a,mixed-float32,component:1,False,True,True,local_correction;derivative,,transition-unverified
baseline,first-stage-double,monolithic,True,True,True,,,verified
baseline,first-stage-double,assembled,True,True,True,,,verified
baseline,first-stage-double,component:1,True,True,True,,,verified
baseline,narrower-double,monolithic,True,True,True,,,verified
baseline,narrower-double,assembled,True,True,True,,,verified
baseline,narrower-double,component:1,True,True,True,,,verified
baseline,wider-double,monolithic,True,True,True,,,verified
baseline,wider-double,assembled,True,True,True,,,verified
baseline,wider-double,component:1,True,True,True,,,verified
baseline,mixed-double,monolithic,True,True,True,,,verified
baseline,mixed-double,assembled,True,True,True,,,verified
baseline,mixed-double,component:1,True,True,True,,,verified
baseline,first-stage-float32,monolithic,True,True,True,,,verified
baseline,first-stage-float32,assembled,True,True,True,,,verified
baseline,first-stage-float32,component:1,True,True,True,,,verified
baseline,narrower-float32,monolithic,True,True,True,,,verified
baseline,narrower-float32,assembled,True,True,True,,,verified
baseline,narrower-float32,component:1,True,True,True,,,verified
baseline,wider-float32,monolithic,True,True,True,,,verified
baseline,wider-float32,assembled,True,True,True,,,verified
baseline,wider-float32,component:1,True,True,True,,,verified
baseline,mixed-float32,monolithic,True,True,True,,,verified
baseline,mixed-float32,assembled,True,True,True,,,verified
baseline,mixed-float32,component:1,True,True,True,,,verified
duplicate,first-stage-double,monolithic,False,False,False,search_completed,inner;b_gradient;local_correction;identified;derivative;endpoint_replay;endpoint_trust;regular_active_face,unavailable
duplicate,first-stage-double,assembled,False,False,False,search_completed;usable_global_state,inner;b_gradient;local_correction;identified;derivative;endpoint_replay;endpoint_trust;regular_active_face;assembled_profile,unavailable
duplicate,first-stage-double,component:1,False,False,False,search_completed,inner;b_gradient;local_correction;identified;derivative;endpoint_replay;endpoint_trust;regular_active_face,unavailable
duplicate,narrower-double,monolithic,False,False,False,search_completed,inner;b_gradient;local_correction;identified;derivative;endpoint_replay;endpoint_trust;regular_active_face,unavailable
duplicate,narrower-double,assembled,False,False,False,search_completed;usable_global_state,inner;b_gradient;local_correction;identified;derivative;endpoint_replay;endpoint_trust;regular_active_face;assembled_profile,unavailable
duplicate,narrower-double,component:1,False,False,False,search_completed,inner;b_gradient;local_correction;identified;derivative;endpoint_replay;endpoint_trust;regular_active_face,unavailable
duplicate,wider-double,monolithic,False,False,False,search_completed,inner;b_gradient;local_correction;identified;derivative;endpoint_replay;endpoint_trust;regular_active_face,unavailable
duplicate,wider-double,assembled,False,False,False,search_completed;usable_global_state,inner;b_gradient;local_correction;identified;derivative;endpoint_replay;endpoint_trust;regular_active_face;assembled_profile,unavailable
duplicate,wider-double,component:1,False,False,False,search_completed,inner;b_gradient;local_correction;identified;derivative;endpoint_replay;endpoint_trust;regular_active_face,unavailable
duplicate,mixed-double,monolithic,False,True,True,identified;derivative,,transition-unverified
duplicate,mixed-double,assembled,False,True,True,identified;derivative,,transition-unverified
duplicate,mixed-double,component:1,False,True,True,identified;derivative,,transition-unverified
duplicate,first-stage-float32,monolithic,False,False,False,search_completed,inner;b_gradient;local_correction;identified;derivative;endpoint_replay;endpoint_trust;regular_active_face,unavailable
duplicate,first-stage-float32,assembled,False,False,False,search_completed;usable_global_state,inner;b_gradient;local_correction;identified;derivative;endpoint_replay;endpoint_trust;regular_active_face;assembled_profile,unavailable
duplicate,first-stage-float32,component:1,False,False,False,search_completed,inner;b_gradient;local_correction;identified;derivative;endpoint_replay;endpoint_trust;regular_active_face,unavailable
duplicate,narrower-float32,monolithic,False,False,False,search_completed,inner;b_gradient;local_correction;identified;derivative;endpoint_replay;endpoint_trust;regular_active_face,unavailable
duplicate,narrower-float32,assembled,False,False,False,search_completed;usable_global_state,inner;b_gradient;local_correction;identified;derivative;endpoint_replay;endpoint_trust;regular_active_face;assembled_profile,unavailable
duplicate,narrower-float32,component:1,False,False,False,search_completed,inner;b_gradient;local_correction;identified;derivative;endpoint_replay;endpoint_trust;regular_active_face,unavailable
duplicate,wider-float32,monolithic,False,False,False,search_completed,inner;b_gradient;local_correction;identified;derivative;endpoint_replay;endpoint_trust;regular_active_face,unavailable
duplicate,wider-float32,assembled,False,False,False,search_completed;usable_global_state,inner;b_gradient;local_correction;identified;derivative;endpoint_replay;endpoint_trust;regular_active_face;assembled_profile,unavailable
duplicate,wider-float32,component:1,False,False,False,search_completed,inner;b_gradient;local_correction;identified;derivative;endpoint_replay;endpoint_trust;regular_active_face,unavailable
duplicate,mixed-float32,monolithic,False,True,True,identified;derivative;regular_active_face,,transition-unverified
duplicate,mixed-float32,assembled,False,True,True,identified;derivative;regular_active_face,,transition-unverified
duplicate,mixed-float32,component:1,False,True,True,identified;derivative;regular_active_face,,transition-unverified
heterogeneous-168,first-stage-double,monolithic,True,True,True,,,verified
heterogeneous-168,first-stage-double,assembled,True,True,True,,,verified
heterogeneous-168,first-stage-double,component:1,True,True,True,,,verified
heterogeneous-168,narrower-double,monolithic,True,True,True,,,verified
heterogeneous-168,narrower-double,assembled,True,True,True,,,verified
heterogeneous-168,narrower-double,component:1,True,True,True,,,verified
heterogeneous-168,wider-double,monolithic,True,True,True,,,verified
heterogeneous-168,wider-double,assembled,True,True,True,,,verified
heterogeneous-168,wider-double,component:1,True,True,True,,,verified
heterogeneous-168,mixed-double,monolithic,True,True,True,,,verified
heterogeneous-168,mixed-double,assembled,True,True,True,,,verified
heterogeneous-168,mixed-double,component:1,True,True,True,,,verified
heterogeneous-168,first-stage-float32,monolithic,True,True,True,,,verified
heterogeneous-168,first-stage-float32,assembled,True,True,True,,,verified
heterogeneous-168,first-stage-float32,component:1,True,True,True,,,verified
heterogeneous-168,narrower-float32,monolithic,True,True,True,,,verified
heterogeneous-168,narrower-float32,assembled,True,True,True,,,verified
heterogeneous-168,narrower-float32,component:1,True,True,True,,,verified
heterogeneous-168,wider-float32,monolithic,True,True,True,,,verified
heterogeneous-168,wider-float32,assembled,True,True,True,,,verified
heterogeneous-168,wider-float32,component:1,True,True,True,,,verified
heterogeneous-168,mixed-float32,monolithic,True,True,True,,,verified
heterogeneous-168,mixed-float32,assembled,True,True,True,,,verified
heterogeneous-168,mixed-float32,component:1,True,True,True,,,verified
near-0.02,first-stage-double,monolithic,True,True,True,,,verified
near-0.02,first-stage-double,assembled,True,True,True,,,verified
near-0.02,first-stage-double,component:1,True,True,True,,,verified
near-0.02,narrower-double,monolithic,True,True,True,,,verified
near-0.02,narrower-double,assembled,True,True,True,,,verified
near-0.02,narrower-double,component:1,True,True,True,,,verified
near-0.02,wider-double,monolithic,True,True,True,,,verified
near-0.02,wider-double,assembled,True,True,True,,,verified
near-0.02,wider-double,component:1,True,True,True,,,verified
near-0.02,mixed-double,monolithic,True,True,True,,,verified
near-0.02,mixed-double,assembled,True,True,True,,,verified
near-0.02,mixed-double,component:1,True,True,True,,,verified
near-0.02,first-stage-float32,monolithic,True,True,True,,,verified
near-0.02,first-stage-float32,assembled,True,True,True,,,verified
near-0.02,first-stage-float32,component:1,True,True,True,,,verified
near-0.02,narrower-float32,monolithic,True,True,True,,,verified
near-0.02,narrower-float32,assembled,True,True,True,,,verified
near-0.02,narrower-float32,component:1,True,True,True,,,verified
near-0.02,wider-float32,monolithic,True,True,True,,,verified
near-0.02,wider-float32,assembled,True,True,True,,,verified
near-0.02,wider-float32,component:1,True,True,True,,,verified
near-0.02,mixed-float32,monolithic,True,True,True,,,verified
near-0.02,mixed-float32,assembled,True,True,True,,,verified
near-0.02,mixed-float32,component:1,True,True,True,,,verified
near-0.10,first-stage-double,monolithic,True,True,True,,,verified
near-0.10,first-stage-double,assembled,True,True,True,,,verified
near-0.10,first-stage-double,component:1,True,True,True,,,verified
near-0.10,narrower-double,monolithic,True,True,True,,,verified
near-0.10,narrower-double,assembled,True,True,True,,,verified
near-0.10,narrower-double,component:1,True,True,True,,,verified
near-0.10,wider-double,monolithic,True,True,True,,,verified
near-0.10,wider-double,assembled,True,True,True,,,verified
near-0.10,wider-double,component:1,True,True,True,,,verified
near-0.10,mixed-double,monolithic,True,True,True,,,verified
near-0.10,mixed-double,assembled,True,True,True,,,verified
near-0.10,mixed-double,component:1,True,True,True,,,verified
near-0.10,first-stage-float32,monolithic,True,True,True,,,verified
near-0.10,first-stage-float32,assembled,True,True,True,,,verified
near-0.10,first-stage-float32,component:1,True,True,True,,,verified
near-0.10,narrower-float32,monolithic,True,True,True,,,verified
near-0.10,narrower-float32,assembled,True,True,True,,,verified
near-0.10,narrower-float32,component:1,True,True,True,,,verified
near-0.10,wider-float32,monolithic,True,True,True,,,verified
near-0.10,wider-float32,assembled,True,True,True,,,verified
near-0.10,wider-float32,component:1,True,True,True,,,verified
near-0.10,mixed-float32,monolithic,True,True,True,,,verified
near-0.10,mixed-float32,assembled,True,True,True,,,verified
near-0.10,mixed-float32,component:1,True,True,True,,,verified
regular-active,first-stage-double,monolithic,False,True,True,local_correction;derivative,,transition-unverified
regular-active,first-stage-double,assembled,False,True,True,local_correction;derivative,,transition-unverified
regular-active,first-stage-double,component:00:baseline:1,False,True,True,derivative,,resolution-unverified
regular-active,first-stage-double,component:01:active-a:1,False,True,True,local_correction;derivative,,transition-unverified
regular-active,narrower-double,monolithic,False,True,True,local_correction;derivative,,transition-unverified
regular-active,narrower-double,assembled,False,True,True,local_correction;derivative,,transition-unverified
regular-active,narrower-double,component:00:baseline:1,False,True,True,derivative,,resolution-unverified
regular-active,narrower-double,component:01:active-a:1,False,True,True,local_correction;derivative,,transition-unverified
regular-active,wider-double,monolithic,False,True,True,local_correction;identified;derivative,,transition-unverified
regular-active,wider-double,assembled,False,True,True,local_correction;derivative,,transition-unverified
regular-active,wider-double,component:00:baseline:1,False,True,True,derivative,,resolution-unverified
regular-active,wider-double,component:01:active-a:1,False,True,True,local_correction;derivative,,transition-unverified
regular-active,mixed-double,monolithic,False,True,True,local_correction;derivative,,transition-unverified
regular-active,mixed-double,assembled,False,True,True,local_correction;derivative,,transition-unverified
regular-active,mixed-double,component:00:baseline:1,False,True,True,derivative,,resolution-unverified
regular-active,mixed-double,component:01:active-a:1,False,True,True,local_correction;derivative,,transition-unverified
regular-active,first-stage-float32,monolithic,False,True,True,local_correction;derivative,,transition-unverified
regular-active,first-stage-float32,assembled,False,True,True,local_correction;derivative,,transition-unverified
regular-active,first-stage-float32,component:00:baseline:1,False,True,True,derivative,,resolution-unverified
regular-active,first-stage-float32,component:01:active-a:1,False,True,True,local_correction;derivative,,transition-unverified
regular-active,narrower-float32,monolithic,False,True,True,local_correction;identified;derivative;precision_feasibility,,transition-unverified
regular-active,narrower-float32,assembled,False,True,True,local_correction;identified;derivative;precision_feasibility,,transition-unverified
regular-active,narrower-float32,component:00:baseline:1,False,True,True,derivative,,resolution-unverified
regular-active,narrower-float32,component:01:active-a:1,False,True,True,local_correction;identified;derivative;precision_feasibility,,transition-unverified
regular-active,wider-float32,monolithic,False,True,True,local_correction;derivative,,transition-unverified
regular-active,wider-float32,assembled,False,True,True,local_correction;derivative,,transition-unverified
regular-active,wider-float32,component:00:baseline:1,False,True,True,derivative,,resolution-unverified
regular-active,wider-float32,component:01:active-a:1,False,True,True,local_correction;derivative,,transition-unverified
regular-active,mixed-float32,monolithic,False,True,True,local_correction;derivative,,transition-unverified
regular-active,mixed-float32,assembled,False,True,True,local_correction;derivative,,transition-unverified
regular-active,mixed-float32,component:00:baseline:1,False,True,True,derivative,,resolution-unverified
regular-active,mixed-float32,component:01:active-a:1,False,True,True,local_correction;derivative,,transition-unverified
regular-duplicate,first-stage-double,monolithic,False,False,False,search_completed,inner;b_gradient;local_correction;identified;derivative;endpoint_replay;endpoint_trust;regular_active_face,unavailable
regular-duplicate,first-stage-double,assembled,False,False,False,search_completed;usable_global_state,inner;b_gradient;local_correction;identified;derivative;endpoint_replay;endpoint_trust;regular_active_face;assembled_profile,unavailable
regular-duplicate,first-stage-double,component:00:baseline:1,True,True,True,,,verified
regular-duplicate,first-stage-double,component:01:duplicate:1,False,False,False,search_completed,inner;b_gradient;local_correction;identified;derivative;endpoint_replay;endpoint_trust;regular_active_face,unavailable
regular-duplicate,narrower-double,monolithic,False,False,False,search_completed,inner;b_gradient;local_correction;identified;derivative;endpoint_replay;endpoint_trust;regular_active_face,unavailable
regular-duplicate,narrower-double,assembled,False,False,False,search_completed;usable_global_state,inner;b_gradient;local_correction;identified;derivative;endpoint_replay;endpoint_trust;regular_active_face;assembled_profile,unavailable
regular-duplicate,narrower-double,component:00:baseline:1,True,True,True,,,verified
regular-duplicate,narrower-double,component:01:duplicate:1,False,False,False,search_completed,inner;b_gradient;local_correction;identified;derivative;endpoint_replay;endpoint_trust;regular_active_face,unavailable
regular-duplicate,wider-double,monolithic,False,False,False,search_completed,inner;b_gradient;local_correction;identified;derivative;endpoint_replay;endpoint_trust;regular_active_face,unavailable
regular-duplicate,wider-double,assembled,False,False,False,search_completed;usable_global_state,inner;b_gradient;local_correction;identified;derivative;endpoint_replay;endpoint_trust;regular_active_face;assembled_profile,unavailable
regular-duplicate,wider-double,component:00:baseline:1,True,True,True,,,verified
regular-duplicate,wider-double,component:01:duplicate:1,False,False,False,search_completed,inner;b_gradient;local_correction;identified;derivative;endpoint_replay;endpoint_trust;regular_active_face,unavailable
regular-duplicate,mixed-double,monolithic,False,True,True,identified;derivative;regular_active_face,,transition-unverified
regular-duplicate,mixed-double,assembled,False,True,True,identified;derivative,,transition-unverified
regular-duplicate,mixed-double,component:00:baseline:1,True,True,True,,,verified
regular-duplicate,mixed-double,component:01:duplicate:1,False,True,True,identified;derivative,,transition-unverified
regular-duplicate,first-stage-float32,monolithic,False,False,False,search_completed,inner;b_gradient;local_correction;identified;derivative;endpoint_replay;endpoint_trust;regular_active_face,unavailable
regular-duplicate,first-stage-float32,assembled,False,False,False,search_completed;usable_global_state,inner;b_gradient;local_correction;identified;derivative;endpoint_replay;endpoint_trust;regular_active_face;assembled_profile,unavailable
regular-duplicate,first-stage-float32,component:00:baseline:1,True,True,True,,,verified
regular-duplicate,first-stage-float32,component:01:duplicate:1,False,False,False,search_completed,inner;b_gradient;local_correction;identified;derivative;endpoint_replay;endpoint_trust;regular_active_face,unavailable
regular-duplicate,narrower-float32,monolithic,False,False,False,search_completed,inner;b_gradient;local_correction;identified;derivative;endpoint_replay;endpoint_trust;regular_active_face,unavailable
regular-duplicate,narrower-float32,assembled,False,False,False,search_completed;usable_global_state,inner;b_gradient;local_correction;identified;derivative;endpoint_replay;endpoint_trust;regular_active_face;assembled_profile,unavailable
regular-duplicate,narrower-float32,component:00:baseline:1,True,True,True,,,verified
regular-duplicate,narrower-float32,component:01:duplicate:1,False,False,False,search_completed,inner;b_gradient;local_correction;identified;derivative;endpoint_replay;endpoint_trust;regular_active_face,unavailable
regular-duplicate,wider-float32,monolithic,False,False,False,search_completed,inner;b_gradient;local_correction;identified;derivative;endpoint_replay;endpoint_trust;regular_active_face,unavailable
regular-duplicate,wider-float32,assembled,False,False,False,search_completed;usable_global_state,inner;b_gradient;local_correction;identified;derivative;endpoint_replay;endpoint_trust;regular_active_face;assembled_profile,unavailable
regular-duplicate,wider-float32,component:00:baseline:1,True,True,True,,,verified
regular-duplicate,wider-float32,component:01:duplicate:1,False,False,False,search_completed,inner;b_gradient;local_correction;identified;derivative;endpoint_replay;endpoint_trust;regular_active_face,unavailable
regular-duplicate,mixed-float32,monolithic,False,True,True,identified;derivative;regular_active_face,,transition-unverified
regular-duplicate,mixed-float32,assembled,False,True,True,identified;derivative;regular_active_face,,transition-unverified
regular-duplicate,mixed-float32,component:00:baseline:1,True,True,True,,,verified
regular-duplicate,mixed-float32,component:01:duplicate:1,False,True,True,identified;derivative;regular_active_face,,transition-unverified
regular-near,first-stage-double,monolithic,True,True,True,,,verified
regular-near,first-stage-double,assembled,True,True,True,,,verified
regular-near,first-stage-double,component:00:baseline:1,False,True,True,derivative,,resolution-unverified
regular-near,first-stage-double,component:01:near-0.02:1,True,True,True,,,verified
regular-near,narrower-double,monolithic,True,True,True,,,verified
regular-near,narrower-double,assembled,True,True,True,,,verified
regular-near,narrower-double,component:00:baseline:1,False,True,True,derivative,,resolution-unverified
regular-near,narrower-double,component:01:near-0.02:1,True,True,True,,,verified
regular-near,wider-double,monolithic,True,True,True,,,verified
regular-near,wider-double,assembled,True,True,True,,,verified
regular-near,wider-double,component:00:baseline:1,False,True,True,derivative,,resolution-unverified
regular-near,wider-double,component:01:near-0.02:1,True,True,True,,,verified
regular-near,mixed-double,monolithic,True,True,True,,,verified
regular-near,mixed-double,assembled,True,True,True,,,verified
regular-near,mixed-double,component:00:baseline:1,False,True,True,derivative,,resolution-unverified
regular-near,mixed-double,component:01:near-0.02:1,True,True,True,,,verified
regular-near,first-stage-float32,monolithic,True,True,True,,,verified
regular-near,first-stage-float32,assembled,True,True,True,,,verified
regular-near,first-stage-float32,component:00:baseline:1,False,True,True,derivative,,resolution-unverified
regular-near,first-stage-float32,component:01:near-0.02:1,True,True,True,,,verified
regular-near,narrower-float32,monolithic,True,True,True,,,verified
regular-near,narrower-float32,assembled,True,True,True,,,verified
regular-near,narrower-float32,component:00:baseline:1,False,True,True,derivative,,resolution-unverified
regular-near,narrower-float32,component:01:near-0.02:1,True,True,True,,,verified
regular-near,wider-float32,monolithic,True,True,True,,,verified
regular-near,wider-float32,assembled,True,True,True,,,verified
regular-near,wider-float32,component:00:baseline:1,False,True,True,derivative,,resolution-unverified
regular-near,wider-float32,component:01:near-0.02:1,True,True,True,,,verified
regular-near,mixed-float32,monolithic,True,True,True,,,verified
regular-near,mixed-float32,assembled,True,True,True,,,verified
regular-near,mixed-float32,component:00:baseline:1,False,True,True,derivative,,resolution-unverified
regular-near,mixed-float32,component:01:near-0.02:1,True,True,True,,,verified
regular-three,first-stage-double,monolithic,True,True,True,,,verified
regular-three,first-stage-double,assembled,True,True,True,,,verified
regular-three,first-stage-double,component:00:baseline:1,False,True,True,derivative,,resolution-unverified
regular-three,first-stage-double,component:01:baseline:1,False,True,True,derivative,,resolution-unverified
regular-three,first-stage-double,component:02:near-0.10:1,True,True,True,,,verified
regular-three,narrower-double,monolithic,True,True,True,,,verified
regular-three,narrower-double,assembled,True,True,True,,,verified
regular-three,narrower-double,component:00:baseline:1,True,True,True,,,verified
regular-three,narrower-double,component:01:baseline:1,True,True,True,,,verified
regular-three,narrower-double,component:02:near-0.10:1,True,True,True,,,verified
regular-three,wider-double,monolithic,True,True,True,,,verified
regular-three,wider-double,assembled,True,True,True,,,verified
regular-three,wider-double,component:00:baseline:1,True,True,True,,,verified
regular-three,wider-double,component:01:baseline:1,True,True,True,,,verified
regular-three,wider-double,component:02:near-0.10:1,True,True,True,,,verified
regular-three,mixed-double,monolithic,True,True,True,,,verified
regular-three,mixed-double,assembled,True,True,True,,,verified
regular-three,mixed-double,component:00:baseline:1,True,True,True,,,verified
regular-three,mixed-double,component:01:baseline:1,True,True,True,,,verified
regular-three,mixed-double,component:02:near-0.10:1,True,True,True,,,verified
regular-three,first-stage-float32,monolithic,True,True,True,,,verified
regular-three,first-stage-float32,assembled,True,True,True,,,verified
regular-three,first-stage-float32,component:00:baseline:1,False,True,True,derivative,,resolution-unverified
regular-three,first-stage-float32,component:01:baseline:1,False,True,True,derivative,,resolution-unverified
regular-three,first-stage-float32,component:02:near-0.10:1,True,True,True,,,verified
regular-three,narrower-float32,monolithic,True,True,True,,,verified
regular-three,narrower-float32,assembled,True,True,True,,,verified
regular-three,narrower-float32,component:00:baseline:1,True,True,True,,,verified
regular-three,narrower-float32,component:01:baseline:1,True,True,True,,,verified
regular-three,narrower-float32,component:02:near-0.10:1,True,True,True,,,verified
regular-three,wider-float32,monolithic,True,True,True,,,verified
regular-three,wider-float32,assembled,True,True,True,,,verified
regular-three,wider-float32,component:00:baseline:1,True,True,True,,,verified
regular-three,wider-float32,component:01:baseline:1,True,True,True,,,verified
regular-three,wider-float32,component:02:near-0.10:1,True,True,True,,,verified
regular-three,mixed-float32,monolithic,True,True,True,,,verified
regular-three,mixed-float32,assembled,True,True,True,,,verified
regular-three,mixed-float32,component:00:baseline:1,True,True,True,,,verified
regular-three,mixed-float32,component:01:baseline:1,True,True,True,,,verified
regular-three,mixed-float32,component:02:near-0.10:1,True,True,True,,,verified
regular-two,first-stage-double,monolithic,True,True,True,,,verified
regular-two,first-stage-double,assembled,True,True,True,,,verified
regular-two,first-stage-double,component:00:baseline:1,False,True,True,derivative,,resolution-unverified
regular-two,first-stage-double,component:01:weak-1e-2:1,True,True,True,,,verified
regular-two,narrower-double,monolithic,True,True,True,,,verified
regular-two,narrower-double,assembled,True,True,True,,,verified
regular-two,narrower-double,component:00:baseline:1,True,True,True,,,verified
regular-two,narrower-double,component:01:weak-1e-2:1,True,True,True,,,verified
regular-two,wider-double,monolithic,True,True,True,,,verified
regular-two,wider-double,assembled,True,True,True,,,verified
regular-two,wider-double,component:00:baseline:1,True,True,True,,,verified
regular-two,wider-double,component:01:weak-1e-2:1,True,True,True,,,verified
regular-two,mixed-double,monolithic,True,True,True,,,verified
regular-two,mixed-double,assembled,True,True,True,,,verified
regular-two,mixed-double,component:00:baseline:1,True,True,True,,,verified
regular-two,mixed-double,component:01:weak-1e-2:1,True,True,True,,,verified
regular-two,first-stage-float32,monolithic,True,True,True,,,verified
regular-two,first-stage-float32,assembled,True,True,True,,,verified
regular-two,first-stage-float32,component:00:baseline:1,False,True,True,derivative,,resolution-unverified
regular-two,first-stage-float32,component:01:weak-1e-2:1,True,True,True,,,verified
regular-two,narrower-float32,monolithic,True,True,True,,,verified
regular-two,narrower-float32,assembled,True,True,True,,,verified
regular-two,narrower-float32,component:00:baseline:1,True,True,True,,,verified
regular-two,narrower-float32,component:01:weak-1e-2:1,True,True,True,,,verified
regular-two,wider-float32,monolithic,True,True,True,,,verified
regular-two,wider-float32,assembled,True,True,True,,,verified
regular-two,wider-float32,component:00:baseline:1,True,True,True,,,verified
regular-two,wider-float32,component:01:weak-1e-2:1,True,True,True,,,verified
regular-two,mixed-float32,monolithic,True,True,True,,,verified
regular-two,mixed-float32,assembled,True,True,True,,,verified
regular-two,mixed-float32,component:00:baseline:1,True,True,True,,,verified
regular-two,mixed-float32,component:01:weak-1e-2:1,True,True,True,,,verified
regular-weak,first-stage-double,monolithic,False,True,True,derivative,,resolution-unverified
regular-weak,first-stage-double,assembled,False,True,True,derivative,,resolution-unverified
regular-weak,first-stage-double,component:00:baseline:1,False,True,True,derivative,,resolution-unverified
regular-weak,first-stage-double,component:01:weak-1e-4:1,False,True,True,derivative,,resolution-unverified
regular-weak,narrower-double,monolithic,False,True,True,derivative,,resolution-unverified
regular-weak,narrower-double,assembled,False,True,True,derivative,,resolution-unverified
regular-weak,narrower-double,component:00:baseline:1,False,True,True,derivative,,resolution-unverified
regular-weak,narrower-double,component:01:weak-1e-4:1,False,True,True,derivative,,resolution-unverified
regular-weak,wider-double,monolithic,False,True,True,derivative,,resolution-unverified
regular-weak,wider-double,assembled,False,True,True,derivative,,resolution-unverified
regular-weak,wider-double,component:00:baseline:1,False,True,True,derivative,,resolution-unverified
regular-weak,wider-double,component:01:weak-1e-4:1,False,True,True,derivative,,resolution-unverified
regular-weak,mixed-double,monolithic,False,True,True,derivative,,resolution-unverified
regular-weak,mixed-double,assembled,False,True,True,derivative,,resolution-unverified
regular-weak,mixed-double,component:00:baseline:1,False,True,True,derivative,,resolution-unverified
regular-weak,mixed-double,component:01:weak-1e-4:1,False,True,True,derivative,,resolution-unverified
regular-weak,first-stage-float32,monolithic,False,True,True,local_correction;derivative,,resolution-unverified
regular-weak,first-stage-float32,assembled,False,True,True,local_correction;derivative,,resolution-unverified
regular-weak,first-stage-float32,component:00:baseline:1,False,True,True,derivative,,resolution-unverified
regular-weak,first-stage-float32,component:01:weak-1e-4:1,False,True,True,local_correction;derivative,,resolution-unverified
regular-weak,narrower-float32,monolithic,False,True,True,derivative,,resolution-unverified
regular-weak,narrower-float32,assembled,False,True,True,derivative,,resolution-unverified
regular-weak,narrower-float32,component:00:baseline:1,False,True,True,derivative,,resolution-unverified
regular-weak,narrower-float32,component:01:weak-1e-4:1,False,True,True,derivative,,resolution-unverified
regular-weak,wider-float32,monolithic,False,True,True,derivative,,resolution-unverified
regular-weak,wider-float32,assembled,False,True,True,derivative,,resolution-unverified
regular-weak,wider-float32,component:00:baseline:1,False,True,True,derivative,,resolution-unverified
regular-weak,wider-float32,component:01:weak-1e-4:1,False,True,True,derivative,,resolution-unverified
regular-weak,mixed-float32,monolithic,False,True,True,local_correction;derivative,,resolution-unverified
regular-weak,mixed-float32,assembled,False,True,True,derivative,,resolution-unverified
regular-weak,mixed-float32,component:00:baseline:1,False,True,True,derivative,,resolution-unverified
regular-weak,mixed-float32,component:01:weak-1e-4:1,False,True,True,derivative,,resolution-unverified
regular-zero,first-stage-double,monolithic,False,True,True,local_correction;identified;derivative;regular_active_face,,transition-unverified
regular-zero,first-stage-double,assembled,False,True,True,identified;derivative;precision_feasibility,,transition-unverified
regular-zero,first-stage-double,component:00:baseline:1,False,True,True,derivative,,resolution-unverified
regular-zero,first-stage-double,component:01:zero-signal:1,False,True,True,identified;derivative;precision_feasibility,,transition-unverified
regular-zero,narrower-double,monolithic,False,True,True,identified;derivative;regular_active_face,,transition-unverified
regular-zero,narrower-double,assembled,False,True,True,identified;derivative;regular_active_face,,transition-unverified
regular-zero,narrower-double,component:00:baseline:1,True,True,True,,,verified
regular-zero,narrower-double,component:01:zero-signal:1,False,True,True,identified;derivative;regular_active_face,,transition-unverified
regular-zero,wider-double,monolithic,False,True,True,identified;derivative,,transition-unverified
regular-zero,wider-double,assembled,False,True,True,identified;derivative,,transition-unverified
regular-zero,wider-double,component:00:baseline:1,True,True,True,,,verified
regular-zero,wider-double,component:01:zero-signal:1,False,True,True,identified;derivative,,transition-unverified
regular-zero,mixed-double,monolithic,False,True,True,identified;derivative;regular_active_face,,transition-unverified
regular-zero,mixed-double,assembled,False,True,True,identified;derivative;regular_active_face,,transition-unverified
regular-zero,mixed-double,component:00:baseline:1,True,True,True,,,verified
regular-zero,mixed-double,component:01:zero-signal:1,False,True,True,identified;derivative;regular_active_face,,transition-unverified
regular-zero,first-stage-float32,monolithic,False,True,True,local_correction;derivative,,transition-unverified
regular-zero,first-stage-float32,assembled,False,True,True,local_correction;derivative,,transition-unverified
regular-zero,first-stage-float32,component:00:baseline:1,False,True,True,derivative,,resolution-unverified
regular-zero,first-stage-float32,component:01:zero-signal:1,False,True,True,local_correction;derivative,,transition-unverified
regular-zero,narrower-float32,monolithic,False,True,True,local_correction;derivative,,transition-unverified
regular-zero,narrower-float32,assembled,False,True,True,local_correction;derivative,,transition-unverified
regular-zero,narrower-float32,component:00:baseline:1,True,True,True,,,verified
regular-zero,narrower-float32,component:01:zero-signal:1,False,True,True,local_correction;derivative,,transition-unverified
regular-zero,wider-float32,monolithic,False,True,True,local_correction;derivative,,transition-unverified
regular-zero,wider-float32,assembled,False,True,True,local_correction;derivative,,transition-unverified
regular-zero,wider-float32,component:00:baseline:1,True,True,True,,,verified
regular-zero,wider-float32,component:01:zero-signal:1,False,True,True,local_correction;derivative,,transition-unverified
regular-zero,mixed-float32,monolithic,False,True,True,local_correction;derivative,,transition-unverified
regular-zero,mixed-float32,assembled,False,True,True,local_correction;derivative,,transition-unverified
regular-zero,mixed-float32,component:00:baseline:1,True,True,True,,,verified
regular-zero,mixed-float32,component:01:zero-signal:1,False,True,True,local_correction;derivative,,transition-unverified
weak-1e-2,first-stage-double,monolithic,True,True,True,,,verified
weak-1e-2,first-stage-double,assembled,True,True,True,,,verified
weak-1e-2,first-stage-double,component:1,True,True,True,,,verified
weak-1e-2,narrower-double,monolithic,True,True,True,,,verified
weak-1e-2,narrower-double,assembled,True,True,True,,,verified
weak-1e-2,narrower-double,component:1,True,True,True,,,verified
weak-1e-2,wider-double,monolithic,True,True,True,,,verified
weak-1e-2,wider-double,assembled,True,True,True,,,verified
weak-1e-2,wider-double,component:1,True,True,True,,,verified
weak-1e-2,mixed-double,monolithic,True,True,True,,,verified
weak-1e-2,mixed-double,assembled,True,True,True,,,verified
weak-1e-2,mixed-double,component:1,True,True,True,,,verified
weak-1e-2,first-stage-float32,monolithic,True,True,True,,,verified
weak-1e-2,first-stage-float32,assembled,True,True,True,,,verified
weak-1e-2,first-stage-float32,component:1,True,True,True,,,verified
weak-1e-2,narrower-float32,monolithic,True,True,True,,,verified
weak-1e-2,narrower-float32,assembled,True,True,True,,,verified
weak-1e-2,narrower-float32,component:1,True,True,True,,,verified
weak-1e-2,wider-float32,monolithic,True,True,True,,,verified
weak-1e-2,wider-float32,assembled,True,True,True,,,verified
weak-1e-2,wider-float32,component:1,True,True,True,,,verified
weak-1e-2,mixed-float32,monolithic,True,True,True,,,verified
weak-1e-2,mixed-float32,assembled,True,True,True,,,verified
weak-1e-2,mixed-float32,component:1,True,True,True,,,verified
weak-1e-4,first-stage-double,monolithic,False,True,True,derivative,,resolution-unverified
weak-1e-4,first-stage-double,assembled,False,True,True,derivative,,resolution-unverified
weak-1e-4,first-stage-double,component:1,False,True,True,derivative,,resolution-unverified
weak-1e-4,narrower-double,monolithic,False,True,True,derivative,,resolution-unverified
weak-1e-4,narrower-double,assembled,False,True,True,derivative,,resolution-unverified
weak-1e-4,narrower-double,component:1,False,True,True,derivative,,resolution-unverified
weak-1e-4,wider-double,monolithic,False,True,True,derivative,,resolution-unverified
weak-1e-4,wider-double,assembled,False,True,True,derivative,,resolution-unverified
weak-1e-4,wider-double,component:1,False,True,True,derivative,,resolution-unverified
weak-1e-4,mixed-double,monolithic,False,True,True,derivative,,resolution-unverified
weak-1e-4,mixed-double,assembled,False,True,True,derivative,,resolution-unverified
weak-1e-4,mixed-double,component:1,False,True,True,derivative,,resolution-unverified
weak-1e-4,first-stage-float32,monolithic,False,True,True,local_correction;derivative,,resolution-unverified
weak-1e-4,first-stage-float32,assembled,False,True,True,local_correction;derivative,,resolution-unverified
weak-1e-4,first-stage-float32,component:1,False,True,True,local_correction;derivative,,resolution-unverified
weak-1e-4,narrower-float32,monolithic,False,True,True,local_correction;derivative,,resolution-unverified
weak-1e-4,narrower-float32,assembled,False,True,True,local_correction;derivative,,resolution-unverified
weak-1e-4,narrower-float32,component:1,False,True,True,local_correction;derivative,,resolution-unverified
weak-1e-4,wider-float32,monolithic,False,True,True,derivative,,resolution-unverified
weak-1e-4,wider-float32,assembled,False,True,True,derivative,,resolution-unverified
weak-1e-4,wider-float32,component:1,False,True,True,derivative,,resolution-unverified
weak-1e-4,mixed-float32,monolithic,False,True,True,local_correction;derivative,,resolution-unverified
weak-1e-4,mixed-float32,assembled,False,True,True,local_correction;derivative,,resolution-unverified
weak-1e-4,mixed-float32,component:1,False,True,True,local_correction;derivative,,resolution-unverified
zero-signal,first-stage-double,monolithic,False,True,True,identified;derivative,,transition-unverified
zero-signal,first-stage-double,assembled,False,True,True,identified;derivative,,transition-unverified
zero-signal,first-stage-double,component:1,False,True,True,identified;derivative,,transition-unverified
zero-signal,narrower-double,monolithic,False,True,True,identified;derivative,,transition-unverified
zero-signal,narrower-double,assembled,False,True,True,identified;derivative,,transition-unverified
zero-signal,narrower-double,component:1,False,True,True,identified;derivative,,transition-unverified
zero-signal,wider-double,monolithic,False,True,True,identified;derivative,,transition-unverified
zero-signal,wider-double,assembled,False,True,True,identified;derivative,,transition-unverified
zero-signal,wider-double,component:1,False,True,True,identified;derivative,,transition-unverified
zero-signal,mixed-double,monolithic,False,True,True,identified;derivative;regular_active_face,,transition-unverified
zero-signal,mixed-double,assembled,False,True,True,identified;derivative;regular_active_face,,transition-unverified
zero-signal,mixed-double,component:1,False,True,True,identified;derivative;regular_active_face,,transition-unverified
zero-signal,first-stage-float32,monolithic,False,True,True,local_correction;derivative,,transition-unverified
zero-signal,first-stage-float32,assembled,False,True,True,local_correction;derivative,,transition-unverified
zero-signal,first-stage-float32,component:1,False,True,True,local_correction;derivative,,transition-unverified
zero-signal,narrower-float32,monolithic,False,True,True,local_correction;derivative,,transition-unverified
zero-signal,narrower-float32,assembled,False,True,True,local_correction;derivative,,transition-unverified
zero-signal,narrower-float32,component:1,False,True,True,local_correction;derivative,,transition-unverified
zero-signal,wider-float32,monolithic,False,True,True,local_correction;derivative,,transition-unverified
zero-signal,wider-float32,assembled,False,True,True,local_correction;derivative,,transition-unverified
zero-signal,wider-float32,component:1,False,True,True,local_correction;derivative,,transition-unverified
zero-signal,mixed-float32,monolithic,False,True,True,local_correction;derivative,,transition-unverified
zero-signal,mixed-float32,assembled,False,True,True,local_correction;derivative,,transition-unverified
zero-signal,mixed-float32,component:1,False,True,True,local_correction;derivative,,transition-unverified
