dataset,case,initialization_valid,execution_complete,joint_qualified,qualification_failure,endpoint_identified,known_unidentified,oracle_recovered,float32_accuracy_passed,independent_endpoint_replay_passed,rss,residual_rmse,projected_kkt,b_gradient_inf,local_correction_inf,profile_evaluations,accepted_updates,A_bias,A_rmse,A_p99,A_max,A_below_0_01,B_bias,B_rmse,B_p99,B_max,B_below_0_01,C_bias,C_rmse,C_p99,C_max,C_below_0_01
heterogeneous-168,first-stage-double,True,True,True,none,True,False,True,False,True,1.3212072018068807e-24,3.0769397312894522e-15,1.5681900222830336e-15,2.52525794820369e-16,1.0631046132350479e-16,6,5,8.194503276995203e-15,2.9274621458015525e-14,1.0746958878371515e-13,1.2434497875801753e-13,168,-3.304235192336775e-19,4.282778297617693e-18,0.0,5.551115123125783e-17,168,-2.1721142555180551e-16,2.6695254082519046e-15,8.992806499463768e-15,9.2148511043888e-15,168
heterogeneous-168,narrower-double,True,True,True,none,True,False,True,False,True,1.3531716290865922e-24,3.1139380292473926e-15,1.4710455076283324e-15,2.4402267560596773e-16,1.4869234629390805e-16,7,6,8.723180907769087e-15,3.000729523471787e-14,1.0835776720341528e-13,1.2079226507921703e-13,168,-3.304235192336775e-19,4.282778297617693e-18,0.0,5.551115123125783e-17,168,-2.430957232387673e-16,2.5960147750011234e-15,8.215650382226158e-15,8.548717289613705e-15,168
heterogeneous-168,wider-double,True,True,True,none,True,False,True,False,True,1.3212072018068807e-24,3.0769397312894522e-15,1.5681900222830336e-15,2.52525794820369e-16,1.0631046132350479e-16,7,6,8.194503276995203e-15,2.9274621458015525e-14,1.0746958878371515e-13,1.2434497875801753e-13,168,-3.304235192336775e-19,4.282778297617693e-18,0.0,5.551115123125783e-17,168,-2.1721142555180551e-16,2.6695254082519046e-15,8.992806499463768e-15,9.2148511043888e-15,168
heterogeneous-168,mixed-double,True,True,True,none,True,False,True,False,True,1.2169802283363942e-24,2.9530804928689177e-15,1.8041124150158794e-15,4.4389781449594073e-16,2.4763693500945595e-16,7,5,1.076387656255628e-14,2.89184557047147e-14,1.163513729807164e-13,1.8474111129762605e-13,168,-6.60847038467355e-19,2.8408737346949874e-17,5.551115123125783e-17,1.1102230246251565e-16,168,-2.583067889632072e-16,2.6826144341402517e-15,1.0436096431476471e-14,1.176836406102666e-14,168
heterogeneous-168,first-stage-float32,True,True,True,none,True,False,False,True,True,3.869069555109361e-11,1.6650864710024224e-08,1.9012569296705806e-15,3.0117404148902356e-16,2.169223700482347e-16,6,5,2.9164901287665704e-09,2.284826600937871e-08,6.075730762944431e-08,6.493246829109012e-08,168,1.3659402775534346e-10,1.1350712135841644e-09,3.055949493457888e-09,3.1437027425695874e-09,168,-1.0799317708253406e-10,1.2518423233683972e-09,3.4519161973278756e-09,3.735735054632983e-09,168
heterogeneous-168,narrower-float32,True,True,True,none,True,False,False,True,True,3.869069555151769e-11,1.6650864710115475e-08,1.915134717478395e-15,2.8463343271762037e-16,2.0440268441334533e-16,7,6,2.916486147824011e-09,2.284826747179282e-08,6.075735825561424e-08,6.493248605465851e-08,168,1.365940267640729e-10,1.135071208488446e-09,3.055949493457888e-09,3.1437027425695874e-09,168,-1.0799304049201215e-10,1.2518424308319813e-09,3.451917529595505e-09,3.735739384502779e-09,168
heterogeneous-168,wider-float32,True,True,True,none,True,False,False,True,True,3.869069554934612e-11,1.6650864709648198e-08,1.609823385706477e-15,3.736291194523873e-16,2.347092481945805e-16,7,5,2.9164866447809836e-09,2.2848265295612724e-08,6.075735381472214e-08,6.493246651473328e-08,168,1.3659402610322586e-10,1.1350712085477042e-09,3.055949493457888e-09,3.1437027425695874e-09,168,-1.0799312035698299e-10,1.2518424053743556e-09,3.45191097927966e-09,3.735729614540162e-09,168
heterogeneous-168,mixed-float32,True,True,True,none,True,False,False,True,True,3.869069555241337e-11,1.6650864710308205e-08,1.887379141862766e-15,3.468373851509973e-16,2.2671069355203705e-16,7,5,2.916493776642223e-09,2.2848265118487206e-08,6.07573431565811e-08,6.493249138372903e-08,168,1.3659402940746106e-10,1.1350712086672337e-09,3.055949493457888e-09,3.1437027425695874e-09,168,-1.0799335174072488e-10,1.2518415290429027e-09,3.451902097495463e-09,3.7357352766775875e-09,168
baseline,first-stage-double,True,True,True,none,True,False,True,False,True,1.331667636741645e-27,4.227568380052652e-16,1.5959455978986625e-16,3.575308879074176e-17,9.100235554944738e-17,6,5,-2.220446049250313e-16,1.9357399876532506e-15,2.6645352591003757e-15,2.6645352591003757e-15,12,0.0,2.2662332591841973e-17,5.551115123125783e-17,5.551115123125783e-17,12,2.312964634635743e-17,3.5435946773586813e-16,9.992007221626409e-16,9.992007221626409e-16,12
baseline,narrower-double,True,True,True,none,True,False,True,False,True,9.924574072442168e-28,3.649628480428003e-16,9.71445146547012e-17,2.8652094516776165e-17,1.5778384114310306e-16,7,5,4.440892098500626e-16,2.235200005905454e-15,3.552713678800501e-15,3.552713678800501e-15,12,9.25185853854297e-18,3.925231146709438e-17,1.1102230246251565e-16,1.1102230246251565e-16,12,-3.700743415417188e-17,2.9044058181349403e-16,8.326672684688674e-16,8.326672684688674e-16,12
baseline,wider-double,True,True,True,none,True,False,True,False,True,1.3117205289527385e-27,4.1957864494084505e-16,1.3877787807814457e-16,3.7346005375121754e-17,1.2220554436271897e-16,8,7,-7.401486830834377e-17,2.2788888285094107e-15,4.440892098500626e-15,4.440892098500626e-15,12,-1.3877787807814457e-17,2.7755575615628914e-17,5.551115123125783e-17,5.551115123125783e-17,12,-1.850371707708594e-17,2.1677797545656835e-16,4.718447854656915e-16,4.718447854656915e-16,12
baseline,mixed-double,True,True,True,none,True,False,True,False,True,1.2748305079666768e-27,4.136365834727939e-16,1.6653345369377348e-16,5.499194443517451e-17,1.8031345470916378e-16,7,6,-1.4802973661668753e-16,2.082963028648268e-15,3.552713678800501e-15,3.552713678800501e-15,12,-4.625929269271485e-18,3.583229404124382e-17,1.1102230246251565e-16,1.1102230246251565e-16,12,2.312964634635743e-17,3.647157269605262e-16,1.0547118733938987e-15,1.0547118733938987e-15,12
baseline,first-stage-float32,True,True,True,none,True,False,False,True,True,5.731169523041018e-12,2.7734117147137613e-08,2.220446049250313e-16,7.372640445145439e-17,1.5313193841796367e-16,6,5,9.199803215527899e-09,4.5156733175973116e-08,6.847344025118218e-08,6.847344025118218e-08,12,3.886660530453649e-10,1.0244916969693777e-09,2.003457455490576e-09,2.003457455490576e-09,12,-3.33451856404654e-10,1.336466355963547e-09,1.995059395465404e-09,1.995059395465404e-09,12
baseline,narrower-float32,True,True,True,none,True,False,False,True,True,5.73116952297925e-12,2.7734117146988165e-08,2.220446049250313e-16,1.224998063088524e-16,1.8763193436120832e-16,7,5,9.199803659617109e-09,4.5156733883150984e-08,6.847344025118218e-08,6.847344025118218e-08,12,3.886660484194356e-10,1.024491688993618e-09,2.003457455490576e-09,2.003457455490576e-09,12,-3.334518355879723e-10,1.3364663367398277e-09,1.995059450976555e-09,1.995059450976555e-09,12
baseline,wider-float32,True,True,True,none,True,False,False,True,True,5.731169523478151e-12,2.7734117148195296e-08,1.6653345369377348e-16,9.239714309177185e-17,1.5799850617039896e-16,8,6,9.199803067498161e-09,4.515673385384284e-08,6.847343847482534e-08,6.847343847482534e-08,12,3.886660391675771e-10,1.0244916678983572e-09,2.003457455490576e-09,2.003457455490576e-09,12,-3.334518147712906e-10,1.3364663055415796e-09,1.9950597285323113e-09,1.9950597285323113e-09,12
baseline,mixed-float32,True,True,True,none,True,False,False,True,True,5.73116952564597e-12,2.7734117153440518e-08,2.220446049250313e-16,9.593826350066024e-17,1.9792214495474756e-16,7,5,9.199804325750923e-09,4.515673428829727e-08,6.847344202753902e-08,6.847344202753902e-08,12,3.8866607154908195e-10,1.0244917017337676e-09,2.003457455490576e-09,2.003457455490576e-09,12,-3.3345184483983087e-10,1.3364663126465922e-09,1.9950595619988576e-09,1.9950595619988576e-09,12
weak-1e-2,first-stage-double,True,True,True,none,True,False,True,False,True,8.206439123556787e-28,3.3187160402218513e-16,1.1102230246251565e-16,5.052518668430258e-17,2.7233258897244106e-15,17,16,4.949744318120489e-16,2.326044473765421e-15,6.217248937900877e-15,6.217248937900877e-15,12,8.326672684688674e-17,4.203236533495616e-16,1.3322676295501878e-15,1.3322676295501878e-15,12,-5.0379260948159775e-17,2.8073520787080326e-16,5.460042140637e-16,5.460042140637e-16,12
weak-1e-2,narrower-double,True,True,True,none,True,False,True,False,True,9.608390293502236e-28,3.591021755437219e-16,1.1102230246251565e-16,5.3381228409646836e-17,2.5278736707133787e-15,8,7,1.2634569316697746e-15,2.6910036423702697e-15,5.329070518200751e-15,5.329070518200751e-15,12,9.25185853854297e-18,1.4860685278828935e-16,3.885780586188048e-16,3.885780586188048e-16,12,-6.291986607657544e-17,1.8024788565550797e-16,3.3306690738754696e-16,3.3306690738754696e-16,12
weak-1e-2,wider-double,True,True,True,none,True,False,True,False,True,1.4823218877729e-27,4.460299061655558e-16,1.942890293094024e-16,7.842745383336303e-17,1.9066030075804545e-15,10,9,1.0512424264419451e-15,3.5523409647530537e-15,9.769962616701378e-15,9.769962616701378e-15,12,-3.700743415417188e-17,3.276255416892614e-16,7.771561172376096e-16,7.771561172376096e-16,12,-7.477380982908362e-17,3.0148221701206006e-16,6.94323071259717e-16,6.94323071259717e-16,12
weak-1e-2,mixed-double,True,True,True,none,True,False,True,False,True,9.395765396137697e-28,3.5510664602553666e-16,1.3877787807814457e-16,6.130401469968047e-17,1.4336474828356804e-15,9,8,1.3767921987669258e-15,2.837903691042133e-15,6.217248937900877e-15,6.217248937900877e-15,12,2.312964634635743e-17,2.807752346455272e-16,8.881784197001252e-16,8.881784197001252e-16,12,-3.729655473350135e-17,1.3615818207231076e-16,2.7755575615628914e-16,2.7755575615628914e-16,12
weak-1e-2,first-stage-float32,True,True,True,none,True,False,False,True,True,5.274631775234051e-12,2.6606563922406185e-08,1.249000902703301e-16,5.84988749552321e-17,1.2987718960966264e-14,17,15,-5.4229896279585814e-09,2.2129717369578494e-08,4.676065668007823e-08,4.676065668007823e-08,12,-1.2963960826136342e-08,4.507329943186906e-08,1.2539729515870235e-07,1.2539729515870235e-07,12,1.3118752684287045e-12,1.2175633464883738e-09,2.467093390690067e-09,2.467093390690067e-09,12
weak-1e-2,narrower-float32,True,True,True,none,True,False,False,True,True,5.274631772425151e-12,2.660656391532179e-08,1.6653345369377348e-16,4.718319394864626e-17,2.1498160839655172e-15,8,7,-5.422990591308352e-09,2.212971795080351e-08,4.676065845643507e-08,4.676065845643507e-08,12,-1.2963960030476507e-08,4.5073297587454706e-08,1.253972883863419e-07,1.253972883863419e-07,12,1.3119127456838002e-12,1.2175633413740635e-09,2.4670931408898866e-09,2.4670931408898866e-09,12
weak-1e-2,wider-float32,True,True,True,none,True,False,False,True,True,5.274631773909606e-12,2.660656391906577e-08,1.6653345369377348e-16,1.0015159295098694e-16,2.0564892118186527e-15,10,9,-5.422990155314518e-09,2.212971572004851e-08,4.676064957465087e-08,4.676064957465087e-08,12,-1.2963960160002527e-08,4.5073297637216184e-08,1.253972881642973e-07,1.253972881642973e-07,12,1.311927490833346e-12,1.2175633141949542e-09,2.4670930021120085e-09,2.4670930021120085e-09,12
weak-1e-2,mixed-float32,True,True,True,none,True,False,False,True,True,5.27463177543482e-12,2.6606563922912552e-08,1.1102230246251565e-16,7.466655731520129e-17,4.695687099229287e-15,9,8,-5.422990028101464e-09,2.2129715738815408e-08,4.676065223918613e-08,4.676065223918613e-08,12,-1.2963960340413768e-08,4.5073298176417427e-08,1.2539728921900917e-07,1.2539728921900917e-07,12,1.3119091316765585e-12,1.217563245617043e-09,2.4670928633341305e-09,2.4670928633341305e-09,12
weak-1e-4,first-stage-double,True,True,False,derivative-unverified,True,False,True,False,True,8.186531806223743e-28,3.3146882976484175e-16,1.3877787807814457e-16,5.35057038915696e-17,2.1858698273517952e-13,9,8,1.336613473258234e-15,2.0900417137344632e-15,4.440892098500626e-15,4.440892098500626e-15,12,6.393034250133193e-15,5.275378747618426e-14,1.6719958750854857e-13,1.6719958750854857e-13,12,-4.473576276492012e-17,2.5236065241817403e-16,5.273559366969494e-16,5.273559366969494e-16,12
weak-1e-4,narrower-double,True,True,False,derivative-unverified,True,False,True,False,True,1.9192854774240923e-27,5.075309214354709e-16,3.3306690738754696e-16,1.6655693641596595e-16,3.7163781246085066e-13,9,8,1.6189848940639795e-15,3.71751437660061e-15,1.0658141036401503e-14,1.0658141036401503e-14,12,-1.176836406102666e-14,5.5103558395190154e-14,1.4310774787418268e-13,1.4310774787418268e-13,12,-2.705762046709137e-17,3.6024721762532317e-16,8.531654657924215e-16,8.531654657924215e-16,12
weak-1e-4,wider-double,True,True,False,derivative-unverified,True,False,True,False,True,1.0870885484558996e-27,3.8196641514291263e-16,1.942890293094024e-16,8.629210057988486e-17,1.9625717193096787e-13,11,9,1.5052972612607702e-15,2.7834819219042996e-15,7.105427357601002e-15,7.105427357601002e-15,12,1.6958656701149266e-14,5.686844486946246e-14,1.9562129693895258e-13,1.9562129693895258e-13,12,-6.681960576573424e-17,2.6205012109868264e-16,5.551115123125783e-16,5.551115123125783e-16,12
weak-1e-4,mixed-double,True,True,False,derivative-unverified,True,False,True,False,True,1.2609761558269878e-27,4.113828243713614e-16,1.6653345369377348e-16,8.069624708984044e-17,1.3104490542915685e-13,11,9,1.6814801142896647e-15,3.3331673665862614e-15,7.105427357601002e-15,7.105427357601002e-15,12,6.929642045368685e-15,4.085456682824494e-14,1.2634338020234281e-13,1.2634338020234281e-13,12,-7.824551553556325e-17,3.39001653547401e-16,7.771561172376096e-16,7.771561172376096e-16,12
weak-1e-4,first-stage-float32,True,True,False,derivative-unverified,True,False,False,True,True,4.882103127468271e-12,2.5597419908684457e-08,3.3306690738754696e-16,1.7443694339948702e-15,2.719811133977267e-09,8,6,-8.124533096896539e-09,3.173454735381704e-08,6.803691121604061e-08,6.803691121604061e-08,12,5.100824714832086e-07,2.0428499641448538e-06,7.038822624427787e-06,7.038822624427787e-06,12,4.437341076100982e-10,1.2482180910610434e-09,1.868755011846801e-09,1.868755011846801e-09,12
weak-1e-4,narrower-float32,True,True,False,derivative-unverified,True,False,False,True,True,4.882103128652924e-12,2.5597419911790094e-08,1.3877787807814457e-16,2.3530264252463496e-16,3.6256063609925445e-10,10,7,-8.124127044950276e-09,3.1734718053971916e-08,6.80366403216226e-08,6.80366403216226e-08,12,5.102111084500279e-07,2.042991638711172e-06,7.039419540721958e-06,7.039419540721958e-06,12,4.4371987072718987e-10,1.2482165917640118e-09,1.868766363877228e-09,1.868766363877228e-09,12
weak-1e-4,wider-float32,True,True,False,derivative-unverified,True,False,False,True,True,4.8821031279605725e-12,2.5597419909975054e-08,1.1102230246251565e-16,5.722334171231681e-17,2.4833905317194105e-12,11,9,-8.124103325678648e-09,3.173473426080324e-08,6.80365905836311e-08,6.80365905836311e-08,12,5.102264979175061e-07,2.042994771839903e-06,7.0394358401282275e-06,7.0394358401282275e-06,12,4.437190119506955e-10,1.2482170612060235e-09,1.8687644209869347e-09,1.8687644209869347e-09,12
weak-1e-4,mixed-float32,True,True,False,derivative-unverified,True,False,False,True,True,4.8821031258141236e-12,2.5597419904348016e-08,1.3877787807814457e-16,9.684813835484889e-16,6.149140577632592e-10,11,8,-8.124148212940597e-09,3.173470233541096e-08,6.803670249411198e-08,6.803670249411198e-08,12,5.101929069587877e-07,2.0429643287421702e-06,7.039320465529464e-06,7.039320465529464e-06,12,4.4372063171598924e-10,1.2482153768564398e-09,1.868766003054745e-09,1.868766003054745e-09,12
active-a,first-stage-double,True,True,False,derivative-unverified,True,False,False,False,True,3.3684125503393784e-27,6.723654003278996e-16,2.220446049250313e-16,1.0255395728881175e-16,1.1923174925174082e-07,78,54,1.7131396057710724e-08,4.0064498102971434e-08,1.0025565149250352e-07,1.0025565149250352e-07,12,1.528803347805585e-08,3.589167420838684e-08,9.496112773899057e-08,9.496112773899057e-08,12,-9.020562075079397e-17,3.927683650008203e-16,7.771561172376096e-16,7.771561172376096e-16,12
active-a,narrower-double,True,True,False,derivative-unverified,True,False,False,False,True,1.1152996729472055e-27,3.8689089185367196e-16,1.6653345369377348e-16,3.369433996508654e-17,3.508816063625506e-08,31,25,5.251176271325537e-09,1.1065754771226067e-08,2.6995756646305356e-08,2.6995756646305356e-08,12,4.808970855788945e-09,1.0333601473859009e-08,2.685317301853729e-08,2.685317301853729e-08,12,-1.61907524424502e-17,2.622130794118103e-16,6.938893903907228e-16,6.938893903907228e-16,12
active-a,wider-double,True,True,False,derivative-unverified,True,False,False,False,True,1.0650303576873752e-27,3.780713010731241e-16,8.326672684688674e-17,4.479383178236809e-17,7.00885507749167e-08,43,34,7.20728707714441e-09,2.037873504910449e-08,6.901744930153312e-08,6.901744930153312e-08,12,5.998061774111403e-09,1.641257779094798e-08,5.492233301485072e-08,5.492233301485072e-08,12,-4.625929269271485e-18,2.654977136710839e-16,4.163336342344337e-16,4.163336342344337e-16,12
active-a,mixed-double,True,True,False,derivative-unverified,True,False,False,False,True,9.4805417764236e-28,3.5670508171186167e-16,8.326672684688674e-17,4.666759117857508e-17,3.170788837699122e-08,32,26,4.174573506643204e-09,8.842051358939958e-09,2.438382253960834e-08,2.438382253960834e-08,12,3.6534265381490036e-09,7.607483247303362e-09,1.940403093758647e-08,1.940403093758647e-08,12,2.3129646346357427e-18,2.62702283343476e-16,4.996003610813204e-16,4.996003610813204e-16,12
active-a,first-stage-float32,True,True,False,derivative-unverified,True,False,False,True,True,6.703883461716492e-12,2.9995488994977973e-08,1.1102230246251565e-16,3.78294180232343e-17,0.3746687085657202,53,37,2.3812064869613406e-05,5.951837236924929e-05,0.00017146387214001852,0.00017146387214001852,12,2.2112033794522794e-05,5.470835103659642e-05,0.00015151578190636394,0.00015151578190636394,12,4.360001827167596e-10,1.6578757081191373e-09,3.6973218375813133e-09,3.6973218375813133e-09,12
active-a,narrower-float32,True,True,False,derivative-unverified,True,False,False,True,True,6.703883456698789e-12,2.999548898375251e-08,2.42861286636753e-16,7.715601971245118e-17,1.9702209784199344e-12,40,30,2.3808478248282003e-05,5.951252563363585e-05,0.00017146036389556292,0.00017146036389556292,12,2.2108638362827726e-05,5.470225601914025e-05,0.00015151268448909683,0.00015151268448909683,12,4.360445430654873e-10,1.657893102553858e-09,3.6974559247671124e-09,3.6974559247671124e-09,12
active-a,wider-float32,True,True,False,derivative-unverified,True,False,False,True,True,6.703883457148079e-12,2.999548898475765e-08,8.326672684688674e-17,3.9032164941613836e-17,0.09412909694914011,37,26,2.381886297903667e-05,5.951253635666944e-05,0.00017146036365580446,0.00017146036365580446,12,2.2116902257021676e-05,5.470226229202672e-05,0.0001515126842719372,0.0001515126842719372,12,4.3604460320256777e-10,1.6578932356190723e-09,3.6974559247671124e-09,3.6974559247671124e-09,12
active-a,mixed-float32,True,True,False,derivative-unverified,True,False,False,True,True,6.703883459543194e-12,2.999548899011593e-08,2.220446049250313e-16,1.1606846160202192e-16,0.40352415038647704,32,22,2.381010549104071e-05,5.951255048311116e-05,0.0001714604572626169,0.0001714604572626169,12,2.210993419019906e-05,5.470227740069925e-05,0.00015151276695729576,0.00015151276695729576,12,4.3604466333964825e-10,1.6578931106447246e-09,3.697455508433478e-09,3.697455508433478e-09,12
zero-signal,first-stage-double,True,True,False,derivative-unverified,False,True,,,True,1.4190542161309997e-27,4.364075068435372e-16,2.498001805406602e-16,7.048806696829339e-17,1.9376179864607319e-16,6,5,1.0568243346885562e-15,3.3492165504505392e-15,7.993605777301127e-15,7.993605777301127e-15,12,0.016429486625826255,0.056913411156408925,0.19715383950991527,0.19715383950991527,11,-1.5106435769447644e-17,2.740973964503598e-16,7.216449660063518e-16,7.216449660063518e-16,12
zero-signal,narrower-double,True,True,False,derivative-unverified,False,True,,,True,1.8516038014990337e-27,4.985018222328093e-16,2.636779683484747e-16,7.12846604152211e-17,1.365247592688921e-16,7,5,5.924236822924134e-17,3.1636029237807167e-15,7.105427357601002e-15,7.105427357601002e-15,12,0.04515652774316927,0.15642680068912548,0.5418783329180312,0.5418783329180312,11,6.106342639548075e-17,2.357525840811166e-16,6.106226635438361e-16,6.106226635438361e-16,12
zero-signal,wider-double,True,True,False,derivative-unverified,False,True,,,True,1.9362967311004623e-27,5.097751656507221e-16,2.498001805406602e-16,8.016399476260217e-17,1.5828459512339739e-16,8,7,-4.064822807116189e-16,3.555101384906889e-15,7.993605777301127e-15,7.993605777301127e-15,12,0.024706730732159496,0.08558662583404733,0.296480768785914,0.296480768785914,11,7.050240675902227e-17,3.7702587128755297e-16,1.0824674490095276e-15,1.0824674490095276e-15,12
zero-signal,mixed-double,True,True,False,derivative-unverified,False,True,,,True,1.4274201828011356e-27,4.3769202627486844e-16,1.942890293094024e-16,6.073936826269395e-17,1.562989912896318e-16,7,5,1.2582527612418441e-15,3.543449742097067e-15,7.993605777301127e-15,7.993605777301127e-15,12,0.06371870159729635,0.22072805711767488,0.7646244191675561,0.7646244191675561,11,-3.1902589041143724e-17,2.6136003459893933e-16,5.828670879282072e-16,5.828670879282072e-16,12
zero-signal,first-stage-float32,True,True,False,derivative-unverified,True,True,,,True,5.6558474904113984e-12,2.7551266230272308e-08,2.220446049250313e-16,4.6694389761879296e-17,0.002775463420941696,20,9,-3.5836823127359825e-09,3.349134915134521e-08,9.60760973001129e-08,9.60760973001129e-08,12,0.018872288510352372,0.06537552546079355,0.2264674633392143,0.2264674633392143,11,-1.3257669939632843e-10,1.6027674120006832e-09,3.228576433977892e-09,3.228576433977892e-09,12
zero-signal,narrower-float32,True,True,False,derivative-unverified,True,True,,,True,5.655847488797611e-12,2.7551266226341697e-08,1.6653345369377348e-16,7.674518337112987e-17,6.36490181243803e-05,25,13,-3.5879719295887602e-09,3.348604310075652e-08,9.607666662247993e-08,9.607666662247993e-08,12,0.018837217647269557,0.06525403642735701,0.22604661298226525,0.22604661298226525,11,-1.3245560305467806e-10,1.6026943346189232e-09,3.2281935458122746e-09,3.2281935458122746e-09,12
zero-signal,wider-float32,True,True,False,derivative-unverified,True,True,,,True,5.6558474858499804e-12,2.755126621916232e-08,1.3877787807814457e-16,5.093196164477726e-17,0.0008364070869402124,29,17,-3.5893977444259257e-09,3.348428504551935e-08,9.607685313994807e-08,9.607685313994807e-08,12,0.018825591041345555,0.0652137606830014,0.2259070937111921,0.2259070937111921,11,-1.3241534704250287e-10,1.6026699200701456e-09,3.2280668971207405e-09,3.2280668971207405e-09,12
zero-signal,mixed-float32,True,True,False,derivative-unverified,True,True,,,True,5.655847486390303e-12,2.7551266220478347e-08,3.3306690738754696e-16,1.8017024259302066e-16,0.0002052238165803878,31,19,-3.5877488839220638e-09,3.3486318321810106e-08,9.607663198352157e-08,9.607663198352157e-08,12,0.01883904701415677,0.06526037354014505,0.2260685653849096,0.2260685653849096,11,-1.3246188588150122e-10,1.6026982005972396e-09,3.2282139739159277e-09,3.2282139739159277e-09,12
near-0.10,first-stage-double,True,True,True,none,True,False,True,False,True,1.8860008130861327e-27,5.102836992216256e-16,2.7755575615628914e-16,1.2910086086814908e-16,1.648201753523544e-16,7,5,-7.401486830834377e-16,4.8512215306140695e-15,9.769962616701378e-15,9.769962616701378e-15,12,1.3877787807814457e-17,4.239734207189668e-17,5.551115123125783e-17,5.551115123125783e-17,12,4.163336342344337e-17,2.2463161964190524e-16,4.440892098500626e-16,4.440892098500626e-16,12
near-0.10,narrower-double,True,True,True,none,True,False,True,False,True,2.4705574913280837e-27,5.840341466776114e-16,2.220446049250313e-16,1.104576982621688e-16,3.085885464604211e-16,12,11,-1.8503717077085944e-15,4.748502312052428e-15,7.105427357601002e-15,7.105427357601002e-15,12,1.3877787807814457e-17,6.206335383118183e-17,1.1102230246251565e-16,1.1102230246251565e-16,12,7.864079757761526e-17,2.435541875787129e-16,4.718447854656915e-16,4.718447854656915e-16,12
near-0.10,wider-double,True,True,True,none,True,False,True,False,True,1.406214850524532e-27,4.4062242611721726e-16,1.6653345369377348e-16,6.870438884527342e-17,2.4432727384216914e-16,10,9,-1.1842378929335002e-15,6.793258640404412e-15,1.509903313490213e-14,1.509903313490213e-14,12,0.0,4.5324665183683945e-17,1.1102230246251565e-16,1.1102230246251565e-16,12,5.088522196198634e-17,2.2633986948989007e-16,3.0531133177191805e-16,3.0531133177191805e-16,12
near-0.10,mixed-double,True,True,True,none,True,False,True,False,True,1.7616339194323576e-27,4.9317220202702265e-16,1.6653345369377348e-16,9.820086652373215e-17,1.9884102426380338e-16,10,8,-7.401486830834377e-16,4.905125646631375e-15,1.0658141036401503e-14,1.0658141036401503e-14,12,1.3877787807814457e-17,3.583229404124382e-17,5.551115123125783e-17,5.551115123125783e-17,12,-4.625929269271485e-18,2.4643658598716796e-16,5.273559366969494e-16,5.273559366969494e-16,12
near-0.10,first-stage-float32,True,True,True,none,True,False,False,True,True,6.211964656679018e-12,2.928567547264124e-08,2.7755575615628914e-16,1.047697821050464e-16,1.7763702903761403e-16,7,6,2.0718502913297243e-08,9.729699186703318e-08,2.0963388980277387e-07,2.0963388980277387e-07,12,5.496102924625509e-10,6.181799004691132e-09,1.5413248566353843e-08,1.5413248566353843e-08,12,-3.6616794318877766e-10,1.938462776597525e-09,5.238152578357358e-09,5.238152578357358e-09,12
near-0.10,narrower-float32,True,True,True,none,True,False,False,True,True,6.21196465544646e-12,2.9285675469735853e-08,2.220446049250313e-16,9.188615531470266e-17,2.225341128361921e-16,12,11,2.0718505577832502e-08,9.729699584702607e-08,2.0963390134909332e-07,2.0963390134909332e-07,12,5.496102924625509e-10,6.181799067253942e-09,1.5413248677376146e-08,1.5413248677376146e-08,12,-3.6616802414253985e-10,1.938462708430878e-09,5.23815268937966e-09,5.23815268937966e-09,12
near-0.10,wider-float32,True,True,True,none,True,False,False,True,True,6.211964655967781e-12,2.9285675470964712e-08,2.914335439641036e-16,1.049989075541092e-16,3.3267488213644507e-16,10,8,2.07185039495054e-08,9.72969915135435e-08,2.0963388447370335e-07,2.0963388447370335e-07,12,5.496102878366216e-10,6.181798938754043e-09,1.5413248344309238e-08,1.5413248344309238e-08,12,-3.6616799638696424e-10,1.9384627863418336e-09,5.238152661624085e-09,5.238152661624085e-09,12
near-0.10,mixed-float32,True,True,True,none,True,False,False,True,True,6.2119646540928165e-12,2.9285675466545043e-08,2.7755575615628914e-16,1.1348058730365751e-16,3.348205962062713e-16,10,8,2.0718504023520268e-08,9.729699214133492e-08,2.0963388891459545e-07,2.0963388891459545e-07,12,5.496103017144094e-10,6.181799027093007e-09,1.5413248566353843e-08,1.5413248566353843e-08,12,-3.6616794318877766e-10,1.9384628075898648e-09,5.238152633868509e-09,5.238152633868509e-09,12
near-0.02,first-stage-double,True,True,False,derivative-unverified,True,False,True,False,True,1.384133339444469e-27,4.3714923445949504e-16,2.220446049250313e-16,1.0165445514708834e-16,1.263484832234875e-15,10,9,-7.401486830834377e-16,6.290828409564787e-15,1.4210854715202004e-14,1.4210854715202004e-14,12,-1.3877787807814457e-17,6.206335383118183e-17,1.6653345369377348e-16,1.6653345369377348e-16,12,5.551115123125783e-17,1.9262982703065677e-16,4.718447854656915e-16,4.718447854656915e-16,12
near-0.02,narrower-double,True,True,False,inner-solve,,False,False,False,False,0.2063440874450564,0.00533748628377613,1.6893306198362268e-11,0.0004981693334079944,,5,3,3.2063873519856416e+17,1.1107251604770729e+18,3.84766482238277e+18,3.84766482238277e+18,6,487.6323382934257,1689.208611910001,5851.590280821143,5851.590280821143,11,-745047636.2040423,2580920719.9416814,8940571634.492476,8940571634.492476,10
near-0.02,wider-double,True,True,False,derivative-unverified,True,False,True,False,True,1.3775392181569793e-27,4.361066844229696e-16,1.6653345369377348e-16,7.813647014866623e-17,1.1479383538657294e-16,20,18,-1.1102230246251565e-15,1.3000517256771047e-14,3.108624468950438e-14,3.108624468950438e-14,12,9.25185853854297e-18,1.827095665330967e-16,4.440892098500626e-16,4.440892098500626e-16,12,3.932039878880763e-17,2.337353476814848e-16,4.163336342344337e-16,4.163336342344337e-16,12
near-0.02,mixed-double,True,True,False,derivative-unverified,True,False,True,False,True,2.4261864784671468e-27,5.787657816156998e-16,3.3306690738754696e-16,1.387407869748036e-16,1.1773420058017893e-15,12,11,-5.921189464667501e-16,4.021398830883446e-15,8.881784197001252e-15,8.881784197001252e-15,12,9.25185853854297e-18,3.065703529144609e-16,7.771561172376096e-16,7.771561172376096e-16,12,9.251858538542972e-17,2.5438405243138006e-16,7.216449660063518e-16,7.216449660063518e-16,12
near-0.02,first-stage-float32,True,True,False,derivative-unverified,True,False,False,True,True,6.002458958099899e-12,2.8787593201085478e-08,3.608224830031759e-16,7.309019908176646e-17,1.197372186666958e-15,10,9,3.8900277073613175e-08,7.878539579340535e-07,2.052908328664671e-06,2.052908328664671e-06,12,-2.053032790068817e-10,3.861345720764146e-08,9.677942425234676e-08,9.677942425234676e-08,12,-2.3079969185824112e-10,3.2032485985034392e-09,7.127490597724773e-09,7.127490597724773e-09,12
near-0.02,narrower-float32,True,True,False,inner-solve,,False,False,False,False,0.20634399500768405,0.005337485088240876,5.6421409211360185e-11,0.0004981691991391053,,5,3,3.206370135597742e+17,1.11071919654536e+18,3.8476441627172905e+18,3.8476441627172905e+18,6,487.6317968842241,1689.206736413437,5851.583783910467,5851.583783910467,11,-745045290.0196706,2580912592.5206103,8940543480.280016,8940543480.280016,10
near-0.02,wider-float32,True,True,False,derivative-unverified,True,False,False,True,True,6.002458956714388e-12,2.8787593197763048e-08,2.7755575615628914e-16,1.2358587795591605e-16,7.084769477792825e-13,20,17,3.8900357749819627e-08,7.878591477037903e-07,2.052921487027959e-06,2.052921487027959e-06,12,-2.0530328363281095e-10,3.861360221663075e-08,9.677978074495996e-08,9.677978074495996e-08,12,-2.3079993009359848e-10,3.203249272464455e-09,7.127493983904998e-09,7.127493983904998e-09,12
near-0.02,mixed-float32,True,True,False,derivative-unverified,True,False,False,True,True,6.002458958025575e-12,2.878759320090725e-08,1.942890293094024e-16,6.679935943415535e-17,8.887627361131984e-14,12,10,3.890028773175421e-08,7.878546294281331e-07,2.052910024197274e-06,2.052910024197274e-06,12,-2.0530329751059875e-10,3.861347574175306e-08,9.677946988251307e-08,9.677946988251307e-08,12,-2.3079975662125088e-10,3.2032484737581045e-09,7.12749004261326e-09,7.12749004261326e-09,12
duplicate,first-stage-double,True,True,False,inner-solve,,True,,,,,,,,,,,,,,,,,,,,,,,,,
duplicate,narrower-double,True,True,False,inner-solve,,True,,,,,,,,,,,,,,,,,,,,,,,,,
duplicate,wider-double,True,True,False,inner-solve,,True,,,,,,,,,,,,,,,,,,,,,,,,,
duplicate,mixed-double,True,True,False,derivative-unverified,False,True,,,True,1.917549547163144e-27,5.145339724214558e-16,1.8735013540549517e-16,6.421315401127136e-17,3.7911072245103997e-16,16,8,1.0288066694859784e-14,2.449489742783181,6.000000000000066,6.000000000000066,10,0.024522753472414713,0.0849493099114167,0.2942730416689763,0.2942730416689763,11,7.632783294297951e-17,0.08164965809279459,0.2000000000000541,0.2000000000000541,10
duplicate,first-stage-float32,True,True,False,inner-solve,,True,,,,,,,,,,,,,,,,,,,,,,,,,
duplicate,narrower-float32,True,True,False,inner-solve,,True,,,,,,,,,,,,,,,,,,,,,,,,,
duplicate,wider-float32,True,True,False,inner-solve,,True,,,,,,,,,,,,,,,,,,,,,,,,,
duplicate,mixed-float32,True,True,False,derivative-unverified,False,True,,,True,5.94965761691359e-12,2.866069678315166e-08,1.942890293094024e-16,3.0069889305090442e-15,7.372166739249822e-14,32,19,4.170850701849342e-09,2.449489759234373,6.0000000805940665,6.0000000805940665,10,24.573611722247566,85.12548805814244,294.8833406716009,294.8833406716009,11,2.3657464702740252e-07,0.08165024349621186,0.20000285211518212,0.20000285211518212,10
