dataset,variant,left,right,scaled_abc_difference,maximum_log_b_difference,both_qualified,passed
heterogeneous-168,legacy,first-stage-double,narrower-double,2.0301221021717202e-15,1.1102230246251565e-16,True,True
heterogeneous-168,legacy,first-stage-double,wider-double,0.0,0.0,True,True
heterogeneous-168,legacy,first-stage-double,mixed-double,1.6114094185987718e-14,2.220446049250313e-16,True,True
heterogeneous-168,legacy,narrower-double,wider-double,2.0301221021717202e-15,1.1102230246251565e-16,True,True
heterogeneous-168,legacy,narrower-double,mixed-double,1.6114094185987718e-14,2.220446049250313e-16,True,True
heterogeneous-168,legacy,wider-double,mixed-double,1.6114094185987718e-14,2.220446049250313e-16,True,True
heterogeneous-168,legacy,first-stage-float32,narrower-float32,1.6748507319340388e-14,3.3306690738754696e-16,True,True
heterogeneous-168,legacy,first-stage-float32,wider-float32,2.4615230511598506e-14,3.3306690738754696e-16,True,True
heterogeneous-168,legacy,first-stage-float32,mixed-float32,2.048879019072939e-14,3.3306690738754696e-16,True,True
heterogeneous-168,legacy,narrower-float32,wider-float32,2.0301221040493613e-14,3.3306690738754696e-16,True,True
heterogeneous-168,legacy,narrower-float32,mixed-float32,2.6423308026422136e-14,3.3306690738754696e-16,True,True
heterogeneous-168,legacy,wider-float32,mixed-float32,2.7533531052742393e-14,3.3306690738754696e-16,True,True
heterogeneous-168,guarded,first-stage-double,narrower-double,2.0301221021717202e-15,1.1102230246251565e-16,True,True
heterogeneous-168,guarded,first-stage-double,wider-double,0.0,0.0,True,True
heterogeneous-168,guarded,first-stage-double,mixed-double,1.6114094185987718e-14,2.220446049250313e-16,True,True
heterogeneous-168,guarded,narrower-double,wider-double,2.0301221021717202e-15,1.1102230246251565e-16,True,True
heterogeneous-168,guarded,narrower-double,mixed-double,1.6114094185987718e-14,2.220446049250313e-16,True,True
heterogeneous-168,guarded,wider-double,mixed-double,1.6114094185987718e-14,2.220446049250313e-16,True,True
heterogeneous-168,guarded,first-stage-float32,narrower-float32,1.6748507319340388e-14,3.3306690738754696e-16,True,True
heterogeneous-168,guarded,first-stage-float32,wider-float32,2.4615230511598506e-14,3.3306690738754696e-16,True,True
heterogeneous-168,guarded,first-stage-float32,mixed-float32,2.048879019072939e-14,3.3306690738754696e-16,True,True
heterogeneous-168,guarded,narrower-float32,wider-float32,2.0301221040493613e-14,3.3306690738754696e-16,True,True
heterogeneous-168,guarded,narrower-float32,mixed-float32,2.6423308026422136e-14,3.3306690738754696e-16,True,True
heterogeneous-168,guarded,wider-float32,mixed-float32,2.7533531052742393e-14,3.3306690738754696e-16,True,True
heterogeneous-168,guarded-log,first-stage-double,narrower-double,1.268826313857325e-15,1.1102230246251565e-16,True,True
heterogeneous-168,guarded-log,first-stage-double,wider-double,2.960594732333727e-15,1.1102230246251565e-16,True,True
heterogeneous-168,guarded-log,first-stage-double,mixed-double,1.5419764230904958e-15,1.1102230246251565e-16,True,True
heterogeneous-168,guarded-log,narrower-double,wider-double,2.960594732333727e-15,1.1102230246251565e-16,True,True
heterogeneous-168,guarded-log,narrower-double,mixed-double,8.88178419700114e-16,1.1102230246251565e-16,True,True
heterogeneous-168,guarded-log,wider-double,mixed-double,2.960594732333727e-15,1.1102230246251565e-16,True,True
heterogeneous-168,guarded-log,first-stage-float32,narrower-float32,1.509903310985031e-14,3.3306690738754696e-16,True,True
heterogeneous-168,guarded-log,first-stage-float32,wider-float32,1.687538994630329e-14,3.3306690738754696e-16,True,True
heterogeneous-168,guarded-log,first-stage-float32,mixed-float32,1.3830206868567623e-14,3.3306690738754696e-16,True,True
heterogeneous-168,guarded-log,narrower-float32,wider-float32,1.7256037927754024e-14,3.3306690738754696e-16,True,True
heterogeneous-168,guarded-log,narrower-float32,mixed-float32,1.814421635050607e-14,3.3306690738754696e-16,True,True
heterogeneous-168,guarded-log,wider-float32,mixed-float32,1.8651746826681768e-14,3.3306690738754696e-16,True,True
baseline,legacy,first-stage-double,narrower-double,6.661338147750936e-16,3.3306690738754696e-16,True,True
baseline,legacy,first-stage-double,wider-double,8.881784197001246e-16,1.1102230246251565e-16,True,True
baseline,legacy,first-stage-double,mixed-double,5.551115123125781e-16,1.1102230246251565e-16,True,True
baseline,legacy,narrower-double,wider-double,5.551115123125781e-16,3.3306690738754696e-16,True,True
baseline,legacy,narrower-double,mixed-double,7.612957883143927e-16,2.220446049250313e-16,True,True
baseline,legacy,wider-double,mixed-double,1.0150610510858568e-15,1.1102230246251565e-16,True,True
baseline,legacy,first-stage-float32,narrower-float32,6.344131594727862e-16,2.220446049250313e-16,True,True
baseline,legacy,first-stage-float32,wider-float32,5.921189419638662e-16,2.220446049250313e-16,True,True
baseline,legacy,first-stage-float32,mixed-float32,6.245004505800007e-16,2.220446049250313e-16,True,True
baseline,legacy,narrower-float32,wider-float32,5.075305274411955e-16,2.220446049250313e-16,True,True
baseline,legacy,narrower-float32,mixed-float32,7.612957913673434e-16,2.220446049250313e-16,True,True
baseline,legacy,wider-float32,mixed-float32,6.344131594727861e-16,2.220446049250313e-16,True,True
baseline,guarded,first-stage-double,narrower-double,6.661338147750936e-16,3.3306690738754696e-16,True,True
baseline,guarded,first-stage-double,wider-double,8.881784197001246e-16,1.1102230246251565e-16,True,True
baseline,guarded,first-stage-double,mixed-double,5.551115123125781e-16,1.1102230246251565e-16,True,True
baseline,guarded,narrower-double,wider-double,5.551115123125781e-16,3.3306690738754696e-16,True,True
baseline,guarded,narrower-double,mixed-double,7.612957883143927e-16,2.220446049250313e-16,True,True
baseline,guarded,wider-double,mixed-double,1.0150610510858568e-15,1.1102230246251565e-16,True,True
baseline,guarded,first-stage-float32,narrower-float32,6.344131594727862e-16,2.220446049250313e-16,True,True
baseline,guarded,first-stage-float32,wider-float32,5.921189419638662e-16,2.220446049250313e-16,True,True
baseline,guarded,first-stage-float32,mixed-float32,6.245004505800007e-16,2.220446049250313e-16,True,True
baseline,guarded,narrower-float32,wider-float32,5.075305274411955e-16,2.220446049250313e-16,True,True
baseline,guarded,narrower-float32,mixed-float32,7.612957913673434e-16,2.220446049250313e-16,True,True
baseline,guarded,wider-float32,mixed-float32,6.344131594727861e-16,2.220446049250313e-16,True,True
baseline,guarded-log,first-stage-double,narrower-double,8.881784197001246e-16,1.1102230246251565e-16,True,True
baseline,guarded-log,first-stage-double,wider-double,5.551115123125781e-16,3.3306690738754696e-16,True,True
baseline,guarded-log,first-stage-double,mixed-double,8.881784197001246e-16,1.1102230246251565e-16,True,True
baseline,guarded-log,narrower-double,wider-double,6.34413156928661e-16,2.220446049250313e-16,True,True
baseline,guarded-log,narrower-double,mixed-double,3.9474596431116655e-16,1.1102230246251565e-16,True,True
baseline,guarded-log,wider-double,mixed-double,5.075305255429289e-16,2.220446049250313e-16,True,True
baseline,guarded-log,first-stage-float32,narrower-float32,6.344131594727861e-16,2.220446049250313e-16,True,True
baseline,guarded-log,first-stage-float32,wider-float32,9.868649098180498e-16,2.220446049250313e-16,True,True
baseline,guarded-log,first-stage-float32,mixed-float32,5.551115148256939e-16,1.1102230246251565e-16,True,True
baseline,guarded-log,narrower-float32,wider-float32,1.1419436870510144e-15,2.220446049250313e-16,True,True
baseline,guarded-log,narrower-float32,mixed-float32,5.07530527578229e-16,2.220446049250313e-16,True,True
baseline,guarded-log,wider-float32,mixed-float32,6.344131594727857e-16,2.220446049250313e-16,True,True
weak-1e-2,legacy,first-stage-double,narrower-double,1.525247433594703e-15,3.3306690738754696e-15,True,True
weak-1e-2,legacy,first-stage-double,wider-double,1.522591576628784e-15,2.220446049250313e-15,True,True
weak-1e-2,legacy,first-stage-double,mixed-double,8.689829748818385e-16,1.3322676295501878e-15,True,True
weak-1e-2,legacy,narrower-double,wider-double,1.1419436824715879e-15,2.55351295663786e-15,True,True
weak-1e-2,legacy,narrower-double,mixed-double,1.5187013072702622e-15,2.4424906541753444e-15,True,True
weak-1e-2,legacy,wider-double,mixed-double,1.1455721067771374e-15,8.881784197001252e-16,True,True
weak-1e-2,legacy,first-stage-float32,narrower-float32,4.514907344247062e-15,1.354472090042691e-14,True,True
weak-1e-2,legacy,first-stage-float32,wider-float32,4.662937093238768e-15,1.3988810110276972e-14,True,True
weak-1e-2,legacy,first-stage-float32,mixed-float32,3.959795785528163e-15,1.1879386363489175e-14,True,True
weak-1e-2,legacy,narrower-float32,wider-float32,1.6471767116301232e-15,2.4424906541753444e-15,True,True
weak-1e-2,legacy,narrower-float32,mixed-float32,3.4889018537677413e-15,6.217248937900877e-15,True,True
weak-1e-2,legacy,wider-float32,mixed-float32,1.841725142137621e-15,3.774758283725532e-15,True,True
weak-1e-2,guarded,first-stage-double,narrower-double,1.525247433594703e-15,3.3306690738754696e-15,True,True
weak-1e-2,guarded,first-stage-double,wider-double,1.522591576628784e-15,2.220446049250313e-15,True,True
weak-1e-2,guarded,first-stage-double,mixed-double,8.689829748818385e-16,1.3322676295501878e-15,True,True
weak-1e-2,guarded,narrower-double,wider-double,1.1419436824715879e-15,2.55351295663786e-15,True,True
weak-1e-2,guarded,narrower-double,mixed-double,1.5187013072702622e-15,2.4424906541753444e-15,True,True
weak-1e-2,guarded,wider-double,mixed-double,1.1455721067771374e-15,8.881784197001252e-16,True,True
weak-1e-2,guarded,first-stage-float32,narrower-float32,4.514907344247062e-15,1.354472090042691e-14,True,True
weak-1e-2,guarded,first-stage-float32,wider-float32,4.662937093238768e-15,1.3988810110276972e-14,True,True
weak-1e-2,guarded,first-stage-float32,mixed-float32,3.959795785528163e-15,1.1879386363489175e-14,True,True
weak-1e-2,guarded,narrower-float32,wider-float32,1.6471767116301232e-15,2.4424906541753444e-15,True,True
weak-1e-2,guarded,narrower-float32,mixed-float32,3.4889018537677413e-15,6.217248937900877e-15,True,True
weak-1e-2,guarded,wider-float32,mixed-float32,1.841725142137621e-15,3.774758283725532e-15,True,True
weak-1e-2,guarded-log,first-stage-double,narrower-double,2.1471294344165785e-15,2.1094237467877974e-15,True,True
weak-1e-2,guarded-log,first-stage-double,wider-double,1.0408340855860852e-15,1.887379141862766e-15,True,True
weak-1e-2,guarded-log,first-stage-double,mixed-double,1.2175794963459865e-15,1.887379141862766e-15,True,True
weak-1e-2,guarded-log,narrower-double,wider-double,1.1062953488304943e-15,7.771561172376096e-16,True,True
weak-1e-2,guarded-log,narrower-double,mixed-double,9.63735264431559e-16,8.881784197001252e-16,True,True
weak-1e-2,guarded-log,wider-double,mixed-double,7.612957883143922e-16,1.6653345369377348e-15,True,True
weak-1e-2,guarded-log,first-stage-float32,narrower-float32,1.0894712108419717e-15,2.7755575615628914e-15,True,True
weak-1e-2,guarded-log,first-stage-float32,wider-float32,7.612957910637186e-16,1.5543122344752192e-15,True,True
weak-1e-2,guarded-log,first-stage-float32,mixed-float32,1.0375916293733075e-15,9.992007221626409e-16,True,True
weak-1e-2,guarded-log,narrower-float32,wider-float32,1.7379659792002882e-15,1.2212453270876722e-15,True,True
weak-1e-2,guarded-log,narrower-float32,mixed-float32,2.127062840215278e-15,2.3314683517128287e-15,True,True
weak-1e-2,guarded-log,wider-float32,mixed-float32,6.349742608313291e-16,1.1102230246251565e-15,True,True
weak-1e-4,legacy,first-stage-double,narrower-double,8.533403868584507e-14,2.750022431996513e-13,False,True
weak-1e-4,legacy,first-stage-double,wider-double,6.498769776287878e-14,2.274846977456946e-13,False,True
weak-1e-4,legacy,first-stage-double,mixed-double,6.35602681597894e-14,2.2248869413488137e-13,False,True
weak-1e-4,legacy,narrower-double,wider-double,9.031090052037126e-14,2.9098945475425353e-13,False,True
weak-1e-4,legacy,narrower-double,mixed-double,7.585202307528205e-14,2.6545432518787493e-13,False,True
weak-1e-4,legacy,wider-double,mixed-double,4.618527782440049e-14,1.3855583347321954e-13,False,True
weak-1e-4,legacy,first-stage-float32,narrower-float32,7.731966945252947e-10,2.7061918261850337e-09,False,True
weak-1e-4,legacy,first-stage-float32,wider-float32,7.770497254525924e-10,2.719677372198248e-09,False,True
weak-1e-4,legacy,first-stage-float32,mixed-float32,7.6899897882785e-10,2.691499800810959e-09,False,True
weak-1e-4,legacy,narrower-float32,wider-float32,1.1240274704090801e-10,3.6218683607813773e-10,False,True
weak-1e-4,legacy,narrower-float32,mixed-float32,7.825484687664214e-11,2.5215451948668033e-10,False,True
weak-1e-4,legacy,wider-float32,mixed-float32,1.906575939087541e-10,6.143413555648181e-10,False,True
weak-1e-4,guarded,first-stage-double,narrower-double,8.533403868584507e-14,2.750022431996513e-13,False,True
weak-1e-4,guarded,first-stage-double,wider-double,6.498769776287878e-14,2.274846977456946e-13,False,True
weak-1e-4,guarded,first-stage-double,mixed-double,6.35602681597894e-14,2.2248869413488137e-13,False,True
weak-1e-4,guarded,narrower-double,wider-double,9.031090052037126e-14,2.9098945475425353e-13,False,True
weak-1e-4,guarded,narrower-double,mixed-double,7.585202307528205e-14,2.6545432518787493e-13,False,True
weak-1e-4,guarded,wider-double,mixed-double,4.618527782440049e-14,1.3855583347321954e-13,False,True
weak-1e-4,guarded,first-stage-float32,narrower-float32,7.731966945252947e-10,2.7061918261850337e-09,False,True
weak-1e-4,guarded,first-stage-float32,wider-float32,7.770497254525924e-10,2.719677372198248e-09,False,True
weak-1e-4,guarded,first-stage-float32,mixed-float32,7.6899897882785e-10,2.691499800810959e-09,False,True
weak-1e-4,guarded,narrower-float32,wider-float32,1.1240274704090801e-10,3.6218683607813773e-10,False,True
weak-1e-4,guarded,narrower-float32,mixed-float32,7.825484687664214e-11,2.5215451948668033e-10,False,True
weak-1e-4,guarded,wider-float32,mixed-float32,1.906575939087541e-10,6.143413555648181e-10,False,True
weak-1e-4,guarded-log,first-stage-double,narrower-double,6.194278806357339e-14,2.0017321133991572e-13,False,True
weak-1e-4,guarded-log,first-stage-double,wider-double,1.752672081541053e-13,5.258016244624741e-13,False,True
weak-1e-4,guarded-log,first-stage-double,mixed-double,1.0945267680701354e-13,3.5271785492341223e-13,False,True
weak-1e-4,guarded-log,narrower-double,wider-double,2.0805579481469173e-13,6.24167384444263e-13,False,True
weak-1e-4,guarded-log,narrower-double,mixed-double,4.7509888743443096e-14,1.5309975509580909e-13,False,True
weak-1e-4,guarded-log,wider-double,mixed-double,2.0428103653096734e-13,6.128431095930864e-13,False,True
weak-1e-4,guarded-log,first-stage-float32,narrower-float32,8.675056964819629e-11,2.602492665815248e-10,False,True
weak-1e-4,guarded-log,first-stage-float32,wider-float32,8.66718181979003e-11,2.6001301112188457e-10,False,True
weak-1e-4,guarded-log,first-stage-float32,mixed-float32,9.058200533994684e-11,2.717435165777715e-10,False,True
weak-1e-4,guarded-log,narrower-float32,wider-float32,7.875145030282267e-14,2.362554596402333e-13,False,True
weak-1e-4,guarded-log,narrower-float32,mixed-float32,6.441514919530031e-12,2.075595251227469e-11,False,True
weak-1e-4,guarded-log,wider-float32,mixed-float32,6.412304564696562e-12,2.0661916622088938e-11,False,True
active-a,legacy,first-stage-double,narrower-double,8.902803744414076e-08,1.7026986087742557e-07,False,False
active-a,legacy,first-stage-double,wider-double,8.092065527032835e-08,2.0123307364894316e-07,False,False
active-a,legacy,first-stage-double,mixed-double,8.005224782435198e-08,1.9907352333259354e-07,False,False
active-a,legacy,narrower-double,wider-double,5.778984019022689e-08,9.197537031990777e-08,False,False
active-a,legacy,narrower-double,mixed-double,1.4492807617989489e-08,2.8803662455167967e-08,False,False
active-a,legacy,wider-double,mixed-double,4.463362368142592e-08,7.103659882545799e-08,False,False
active-a,legacy,first-stage-float32,narrower-float32,3.121649091037507e-08,7.755245834406566e-08,False,False
active-a,legacy,first-stage-float32,wider-float32,1.1630186553886306e-07,1.850990113405615e-07,False,False
active-a,legacy,first-stage-float32,mixed-float32,3.1202960469697655e-08,7.751885067186493e-08,False,False
active-a,legacy,narrower-float32,wider-float32,1.24617594836667e-07,1.98335021739382e-07,False,False
active-a,legacy,narrower-float32,mixed-float32,1.94200838496237e-08,3.090802791483327e-08,False,False
active-a,legacy,wider-float32,mixed-float32,1.0519751302998785e-07,1.6742699382454873e-07,False,False
active-a,guarded,first-stage-double,narrower-double,8.902803744414076e-08,1.7026986087742557e-07,False,False
active-a,guarded,first-stage-double,wider-double,8.092065527032835e-08,2.0123307364894316e-07,False,False
active-a,guarded,first-stage-double,mixed-double,8.005224782435198e-08,1.9907352333259354e-07,False,False
active-a,guarded,narrower-double,wider-double,5.778984019022689e-08,9.197537031990777e-08,False,False
active-a,guarded,narrower-double,mixed-double,1.4492807617989489e-08,2.8803662455167967e-08,False,False
active-a,guarded,wider-double,mixed-double,4.463362368142592e-08,7.103659882545799e-08,False,False
active-a,guarded,first-stage-float32,narrower-float32,3.121649091037507e-08,7.755245834406566e-08,False,False
active-a,guarded,first-stage-float32,wider-float32,1.1630186553886306e-07,1.850990113405615e-07,False,False
active-a,guarded,first-stage-float32,mixed-float32,3.1202960469697655e-08,7.751885067186493e-08,False,False
active-a,guarded,narrower-float32,wider-float32,1.24617594836667e-07,1.98335021739382e-07,False,False
active-a,guarded,narrower-float32,mixed-float32,1.94200838496237e-08,3.090802791483327e-08,False,False
active-a,guarded,wider-float32,mixed-float32,1.0519751302998785e-07,1.6742699382454873e-07,False,False
active-a,guarded-log,first-stage-double,narrower-double,4.9880811174585505e-08,9.800958211680921e-08,False,False
active-a,guarded-log,first-stage-double,wider-double,3.380279511686515e-08,5.379880341216392e-08,False,False
active-a,guarded-log,first-stage-double,mixed-double,3.201154772581665e-08,7.960617143254467e-08,False,False
active-a,guarded-log,narrower-double,wider-double,4.163170786116947e-08,8.180112198719058e-08,False,False
active-a,guarded-log,narrower-double,mixed-double,5.8509242812207944e-08,1.2100374546797354e-07,False,False
active-a,guarded-log,wider-double,mixed-double,6.432947053671756e-08,1.0713302223130938e-07,False,False
active-a,guarded-log,first-stage-float32,narrower-float32,1.769523944256203e-07,2.8162843923595915e-07,False,False
active-a,guarded-log,first-stage-float32,wider-float32,1.2430330702139137e-07,1.9783411653317984e-07,False,False
active-a,guarded-log,first-stage-float32,mixed-float32,1.6009603386457134e-07,2.548005011426824e-07,False,False
active-a,guarded-log,narrower-float32,wider-float32,5.2649093948685395e-08,8.379432270277931e-08,False,False
active-a,guarded-log,narrower-float32,mixed-float32,1.6856363259685855e-08,2.682793809327677e-08,False,False
active-a,guarded-log,wider-float32,mixed-float32,3.579273129233482e-08,5.696638460950254e-08,False,False
zero-signal,legacy,first-stage-double,narrower-double,0.17752115957239384,0.45570134015545494,False,False
zero-signal,legacy,first-stage-double,wider-double,0.058548809455165246,0.15386541380144003,False,False
zero-signal,legacy,first-stage-double,mixed-double,0.26215660076304204,0.6679791592231599,False,False
zero-signal,legacy,narrower-double,wider-double,0.12637123550545104,0.3018359263540149,False,False
zero-signal,legacy,narrower-double,mixed-double,0.10290287972228722,0.21227781906770488,False,False
zero-signal,legacy,wider-double,mixed-double,0.21627015118016402,0.5141137454217197,False,False
zero-signal,legacy,first-stage-float32,narrower-float32,0.0002587511686738746,0.0006720090109053611,False,False
zero-signal,legacy,first-stage-float32,wider-float32,0.00034453171714344014,0.0008948914879566838,False,False
zero-signal,legacy,first-stage-float32,mixed-float32,0.0002452541863246029,0.0006369445008253538,False,False
zero-signal,legacy,narrower-float32,wider-float32,8.580275003141159e-05,0.0002228824770513227,False,False
zero-signal,legacy,narrower-float32,mixed-float32,1.3500293352733043e-05,3.506451008000733e-05,False,False
zero-signal,legacy,wider-float32,mixed-float32,9.930188502184874e-05,0.00025794698713133,False,False
zero-signal,guarded,first-stage-double,narrower-double,0.17752115957239384,0.45570134015545494,False,False
zero-signal,guarded,first-stage-double,wider-double,0.058548809455165246,0.15386541380144003,False,False
zero-signal,guarded,first-stage-double,mixed-double,0.26215660076304204,0.6679791592231599,False,False
zero-signal,guarded,narrower-double,wider-double,0.12637123550545104,0.3018359263540149,False,False
zero-signal,guarded,narrower-double,mixed-double,0.10290287972228722,0.21227781906770488,False,False
zero-signal,guarded,wider-double,mixed-double,0.21627015118016402,0.5141137454217197,False,False
zero-signal,guarded,first-stage-float32,narrower-float32,0.0002587511686738746,0.0006720090109053611,False,False
zero-signal,guarded,first-stage-float32,wider-float32,0.00034453171714344014,0.0008948914879566838,False,False
zero-signal,guarded,first-stage-float32,mixed-float32,0.0002452541863246029,0.0006369445008253538,False,False
zero-signal,guarded,narrower-float32,wider-float32,8.580275003141159e-05,0.0002228824770513227,False,False
zero-signal,guarded,narrower-float32,mixed-float32,1.3500293352733043e-05,3.506451008000733e-05,False,False
zero-signal,guarded,wider-float32,mixed-float32,9.930188502184874e-05,0.00025794698713133,False,False
zero-signal,guarded-log,first-stage-double,narrower-double,0.07873914888520857,0.17118573184589655,False,False
zero-signal,guarded-log,first-stage-double,wider-double,0.38632840476127145,0.8144467159297764,False,False
zero-signal,guarded-log,first-stage-double,mixed-double,0.05046023164297944,0.10091879476418693,False,False
zero-signal,guarded-log,narrower-double,wider-double,0.43464838386539717,0.9856324477756729,False,False
zero-signal,guarded-log,narrower-double,mixed-double,0.12522618483606934,0.2721045266100835,False,False
zero-signal,guarded-log,wider-double,mixed-double,0.35371680503644565,0.7135279211655895,False,False
zero-signal,guarded-log,first-stage-float32,narrower-float32,9.11191304537347e-06,2.3666283428092072e-05,False,False
zero-signal,guarded-log,first-stage-float32,wider-float32,0.0001207215640667688,0.0003135989684087681,False,False
zero-signal,guarded-log,first-stage-float32,mixed-float32,4.235351337671454e-05,0.00011000327779187025,False,False
zero-signal,guarded-log,narrower-float32,wider-float32,0.00012983237710774778,0.0003372652518368602,False,False
zero-signal,guarded-log,narrower-float32,mixed-float32,3.3241903228672745e-05,8.633699436377817e-05,False,False
zero-signal,guarded-log,wider-float32,mixed-float32,0.00016306996446110476,0.00042360224620063835,False,False
near-0.10,legacy,first-stage-double,narrower-double,7.612957883143935e-16,2.220446049250313e-16,True,True
near-0.10,legacy,first-stage-double,wider-double,1.2688263138573192e-15,3.3306690738754696e-16,True,True
near-0.10,legacy,first-stage-double,mixed-double,8.881784197001249e-16,1.1102230246251565e-16,True,True
near-0.10,legacy,narrower-double,wider-double,1.522591576628787e-15,4.440892098500626e-16,True,True
near-0.10,legacy,narrower-double,mixed-double,8.881784197001258e-16,3.3306690738754696e-16,True,True
near-0.10,legacy,wider-double,mixed-double,1.2688263138573192e-15,2.220446049250313e-16,True,True
near-0.10,legacy,first-stage-float32,narrower-float32,1.6494741586165606e-15,4.440892098500626e-16,True,True
near-0.10,legacy,first-stage-float32,wider-float32,1.17961196494611e-15,4.440892098500626e-16,True,True
near-0.10,legacy,first-stage-float32,mixed-float32,8.326672674950155e-16,3.3306690738754696e-16,True,True
near-0.10,legacy,narrower-float32,wider-float32,2.4107699241318964e-15,6.661338147750939e-16,True,True
near-0.10,legacy,narrower-float32,mixed-float32,1.77635678620245e-15,2.220446049250313e-16,True,True
near-0.10,legacy,wider-float32,mixed-float32,6.47630098401786e-16,4.440892098500626e-16,True,True
near-0.10,guarded,first-stage-double,narrower-double,7.612957883143935e-16,2.220446049250313e-16,True,True
near-0.10,guarded,first-stage-double,wider-double,1.2688263138573192e-15,3.3306690738754696e-16,True,True
near-0.10,guarded,first-stage-double,mixed-double,8.881784197001249e-16,1.1102230246251565e-16,True,True
near-0.10,guarded,narrower-double,wider-double,1.522591576628787e-15,4.440892098500626e-16,True,True
near-0.10,guarded,narrower-double,mixed-double,8.881784197001258e-16,3.3306690738754696e-16,True,True
near-0.10,guarded,wider-double,mixed-double,1.2688263138573192e-15,2.220446049250313e-16,True,True
near-0.10,guarded,first-stage-float32,narrower-float32,1.6494741586165606e-15,4.440892098500626e-16,True,True
near-0.10,guarded,first-stage-float32,wider-float32,1.17961196494611e-15,4.440892098500626e-16,True,True
near-0.10,guarded,first-stage-float32,mixed-float32,8.326672674950155e-16,3.3306690738754696e-16,True,True
near-0.10,guarded,narrower-float32,wider-float32,2.4107699241318964e-15,6.661338147750939e-16,True,True
near-0.10,guarded,narrower-float32,mixed-float32,1.77635678620245e-15,2.220446049250313e-16,True,True
near-0.10,guarded,wider-float32,mixed-float32,6.47630098401786e-16,4.440892098500626e-16,True,True
near-0.10,guarded-log,first-stage-double,narrower-double,6.661338147750936e-16,2.220446049250313e-16,True,True
near-0.10,guarded-log,first-stage-double,wider-double,6.908054375445419e-16,3.3306690738754696e-16,True,True
near-0.10,guarded-log,first-stage-double,mixed-double,7.612957883143919e-16,2.220446049250313e-16,True,True
near-0.10,guarded-log,narrower-double,wider-double,6.908054375445419e-16,3.3306690738754696e-16,True,True
near-0.10,guarded-log,narrower-double,mixed-double,1.0150610510858558e-15,2.220446049250313e-16,True,True
near-0.10,guarded-log,wider-double,mixed-double,9.868649107779168e-16,4.440892098500626e-16,True,True
near-0.10,guarded-log,first-stage-float32,narrower-float32,2.7914178068895687e-15,1.1102230246251565e-15,True,True
near-0.10,guarded-log,first-stage-float32,wider-float32,1.6494742397479248e-15,2.220446049250313e-16,True,True
near-0.10,guarded-log,first-stage-float32,mixed-float32,2.283887408881742e-15,3.3306690738754696e-16,True,True
near-0.10,guarded-log,narrower-float32,wider-float32,4.314009337920236e-15,1.3322676295501878e-15,True,True
near-0.10,guarded-log,narrower-float32,mixed-float32,4.948422475849679e-15,1.3322676295501878e-15,True,True
near-0.10,guarded-log,wider-float32,mixed-float32,6.344131691338183e-16,2.220446049250313e-16,True,True
near-0.02,legacy,first-stage-double,narrower-double,1.0,9.367701369925653,False,False
near-0.02,legacy,first-stage-double,wider-double,6.4710142006723125e-15,6.661338147750939e-16,False,True
near-0.02,legacy,first-stage-double,mixed-double,1.649474208014519e-15,1.3322676295501878e-15,False,True
near-0.02,legacy,narrower-double,wider-double,1.0,9.367701369925651,False,False
near-0.02,legacy,narrower-double,mixed-double,1.0,9.367701369925651,False,False
near-0.02,legacy,wider-double,mixed-double,5.075305255429284e-15,6.661338147750939e-16,False,True
near-0.02,legacy,first-stage-float32,narrower-float32,1.0,9.367700075495888,False,False
near-0.02,legacy,first-stage-float32,wider-float32,1.8797656326922995e-12,7.129852264142755e-13,False,True
near-0.02,legacy,first-stage-float32,mixed-float32,2.4221887227914115e-13,9.126033262418787e-14,False,True
near-0.02,legacy,narrower-float32,wider-float32,1.0,9.367700075495177,False,False
near-0.02,legacy,narrower-float32,mixed-float32,1.0,9.367700075495797,False,False
near-0.02,legacy,wider-float32,mixed-float32,1.637546760413555e-12,6.217248937900877e-13,False,True
near-0.02,guarded,first-stage-double,narrower-double,3.5527136788004954e-15,1.3322676295501878e-15,False,True
near-0.02,guarded,first-stage-double,wider-double,6.4710142006723125e-15,6.661338147750939e-16,False,True
near-0.02,guarded,first-stage-double,mixed-double,1.649474208014519e-15,1.3322676295501878e-15,False,True
near-0.02,guarded,narrower-double,wider-double,3.2989484160290402e-15,6.661338147750939e-16,False,True
near-0.02,guarded,narrower-double,mixed-double,1.90323947078598e-15,1.1102230246251565e-16,False,True
near-0.02,guarded,wider-double,mixed-double,5.075305255429284e-15,6.661338147750939e-16,False,True
near-0.02,guarded,first-stage-float32,narrower-float32,2.2588539996771734e-11,7.957412506698347e-12,False,True
near-0.02,guarded,first-stage-float32,wider-float32,1.8797656326922995e-12,7.129852264142755e-13,False,True
near-0.02,guarded,first-stage-float32,mixed-float32,2.4221887227914115e-13,9.126033262418787e-14,False,True
near-0.02,guarded,narrower-float32,wider-float32,2.0828677449244123e-11,7.2444272802840715e-12,False,True
near-0.02,guarded,narrower-float32,mixed-float32,2.2359643671196035e-11,7.866152174074159e-12,False,True
near-0.02,guarded,wider-float32,mixed-float32,1.637546760413555e-12,6.217248937900877e-13,False,True
near-0.02,guarded-log,first-stage-double,narrower-double,9.643079985315572e-15,6.661338147750939e-16,False,True
near-0.02,guarded-log,first-stage-double,wider-double,7.612957883143911e-16,1.1102230246251565e-16,False,True
near-0.02,guarded-log,first-stage-double,mixed-double,2.5376526277146424e-15,6.661338147750939e-16,False,True
near-0.02,guarded-log,narrower-double,wider-double,9.896845248087035e-15,6.661338147750939e-16,False,True
near-0.02,guarded-log,narrower-double,mixed-double,7.1054273576009474e-15,3.3306690738754696e-16,False,True
near-0.02,guarded-log,wider-double,mixed-double,3.1720657846432963e-15,7.771561172376096e-16,False,True
near-0.02,guarded-log,first-stage-float32,narrower-float32,2.7914186046441166e-15,7.771561172376096e-16,False,True
near-0.02,guarded-log,first-stage-float32,wider-float32,1.497228121666411e-11,4.9861226258940405e-12,False,True
near-0.02,guarded-log,first-stage-float32,mixed-float32,4.694658562356014e-15,1.1102230246251565e-15,False,True
near-0.02,guarded-log,narrower-float32,wider-float32,1.4969489798059506e-11,4.985345469776803e-12,False,True
near-0.02,guarded-log,narrower-float32,mixed-float32,2.4107692893162793e-15,3.3306690738754696e-16,False,True
near-0.02,guarded-log,wider-float32,mixed-float32,1.4967586558101823e-11,4.985012402869415e-12,False,True
