dataset,case,scope,atoms,rows,search_counter_scope,profile_evaluations,accepted_updates,search_reference_solves,endpoint_reference_solves,audit_reference_solves,post_search_trust_reference_solves,refreshed_assessment_reference_solves,precision_reference_pairs_requested,boundary_reference_pairs_requested,boundary_seconds,refreshed_assessment_seconds,search_seconds,search_reference_seconds_nested,endpoint_audit_seconds,audit_seconds,precision_seconds_nested,process_peak_rss_bytes
active-a,first-stage-double,monolithic,12,7451,this-search,78,54,80,13,103,0,0,1,1,77.712921083,1.042e-06,0.704283666,0.3139422499999999,0.039007125,14.005467958,13.362344666,163708928
active-a,first-stage-double,assembled,12,7451,sum-of-components,78,54,80,13,103,0,0,1,1,0.022416417,1.25e-06,0,0,0.040989792,0.769569167,0.120736459,172425216
active-a,first-stage-double,1,12,7451,this-search,78,54,80,13,103,1,0,1,1,0.021903792,1.958e-06,0.705561666,0.31463204100000003,0.037885459,0.760352584,0.11823225,172425216
active-a,narrower-double,monolithic,12,7451,this-search,31,25,31,13,103,0,0,1,1,80.321713833,1.5e-06,0.277011583,0.12056083699999998,0.039188416,14.180443708,13.502364791,178798592
active-a,narrower-double,assembled,12,7451,sum-of-components,31,25,31,13,103,0,0,1,1,0.022511417,1.166e-06,0,0,0.040931125,0.796702083,0.119035542,178831360
active-a,narrower-double,1,12,7451,this-search,31,25,31,13,103,1,0,1,1,0.02237475,6.334e-06,0.277049125,0.12061008499999999,0.037941042,0.804467792,0.118420875,178831360
active-a,wider-double,monolithic,12,7451,this-search,43,34,43,13,103,0,0,1,1,79.615443042,1.291e-06,0.396669875,0.168588746,0.038431542,14.269019791,13.61382175,180813824
active-a,wider-double,assembled,12,7451,sum-of-components,43,34,43,13,103,0,0,1,1,0.022906583,1.5e-06,0,0,0.040264583,0.791042708,0.122735875,180813824
active-a,wider-double,1,12,7451,this-search,43,34,43,13,103,1,0,1,1,0.023233916,1.667e-06,0.394923,0.167991754,0.037504084,0.808656875,0.122547125,180813824
active-a,mixed-double,monolithic,12,7451,this-search,32,26,32,13,103,0,0,1,1,80.471724333,2.208e-06,0.286561334,0.124336876,0.038493125,14.232737416,13.559170208,183271424
active-a,mixed-double,assembled,12,7451,sum-of-components,32,26,32,13,103,0,0,1,1,0.022904959,1.25e-06,0,0,0.039983375,0.775043167,0.12069425,183271424
active-a,mixed-double,1,12,7451,this-search,32,26,32,13,103,1,0,1,1,0.02288425,1.708e-06,0.287118334,0.12443896000000002,0.03784275,0.787106875,0.118177458,183271424
active-a,first-stage-float32,monolithic,12,7451,this-search,53,37,53,13,103,0,0,1,1,79.796176125,1.291e-06,0.47427375,0.20754629700000007,0.037845375,14.613314333,13.992860958,183271424
active-a,first-stage-float32,assembled,12,7451,sum-of-components,53,37,53,13,103,0,0,1,1,0.0225145,1.75e-06,0,0,0.039332792,0.744450167,0.125140583,183271424
active-a,first-stage-float32,1,12,7451,this-search,53,37,53,13,103,1,0,1,1,0.02281925,1.875e-06,0.47280425,0.20755087400000002,0.036981209,0.742502208,0.123206292,183271424
active-a,narrower-float32,monolithic,12,7451,this-search,40,30,40,13,103,0,0,1,1,79.646956208,1.291e-06,0.361388083,0.15617270599999997,0.038738708,14.091271542,13.467787083,183271424
active-a,narrower-float32,assembled,12,7451,sum-of-components,40,30,40,13,103,0,0,1,1,0.022564959,1.541e-06,0,0,0.040776458,0.768363917,0.124299875,183271424
active-a,narrower-float32,1,12,7451,this-search,40,30,40,13,103,1,0,1,1,0.022507708,1.25e-06,0.363635875,0.15677266100000004,0.037672125,0.766619667,0.121869208,183271424
active-a,wider-float32,monolithic,12,7451,this-search,37,26,37,13,103,0,0,1,1,77.601694292,1.166e-06,0.337060542,0.14582446000000004,0.037345958,14.016767041,13.425596458,183271424
active-a,wider-float32,assembled,12,7451,sum-of-components,37,26,37,13,103,0,0,1,1,0.023277959,1.25e-06,0,0,0.039519042,0.766416625,0.140943458,183271424
active-a,wider-float32,1,12,7451,this-search,37,26,37,13,103,1,0,1,1,0.023677375,1.333e-06,0.336360125,0.14530716799999996,0.03667025,0.847953959,0.148897042,183271424
active-a,mixed-float32,monolithic,12,7451,this-search,32,22,32,13,103,0,0,1,1,77.53290375,1.542e-06,0.284550542,0.12643504,0.038283,14.023233083,13.418719625,184156160
active-a,mixed-float32,assembled,12,7451,sum-of-components,32,22,32,13,103,0,0,1,1,0.02091075,1.375e-06,0,0,0.039543833,0.703621583,0.118459958,184156160
active-a,mixed-float32,1,12,7451,this-search,32,22,32,13,103,1,0,1,1,0.021803083,1.417e-06,0.281813208,0.12498683299999996,0.036913417,0.69566225,0.117805917,184156160
baseline,first-stage-double,monolithic,12,7451,this-search,6,5,6,13,103,0,0,1,0,0,1.042e-06,0.053228875,0.023301416,0.036834458,13.903613125,13.397571084,145424384
baseline,first-stage-double,assembled,12,7451,sum-of-components,6,5,6,13,103,0,0,1,0,0,2.875e-06,0,0,0.038980959,0.62564475,0.118150542,155402240
baseline,first-stage-double,1,12,7451,this-search,6,5,6,13,103,1,0,1,0,0,2.958e-06,0.05345,0.023270581999999998,0.036665917,0.624234708,0.118261,156434432
baseline,narrower-double,monolithic,12,7451,this-search,7,5,7,13,1,0,0,0,0,0,1.834e-06,0.063138417,0.027450334,0.036664583,0.009009833,0,173424640
baseline,narrower-double,assembled,12,7451,sum-of-components,7,5,7,13,1,0,0,0,0,0,1.083e-06,0,0,0.038260708,0.007750417,0,173441024
baseline,narrower-double,1,12,7451,this-search,7,5,7,13,1,1,0,0,0,0,1.584e-06,0.062998958,0.027236375999999996,0.036020459,0.009037333,0,173441024
baseline,wider-double,monolithic,12,7451,this-search,8,7,8,13,1,0,0,0,0,0,1.25e-06,0.072441458,0.030990168000000002,0.036476958,0.009023459,0,173457408
baseline,wider-double,assembled,12,7451,sum-of-components,8,7,8,13,1,0,0,0,0,0,1e-06,0,0,0.03903325,0.007722583,0,173457408
baseline,wider-double,1,12,7451,this-search,8,7,8,13,1,1,0,0,0,0,1.583e-06,0.072081792,0.030857249000000003,0.036429417,0.009072167,0,173457408
baseline,mixed-double,monolithic,12,7451,this-search,7,6,7,13,1,0,0,0,0,0,9.59e-07,0.063252875,0.02749825,0.036899,0.009394709,0,173522944
baseline,mixed-double,assembled,12,7451,sum-of-components,7,6,7,13,1,0,0,0,0,0,1.125e-06,0,0,0.039128625,0.007680125,0,173522944
baseline,mixed-double,1,12,7451,this-search,7,6,7,13,1,1,0,0,0,0,1.083e-06,0.06293875,0.027333792000000003,0.036448667,0.009008166,0,173539328
baseline,first-stage-float32,monolithic,12,7451,this-search,6,5,6,13,103,0,0,1,0,0,1.084e-06,0.053411167,0.023474958,0.036684417,13.871506625,13.3674985,173948928
baseline,first-stage-float32,assembled,12,7451,sum-of-components,6,5,6,13,103,0,0,1,0,0,1.125e-06,0,0,0.038780625,0.617820792,0.117379959,173948928
baseline,first-stage-float32,1,12,7451,this-search,6,5,6,13,103,1,0,1,0,0,1.458e-06,0.053355084,0.023344501000000004,0.036696042,0.619100167,0.117178,174063616
baseline,narrower-float32,monolithic,12,7451,this-search,7,5,7,13,1,0,0,0,0,0,1.458e-06,0.06338525,0.027403293,0.036614792,0.008993042,0,177340416
baseline,narrower-float32,assembled,12,7451,sum-of-components,7,5,7,13,1,0,0,0,0,0,1.125e-06,0,0,0.038490167,0.008031542,0,177356800
baseline,narrower-float32,1,12,7451,this-search,7,5,7,13,1,1,0,0,0,0,1.708e-06,0.063087583,0.027302248999999997,0.036449916,0.008942084,0,177356800
baseline,wider-float32,monolithic,12,7451,this-search,8,6,8,13,1,0,0,0,0,0,1.125e-06,0.072525458,0.031332413999999996,0.03685325,0.009138333,0,177373184
baseline,wider-float32,assembled,12,7451,sum-of-components,8,6,8,13,1,0,0,0,0,0,1.125e-06,0,0,0.039151792,0.007709334,0,177373184
baseline,wider-float32,1,12,7451,this-search,8,6,8,13,1,1,0,0,0,0,1.375e-06,0.072373834,0.031120875000000003,0.036481083,0.009149708,0,177373184
baseline,mixed-float32,monolithic,12,7451,this-search,7,5,7,13,1,0,0,0,0,0,1.333e-06,0.063062,0.027082374,0.037183375,0.009058291,0,177405952
baseline,mixed-float32,assembled,12,7451,sum-of-components,7,5,7,13,1,0,0,0,0,0,9.59e-07,0,0,0.039050875,0.00769625,0,177405952
baseline,mixed-float32,1,12,7451,this-search,7,5,7,13,1,1,0,0,0,0,1.916e-06,0.063044333,0.027253167,0.036411208,0.009040542,0,177405952
duplicate,first-stage-double,monolithic,12,7243,this-search,1,0,0,1,0,0,0,0,0,0,9.58e-07,0.002525,0.0,0.004756125,0,0,42352640
duplicate,first-stage-double,assembled,12,7243,sum-of-components,1,0,0,0,0,0,0,0,0,0,5.83e-07,0,0,0,0,0,0
duplicate,first-stage-double,1,12,7243,this-search,1,0,0,1,0,0,0,0,0,0,7.5e-07,0.002455708,0.0,0.004818459,0,0,42385408
duplicate,narrower-double,monolithic,12,7243,this-search,1,0,0,1,0,0,0,0,0,0,1.667e-06,0.002498708,0.0,0.004815584,0,0,42401792
duplicate,narrower-double,assembled,12,7243,sum-of-components,1,0,0,0,0,0,0,0,0,0,3.75e-07,0,0,0,0,0,0
duplicate,narrower-double,1,12,7243,this-search,1,0,0,1,0,0,0,0,0,0,2.042e-06,0.002456666,0.0,0.004667125,0,0,42418176
duplicate,wider-double,monolithic,12,7243,this-search,1,0,0,1,0,0,0,0,0,0,7.08e-07,0.0024945,0.0,0.004705166,0,0,42450944
duplicate,wider-double,assembled,12,7243,sum-of-components,1,0,0,0,0,0,0,0,0,0,5.41e-07,0,0,0,0,0,0
duplicate,wider-double,1,12,7243,this-search,1,0,0,1,0,0,0,0,0,0,6.25e-07,0.00237675,0.0,0.004528708,0,0,42450944
duplicate,mixed-double,monolithic,12,7243,this-search,16,8,16,13,103,0,0,0,0,0,9.59e-07,0.139261,0.06332333299999998,0.039827084,0.549850042,0,43548672
duplicate,mixed-double,assembled,12,7243,sum-of-components,16,8,16,13,103,0,0,0,0,0,1.125e-06,0,0,0.039512208,0.546943667,0,41648128
duplicate,mixed-double,1,12,7243,this-search,16,8,16,13,103,1,0,0,0,0,1.125e-06,0.1451555,0.06676821000000001,0.036798792,0.548942958,0,44351488
duplicate,first-stage-float32,monolithic,12,7243,this-search,1,0,0,1,0,0,0,0,0,0,8.75e-07,0.002508333,0.0,0.004740125,0,0,44908544
duplicate,first-stage-float32,assembled,12,7243,sum-of-components,1,0,0,0,0,0,0,0,0,0,7.08e-07,0,0,0,0,0,0
duplicate,first-stage-float32,1,12,7243,this-search,1,0,0,1,0,0,0,0,0,0,1e-06,0.002531208,0.0,0.0046465,0,0,44908544
duplicate,narrower-float32,monolithic,12,7243,this-search,1,0,0,1,0,0,0,0,0,0,5.83e-07,0.00249075,0.0,0.0048385,0,0,44924928
duplicate,narrower-float32,assembled,12,7243,sum-of-components,1,0,0,0,0,0,0,0,0,0,4.16e-07,0,0,0,0,0,0
duplicate,narrower-float32,1,12,7243,this-search,1,0,0,1,0,0,0,0,0,0,3.75e-07,0.002528,0.0,0.004701417,0,0,44924928
duplicate,wider-float32,monolithic,12,7243,this-search,1,0,0,1,0,0,0,0,0,0,4.58e-07,0.00246575,0.0,0.004632041,0,0,44924928
duplicate,wider-float32,assembled,12,7243,sum-of-components,1,0,0,0,0,0,0,0,0,0,4.17e-07,0,0,0,0,0,0
duplicate,wider-float32,1,12,7243,this-search,1,0,0,1,0,0,0,0,0,0,3.75e-07,0.002501083,0.0,0.004740084,0,0,44924928
duplicate,mixed-float32,monolithic,12,7243,this-search,32,19,32,13,103,0,0,0,0,0,7.5e-07,0.300960375,0.12593146000000002,0.038270334,0.580553166,0,44941312
duplicate,mixed-float32,assembled,12,7243,sum-of-components,32,19,32,13,103,0,0,0,0,0,9.58e-07,0,0,0.040305292,0.577195709,0,44728320
duplicate,mixed-float32,1,12,7243,this-search,32,19,32,13,103,1,0,0,0,0,1.334e-06,0.300847833,0.12577528999999998,0.037530083,0.583394333,0,48545792
heterogeneous-168,first-stage-double,monolithic,168,139551,this-search,6,5,6,13,1,0,0,0,0,0,1.75e-06,23.7619005,7.461004375,20.348799041,3.723244417,0,1453490176
heterogeneous-168,first-stage-double,assembled,168,139551,sum-of-components,6,5,6,13,1,0,0,0,0,0,1.167e-06,0,0,21.210240792,3.440548333,0,1051672576
heterogeneous-168,first-stage-double,1,168,139551,this-search,6,5,6,13,1,1,0,0,0,0,3.333e-06,23.553542625,7.440378749,20.343422833,3.659675167,0,1453490176
heterogeneous-168,narrower-double,monolithic,168,139551,this-search,7,6,7,13,1,0,0,0,0,0,1.208e-06,28.195482834,8.830694376,20.372166917,3.691261917,0,1453490176
heterogeneous-168,narrower-double,assembled,168,139551,sum-of-components,7,6,7,13,1,0,0,0,0,0,1.209e-06,0,0,20.469109042,3.487731875,0,1166327808
heterogeneous-168,narrower-double,1,168,139551,this-search,7,6,7,13,1,1,0,0,0,0,1.5e-06,28.865333666,8.989067543,21.58158,3.719124958,0,1453490176
heterogeneous-168,wider-double,monolithic,168,139551,this-search,7,6,7,13,1,0,0,0,0,0,1.333e-06,28.294105083,8.84610875,20.97798725,3.786830583,0,1453490176
heterogeneous-168,wider-double,assembled,168,139551,sum-of-components,7,6,7,13,1,0,0,0,0,0,1.458e-06,0,0,20.369924625,3.487818125,0,1202143232
heterogeneous-168,wider-double,1,168,139551,this-search,7,6,7,13,1,1,0,0,0,0,1.584e-06,28.53024425,8.920746542999998,20.672636875,3.797215,0,1453490176
heterogeneous-168,mixed-double,monolithic,168,139551,this-search,7,5,6,13,1,0,0,0,0,0,1.459e-06,27.520761625,7.563188165,20.491455584,3.6921705,0,1453490176
heterogeneous-168,mixed-double,assembled,168,139551,sum-of-components,7,5,6,13,1,0,0,0,0,0,1.083e-06,0,0,20.987190416,3.472270125,0,1202143232
heterogeneous-168,mixed-double,1,168,139551,this-search,7,5,6,13,1,1,0,0,0,0,1.292e-06,27.781789,7.6784025830000004,21.600893417,3.668960125,0,1453490176
heterogeneous-168,first-stage-float32,monolithic,168,139551,this-search,6,5,6,13,1,0,0,0,0,0,1.25e-06,24.395763583,7.661234126,20.487831542,3.67013725,0,1453490176
heterogeneous-168,first-stage-float32,assembled,168,139551,sum-of-components,6,5,6,13,1,0,0,0,0,0,1.208e-06,0,0,21.321338542,3.431592541,0,1202143232
heterogeneous-168,first-stage-float32,1,168,139551,this-search,6,5,6,13,1,1,0,0,0,0,1.292e-06,24.203609917,7.646613166,20.772583084,3.681296792,0,1462140928
heterogeneous-168,narrower-float32,monolithic,168,139551,this-search,7,6,7,13,1,0,0,0,0,0,1.209e-06,28.646161833,8.907016624999999,20.666417208,3.680268375,0,1462140928
heterogeneous-168,narrower-float32,assembled,168,139551,sum-of-components,7,6,7,13,1,0,0,0,0,0,1.208e-06,0,0,21.159635917,3.443157917,0,1202143232
heterogeneous-168,narrower-float32,1,168,139551,this-search,7,6,7,13,1,1,0,0,0,0,1.584e-06,28.695361417,8.889925127000001,21.130452083,3.659935834,0,1462140928
heterogeneous-168,wider-float32,monolithic,168,139551,this-search,7,5,6,13,1,0,0,0,0,0,1.375e-06,27.321919875,7.648172833,20.6644115,3.6680985,0,1462140928
heterogeneous-168,wider-float32,assembled,168,139551,sum-of-components,7,5,6,13,1,0,0,0,0,0,1.375e-06,0,0,20.943397875,3.432359458,0,1202143232
heterogeneous-168,wider-float32,1,168,139551,this-search,7,5,6,13,1,1,0,0,0,0,1.333e-06,27.524680875,7.6723237520000005,20.720044542,3.901351875,0,1462140928
heterogeneous-168,mixed-float32,monolithic,168,139551,this-search,7,5,6,13,1,0,0,0,0,0,1.25e-06,27.732409708,7.754749541999999,20.433393375,3.742807292,0,1462140928
heterogeneous-168,mixed-float32,assembled,168,139551,sum-of-components,7,5,6,13,1,0,0,0,0,0,1.292e-06,0,0,19.600994458,3.494617625,0,1202143232
heterogeneous-168,mixed-float32,1,168,139551,this-search,7,5,6,13,1,1,0,0,0,0,1.5e-06,25.889125167,7.14076075,19.616772541,3.704489875,0,1462140928
near-0.02,first-stage-double,monolithic,12,7243,this-search,10,9,10,13,103,0,0,1,0,0,2.166e-06,0.091638833,0.038890498999999995,0.036789542,15.415703834,14.873222125,171507712
near-0.02,first-stage-double,assembled,12,7243,sum-of-components,10,9,10,13,103,0,0,1,0,0,1.5e-06,0,0,0.0387345,0.63140875,0.119198084,175243264
near-0.02,first-stage-double,1,12,7243,this-search,10,9,10,13,103,1,0,1,0,0,1.25e-06,0.091129208,0.038864585,0.036023125,0.617944625,0.114426083,176128000
near-0.02,narrower-double,monolithic,12,7243,this-search,18,16,18,13,103,0,0,1,0,0,1.291e-06,0.168183416,0.06985291499999999,0.036348,15.415618583,14.894966625,178765824
near-0.02,narrower-double,assembled,12,7243,sum-of-components,18,16,18,13,103,0,0,1,0,0,1.167e-06,0,0,0.038615791,0.618614667,0.116198125,178765824
near-0.02,narrower-double,1,12,7243,this-search,18,16,18,13,103,1,0,1,0,0,1.292e-06,0.168411791,0.069957418,0.035909541,0.631285583,0.117348833,178765824
near-0.02,wider-double,monolithic,12,7243,this-search,20,18,20,13,103,0,0,1,0,0,1.166e-06,0.186559333,0.077138876,0.036444958,15.54747875,15.039817042,179716096
near-0.02,wider-double,assembled,12,7243,sum-of-components,20,18,20,13,103,0,0,1,0,0,9.58e-07,0,0,0.038400333,0.619785041,0.117645208,179716096
near-0.02,wider-double,1,12,7243,this-search,20,18,20,13,103,1,0,1,0,0,1.292e-06,0.186939875,0.07729396100000001,0.036116,0.624221209,0.114996625,179716096
near-0.02,mixed-double,monolithic,12,7243,this-search,12,11,12,13,103,0,0,1,0,0,1.125e-06,0.109489792,0.046359750000000005,0.036599334,15.41773875,14.895907542,179716096
near-0.02,mixed-double,assembled,12,7243,sum-of-components,12,11,12,13,103,0,0,1,0,0,1.083e-06,0,0,0.038847333,0.630700292,0.116170292,179716096
near-0.02,mixed-double,1,12,7243,this-search,12,11,12,13,103,1,0,1,0,0,1.334e-06,0.111187792,0.046727583999999996,0.036924416,0.624861708,0.117248,179716096
near-0.02,first-stage-float32,monolithic,12,7243,this-search,10,9,10,13,103,0,0,1,0,0,1.167e-06,0.092430209,0.03936716700000001,0.037075375,15.441739375,14.935457167,179716096
near-0.02,first-stage-float32,assembled,12,7243,sum-of-components,10,9,10,13,103,0,0,1,0,0,1.25e-06,0,0,0.039906125,0.653981917,0.114989167,179716096
near-0.02,first-stage-float32,1,12,7243,this-search,10,9,10,13,103,1,0,1,0,0,1.5e-06,0.092869917,0.03965566599999999,0.037492167,0.620759833,0.113849166,179716096
near-0.02,narrower-float32,monolithic,12,7243,this-search,17,14,18,13,103,0,0,1,0,0,1.208e-06,0.166139333,0.07085987599999999,0.037592458,15.692842916,15.173292583,179716096
near-0.02,narrower-float32,assembled,12,7243,sum-of-components,17,14,18,13,103,0,0,1,0,0,1.042e-06,0,0,0.038677375,0.644887,0.116505792,179716096
near-0.02,narrower-float32,1,12,7243,this-search,17,14,18,13,103,1,0,1,0,0,1.291e-06,0.165934708,0.071317916,0.036321667,0.690596583,0.120536041,179716096
near-0.02,wider-float32,monolithic,12,7243,this-search,20,17,20,13,103,0,0,1,0,0,1.083e-06,0.189948792,0.07862470900000001,0.037638542,15.538383958,15.0180745,179716096
near-0.02,wider-float32,assembled,12,7243,sum-of-components,20,17,20,13,103,0,0,1,0,0,9.17e-07,0,0,0.038785792,0.617365542,0.116194708,179716096
near-0.02,wider-float32,1,12,7243,this-search,20,17,20,13,103,1,0,1,0,0,1.209e-06,0.195512167,0.08087958299999999,0.036300667,0.626342459,0.1144645,179716096
near-0.02,mixed-float32,monolithic,12,7243,this-search,12,10,12,13,103,0,0,1,0,0,1.292e-06,0.110685625,0.047338833,0.037224459,15.41831075,14.908446292,179716096
near-0.02,mixed-float32,assembled,12,7243,sum-of-components,12,10,12,13,103,0,0,1,0,0,1.292e-06,0,0,0.039730042,0.621896,0.114656917,179716096
near-0.02,mixed-float32,1,12,7243,this-search,12,10,12,13,103,1,0,1,0,0,1.208e-06,0.110202916,0.046609917,0.037324917,0.640626458,0.117399,179716096
near-0.10,first-stage-double,monolithic,12,7243,this-search,7,5,7,13,1,0,0,0,0,0,1.125e-06,0.065179166,0.028158832,0.037909208,0.010424375,0,56246272
near-0.10,first-stage-double,assembled,12,7243,sum-of-components,7,5,7,13,1,0,0,0,0,0,2.875e-06,0,0,0.040309416,0.008077083,0,28229632
near-0.10,first-stage-double,1,12,7243,this-search,7,5,7,13,1,1,0,0,0,0,1.25e-06,0.064971125,0.028104332999999995,0.037629958,0.009654875,0,56344576
near-0.10,narrower-double,monolithic,12,7243,this-search,12,11,12,13,1,0,0,0,0,0,1.292e-06,0.116046583,0.048541999999999995,0.0378645,0.0094365,0,56819712
near-0.10,narrower-double,assembled,12,7243,sum-of-components,12,11,12,13,1,0,0,0,0,0,9.17e-07,0,0,0.040899792,0.007783125,0,37027840
near-0.10,narrower-double,1,12,7243,this-search,12,11,12,13,1,1,0,0,0,0,1.291e-06,0.115433541,0.047983623999999996,0.037481125,0.009355667,0,56868864
near-0.10,wider-double,monolithic,12,7243,this-search,10,9,10,13,1,0,0,0,0,0,1.25e-06,0.095940583,0.04025783300000001,0.037821583,0.009366708,0,57049088
near-0.10,wider-double,assembled,12,7243,sum-of-components,10,9,10,13,1,0,0,0,0,0,1.083e-06,0,0,0.041142791,0.007841625,0,37355520
near-0.10,wider-double,1,12,7243,this-search,10,9,10,13,1,1,0,0,0,0,1.333e-06,0.096585,0.040742747999999995,0.038855167,0.009339833,0,57049088
near-0.10,mixed-double,monolithic,12,7243,this-search,10,8,10,13,1,0,0,0,0,0,9.58e-07,0.097165042,0.041093583,0.038758291,0.00962475,0,57114624
near-0.10,mixed-double,assembled,12,7243,sum-of-components,10,8,10,13,1,0,0,0,0,0,9.58e-07,0,0,0.041491041,0.00778225,0,37388288
near-0.10,mixed-double,1,12,7243,this-search,10,8,10,13,1,1,0,0,0,0,1.5e-06,0.097882,0.041244747000000005,0.038794333,0.009352791,0,57114624
near-0.10,first-stage-float32,monolithic,12,7243,this-search,7,6,7,13,1,0,0,0,0,0,1.042e-06,0.066625125,0.028663459000000006,0.038434291,0.009518209,0,58916864
near-0.10,first-stage-float32,assembled,12,7243,sum-of-components,7,6,7,13,1,0,0,0,0,0,9.59e-07,0,0,0.042129042,0.007816291,0,39288832
near-0.10,first-stage-float32,1,12,7243,this-search,7,6,7,13,1,1,0,0,0,0,1.084e-06,0.066331125,0.028581833999999997,0.03838825,0.00927925,0,58916864
near-0.10,narrower-float32,monolithic,12,7243,this-search,12,11,12,13,1,0,0,0,0,0,7.92e-07,0.121873916,0.05103246000000001,0.039869,0.009627083,0,58933248
near-0.10,narrower-float32,assembled,12,7243,sum-of-components,12,11,12,13,1,0,0,0,0,0,7e-06,0,0,0.042312416,0.007889916,0,40026112
near-0.10,narrower-float32,1,12,7243,this-search,12,11,12,13,1,1,0,0,0,0,9.17e-07,0.1221515,0.051017292000000006,0.039565375,0.009524208,0,58933248
near-0.10,wider-float32,monolithic,12,7243,this-search,10,8,10,13,1,0,0,0,0,0,7.92e-07,0.099934834,0.041999665000000005,0.039066958,0.009429875,0,58933248
near-0.10,wider-float32,assembled,12,7243,sum-of-components,10,8,10,13,1,0,0,0,0,0,9.17e-07,0,0,0.041935958,0.008001417,0,40058880
near-0.10,wider-float32,1,12,7243,this-search,10,8,10,13,1,1,0,0,0,0,7.5e-07,0.098686333,0.041519792,0.039044833,0.00957025,0,58933248
near-0.10,mixed-float32,monolithic,12,7243,this-search,10,8,10,13,1,0,0,0,0,0,1.084e-06,0.09758675,0.041447999000000006,0.039382084,0.009342667,0,58933248
near-0.10,mixed-float32,assembled,12,7243,sum-of-components,10,8,10,13,1,0,0,0,0,0,1.042e-06,0,0,0.040974333,0.007896167,0,41484288
near-0.10,mixed-float32,1,12,7243,this-search,10,8,10,13,1,1,0,0,0,0,1.708e-06,0.097024958,0.041456747999999995,0.03865125,0.009539125,0,58933248
regular-active,first-stage-double,monolithic,24,14902,this-search,32,26,32,13,103,0,13,1,1,104.96456775,0.1302135,0.961949792,0.419265167,0.124917,28.870793958,27.173967875,202620928
regular-active,first-stage-double,assembled,24,14902,sum-of-components,86,60,88,13,103,0,13,1,1,105.586324625,0.116739125,0,0,0.129541917,28.637637375,27.031265458,206094336
regular-active,first-stage-double,00:baseline:1,12,7451,this-search,6,4,6,13,103,1,13,1,0,0,0.039703083,0.0560605,0.024499332999999998,0.038140917,0.654113708,0.117115125,216399872
regular-active,first-stage-double,01:active-a:1,12,7451,this-search,80,56,82,13,103,1,13,1,1,0.028728875,0.040172541,0.757729917,0.3379690850000001,0.039765083,0.845148625,0.134541208,216399872
regular-active,narrower-double,monolithic,24,14902,this-search,30,24,30,13,103,0,13,1,1,105.769570584,0.125477833,0.937474542,0.411609291,0.130828375,29.276819083,27.55181225,216399872
regular-active,narrower-double,assembled,24,14902,sum-of-components,37,30,37,13,103,0,13,1,1,105.324991541,0.11784125,0,0,0.131712333,29.378438084,27.677166125,217628672
regular-active,narrower-double,00:baseline:1,12,7451,this-search,7,5,7,13,103,1,13,1,0,0,0.038201917,0.068908875,0.029950459000000002,0.039629958,0.639399125,0.113076334,221134848
regular-active,narrower-double,01:active-a:1,12,7451,this-search,30,25,30,13,103,1,13,1,1,0.026353125,0.03950025,0.29579475,0.12657887699999998,0.040022083,0.814600208,0.1269595,221134848
regular-active,wider-double,monolithic,24,14902,this-search,48,33,49,13,103,0,13,1,1,102.973791958,0.120361125,1.442918042,0.648112001,0.124049166,28.591084666,26.977767792,221134848
regular-active,wider-double,assembled,24,14902,sum-of-components,50,40,50,13,103,0,13,1,1,102.644666291,0.115649625,0,0,0.128820792,28.292055875,26.716297333,221134848
regular-active,wider-double,00:baseline:1,12,7451,this-search,8,7,8,13,103,1,13,1,0,0,0.037389792,0.075754917,0.032705374,0.03852375,0.614850166,0.111746,221134848
regular-active,wider-double,01:active-a:1,12,7451,this-search,42,33,42,13,103,1,13,1,1,0.025531667,0.037774459,0.402916458,0.17167866699999998,0.039813667,0.757053042,0.121325125,221134848
regular-active,mixed-double,monolithic,24,14902,this-search,29,24,30,13,103,0,13,1,1,102.485721583,0.116566042,0.897837833,0.396142292,0.125584542,28.549959584,26.957400083,221134848
regular-active,mixed-double,assembled,24,14902,sum-of-components,39,32,39,13,103,0,13,1,1,102.430182291,0.116395625,0,0,0.1290955,28.3326175,26.736503625,221134848
regular-active,mixed-double,00:baseline:1,12,7451,this-search,7,6,7,13,103,1,13,1,0,0,0.036892125,0.066059875,0.028412583,0.038131208,0.61114675,0.109792083,221134848
regular-active,mixed-double,01:active-a:1,12,7451,this-search,32,26,32,13,103,1,13,1,1,0.025218958,0.037565375,0.30226,0.130852833,0.039657166,0.764231333,0.120448667,221134848
regular-active,first-stage-float32,monolithic,24,14902,this-search,42,29,42,13,103,0,13,1,1,102.551469208,0.115638792,1.211314083,0.5511996250000002,0.121778583,28.180841958,26.739472,227934208
regular-active,first-stage-float32,assembled,24,14902,sum-of-components,55,38,55,13,103,0,13,1,1,102.892241458,0.114481542,0,0,0.125756125,28.250847416,26.807153959,227934208
regular-active,first-stage-float32,00:baseline:1,12,7451,this-search,6,5,6,13,103,1,13,1,0,0,0.037013541,0.055995709,0.024522707,0.038205042,0.6113005,0.109982208,227934208
regular-active,first-stage-float32,01:active-a:1,12,7451,this-search,49,33,49,13,103,1,13,1,1,0.024698291,0.037211458,0.458549042,0.20290696099999997,0.038629625,0.705128125,0.120824708,227934208
regular-active,narrower-float32,monolithic,24,14902,this-search,60,43,61,13,103,0,13,1,1,104.184077125,0.117693417,1.747791209,0.7957814200000003,0.120892958,28.48851225,27.041898,227934208
regular-active,narrower-float32,assembled,24,14902,sum-of-components,50,35,51,13,103,0,13,1,1,104.010739584,0.113448625,0,0,0.127292292,28.223057875,26.777736042,227934208
regular-active,narrower-float32,00:baseline:1,12,7451,this-search,7,5,7,13,103,1,13,1,0,0,0.036490166,0.066450833,0.028875665999999998,0.038002666,0.611382959,0.109944125,227934208
regular-active,narrower-float32,01:active-a:1,12,7451,this-search,43,30,44,13,103,1,13,1,1,0.024870125,0.03755875,0.407150208,0.181463296,0.039335625,0.703060916,0.122265125,227934208
regular-active,wider-float32,monolithic,24,14902,this-search,54,35,54,13,103,0,13,1,1,102.496131666,0.115740458,1.542516625,0.7072553340000001,0.120619041,28.168911833,26.734856333,248463360
regular-active,wider-float32,assembled,24,14902,sum-of-components,44,31,44,13,103,0,13,1,1,101.510071958,0.114443208,0,0,0.125010125,28.029114416,26.608105375,248479744
regular-active,wider-float32,00:baseline:1,12,7451,this-search,8,6,8,13,103,1,13,1,0,0,0.036800875,0.075594167,0.032381292,0.038031834,0.606262792,0.108382084,248479744
regular-active,wider-float32,01:active-a:1,12,7451,this-search,36,25,36,13,103,1,13,1,1,0.024706625,0.036762917,0.341758875,0.14816737400000002,0.03869525,0.688351334,0.1187855,248479744
regular-active,mixed-float32,monolithic,24,14902,this-search,29,19,29,13,103,0,13,1,1,99.576083292,0.112429541,0.80996625,0.3745863359999999,0.117719833,27.286903291,25.879773167,248479744
regular-active,mixed-float32,assembled,24,14902,sum-of-components,38,25,38,13,103,0,13,1,1,100.918323292,0.11109325,0,0,0.125074709,27.554205042,26.12673525,248479744
regular-active,mixed-float32,00:baseline:1,12,7451,this-search,7,5,7,13,103,1,13,1,0,0,0.03649375,0.064053459,0.027827209000000002,0.0373465,0.604486208,0.108883708,248479744
regular-active,mixed-float32,01:active-a:1,12,7451,this-search,31,20,31,13,103,1,13,1,1,0.024531916,0.036635958,0.278627041,0.12534350300000002,0.038508209,0.691944291,0.119205292,248479744
regular-duplicate,first-stage-double,monolithic,24,14694,this-search,1,0,0,1,0,0,0,0,0,0,1.209e-06,0.005064917,0.0,0.011666833,0,0,78086144
regular-duplicate,first-stage-double,assembled,24,14694,sum-of-components,7,4,6,0,0,0,0,0,0,0,8.75e-07,0,0,0,0,0,0
regular-duplicate,first-stage-double,00:baseline:1,12,7451,this-search,6,4,6,13,103,1,13,1,0,0,0.038675959,0.053966667,0.023529124000000002,0.036708125,13.873646333,13.369005125,173195264
regular-duplicate,first-stage-double,01:duplicate:1,12,7243,this-search,1,0,0,1,0,0,0,0,0,0,2.333e-06,0.002609541,0.0,0.00474825,0,0,78151680
regular-duplicate,narrower-double,monolithic,24,14694,this-search,1,0,0,1,0,0,0,0,0,0,1.167e-06,0.005050791,0.0,0.011880417,0,0,78233600
regular-duplicate,narrower-double,assembled,24,14694,sum-of-components,8,5,7,0,0,0,0,0,0,0,7.08e-07,0,0,0,0,0,0
regular-duplicate,narrower-double,00:baseline:1,12,7451,this-search,7,5,7,13,1,1,13,0,0,0,0.036462458,0.062673375,0.027155584,0.036457708,0.008980542,0,176373760
regular-duplicate,narrower-double,01:duplicate:1,12,7243,this-search,1,0,0,1,0,0,0,0,0,0,1.292e-06,0.002520833,0.0,0.004688458,0,0,78249984
regular-duplicate,wider-double,monolithic,24,14694,this-search,1,0,0,1,0,0,0,0,0,0,7.08e-07,0.005023083,0.0,0.011688167,0,0,78266368
regular-duplicate,wider-double,assembled,24,14694,sum-of-components,9,7,8,0,0,0,0,0,0,0,4.58e-07,0,0,0,0,0,0
regular-duplicate,wider-double,00:baseline:1,12,7451,this-search,8,7,8,13,1,1,13,0,0,0,0.036273167,0.072158083,0.031092374000000002,0.036485,0.008970584,0,176373760
regular-duplicate,wider-double,01:duplicate:1,12,7243,this-search,1,0,0,1,0,0,0,0,0,0,1.875e-06,0.002518,0.0,0.004563042,0,0,78266368
regular-duplicate,mixed-double,monolithic,24,14694,this-search,9,7,9,13,103,0,13,0,0,0,0.116656,0.283464917,0.113601001,0.1172235,1.381624541,0,187334656
regular-duplicate,mixed-double,assembled,24,14694,sum-of-components,23,14,23,13,103,0,13,0,0,0,0.110011292,0,0,0.119575833,1.349748083,0,192643072
regular-duplicate,mixed-double,00:baseline:1,12,7451,this-search,7,6,7,13,1,1,13,0,0,0,0.036402834,0.063185542,0.027141792,0.036468208,0.008911083,0,192643072
regular-duplicate,mixed-double,01:duplicate:1,12,7243,this-search,16,8,16,13,103,1,13,0,0,0,0.036739417,0.139256583,0.062554459,0.0363525,0.547591542,0,192643072
regular-duplicate,first-stage-float32,monolithic,24,14694,this-search,1,0,0,1,0,0,0,0,0,0,1.083e-06,0.005041208,0.0,0.011658666,0,0,78905344
regular-duplicate,first-stage-float32,assembled,24,14694,sum-of-components,7,5,6,0,0,0,0,0,0,0,1e-06,0,0,0,0,0,0
regular-duplicate,first-stage-float32,00:baseline:1,12,7451,this-search,6,5,6,13,103,1,13,1,0,0,0.036535125,0.053619416,0.023484126,0.036123542,13.885467834,13.382133208,192643072
regular-duplicate,first-stage-float32,01:duplicate:1,12,7243,this-search,1,0,0,1,0,0,0,0,0,0,1.583e-06,0.002497958,0.0,0.004726792,0,0,78905344
regular-duplicate,narrower-float32,monolithic,24,14694,this-search,1,0,0,1,0,0,0,0,0,0,1.084e-06,0.005134708,0.0,0.011896167,0,0,78905344
regular-duplicate,narrower-float32,assembled,24,14694,sum-of-components,8,5,7,0,0,0,0,0,0,0,7.09e-07,0,0,0,0,0,0
regular-duplicate,narrower-float32,00:baseline:1,12,7451,this-search,7,5,7,13,1,1,13,0,0,0,0.03635075,0.062992042,0.027136543,0.036408,0.008952292,0,192643072
regular-duplicate,narrower-float32,01:duplicate:1,12,7243,this-search,1,0,0,1,0,0,0,0,0,0,1.209e-06,0.002481291,0.0,0.004806792,0,0,78921728
regular-duplicate,wider-float32,monolithic,24,14694,this-search,1,0,0,1,0,0,0,0,0,0,7.09e-07,0.004945708,0.0,0.011727875,0,0,78921728
regular-duplicate,wider-float32,assembled,24,14694,sum-of-components,9,7,8,0,0,0,0,0,0,0,8.75e-07,0,0,0,0,0,0
regular-duplicate,wider-float32,00:baseline:1,12,7451,this-search,8,7,8,13,1,1,13,0,0,0,0.036168708,0.072418083,0.031074335,0.036259,0.00907975,0,192643072
regular-duplicate,wider-float32,01:duplicate:1,12,7243,this-search,1,0,0,1,0,0,0,0,0,0,1.125e-06,0.002515875,0.0,0.004669208,0,0,78921728
regular-duplicate,mixed-float32,monolithic,24,14694,this-search,22,20,22,13,103,0,13,0,0,0,0.117922458,0.710422875,0.278576295,0.117110041,1.445207875,0,192643072
regular-duplicate,mixed-float32,assembled,24,14694,sum-of-components,30,27,30,13,103,0,13,0,0,0,0.111757041,0,0,0.122628875,1.43702175,0,192643072
regular-duplicate,mixed-float32,00:baseline:1,12,7451,this-search,7,5,7,13,1,1,13,0,0,0,0.036191959,0.06336125,0.027314585,0.036752417,0.00894225,0,192643072
regular-duplicate,mixed-float32,01:duplicate:1,12,7243,this-search,23,22,23,13,103,1,13,0,0,0,0.037262708,0.238338167,0.090638957,0.037450667,0.578862458,0,192643072
regular-near,first-stage-double,monolithic,24,14694,this-search,10,9,10,13,103,0,13,1,0,0,0.115552375,0.2932655,0.126095834,0.116035,29.440771625,28.174327709,200474624
regular-near,first-stage-double,assembled,24,14694,sum-of-components,16,13,16,13,103,0,13,1,0,0,0.109397334,0,0,0.117522917,29.393052291,28.119341375,205979648
regular-near,first-stage-double,00:baseline:1,12,7451,this-search,6,4,6,13,103,1,13,1,0,0,0.036273084,0.053470542,0.023235459,0.036132833,0.612756667,0.110333417,206356480
regular-near,first-stage-double,01:near-0.02:1,12,7243,this-search,10,9,10,13,103,1,13,1,0,0,0.036413125,0.090518875,0.038865584,0.0360315,0.619630792,0.118247,206503936
regular-near,narrower-double,monolithic,24,14694,this-search,22,19,22,13,103,0,13,1,0,0,0.11356475,0.639489584,0.27146220800000004,0.112702583,29.341435625,28.076821875,206553088
regular-near,narrower-double,assembled,24,14694,sum-of-components,25,20,25,13,103,0,13,1,0,0,0.109095417,0,0,0.116692875,29.412980083,28.144966917,206553088
regular-near,narrower-double,00:baseline:1,12,7451,this-search,7,5,7,13,103,1,13,1,0,0,0.036990666,0.062714708,0.027240001,0.036238084,0.634581959,0.110448584,209518592
regular-near,narrower-double,01:near-0.02:1,12,7243,this-search,18,15,18,13,103,1,13,1,0,0,0.03656025,0.167579875,0.069437082,0.035990167,0.623432,0.119856542,209567744
regular-near,wider-double,monolithic,24,14694,this-search,21,17,22,13,103,0,13,1,0,0,0.113581958,0.617650125,0.27113083600000004,0.113028292,29.461068916,28.194499125,224018432
regular-near,wider-double,assembled,24,14694,sum-of-components,28,24,28,13,103,0,13,1,0,0,0.109464833,0,0,0.116740166,29.39096875,28.130831667,224018432
regular-near,wider-double,00:baseline:1,12,7451,this-search,8,6,8,13,103,1,13,1,0,0,0.036114458,0.072076083,0.031235334000000003,0.036378375,0.611314917,0.110545542,224018432
regular-near,wider-double,01:near-0.02:1,12,7243,this-search,20,18,20,13,103,1,13,1,0,0,0.036090292,0.186203834,0.07705625099999999,0.035817334,0.616672834,0.118395458,224018432
regular-near,mixed-double,monolithic,24,14694,this-search,12,10,12,13,103,0,13,1,0,0,0.113242375,0.34685775,0.14767121,0.112997292,29.391518209,28.129205958,224018432
regular-near,mixed-double,assembled,24,14694,sum-of-components,19,17,19,13,103,0,13,1,0,0,0.109558167,0,0,0.11686075,29.370706166,28.109892917,230719488
regular-near,mixed-double,00:baseline:1,12,7451,this-search,7,6,7,13,103,1,13,1,0,0,0.036136334,0.062605291,0.02712221,0.036213375,0.61272475,0.111417958,230719488
regular-near,mixed-double,01:near-0.02:1,12,7243,this-search,12,11,12,13,103,1,13,1,0,0,0.035964291,0.108301833,0.045719207000000005,0.035892542,0.618908833,0.118605084,230719488
regular-near,first-stage-float32,monolithic,24,14694,this-search,10,9,10,13,103,0,13,1,0,0,0.112802334,0.287604292,0.123632749,0.113398958,29.403878917,28.142021959,234749952
regular-near,first-stage-float32,assembled,24,14694,sum-of-components,16,14,16,13,103,0,13,1,0,0,0.109184083,0,0,0.1173965,29.490716333,28.224548959,234749952
regular-near,first-stage-float32,00:baseline:1,12,7451,this-search,6,5,6,13,103,1,13,1,0,0,0.036216834,0.053423458,0.02318079,0.036261625,0.612326041,0.109986416,234749952
regular-near,first-stage-float32,01:near-0.02:1,12,7243,this-search,10,9,10,13,103,1,13,1,0,0,0.035958459,0.089771542,0.038226916,0.035839375,0.623290417,0.119278625,234749952
regular-near,narrower-float32,monolithic,24,14694,this-search,22,19,22,13,103,0,13,1,0,0,0.113121791,0.637199417,0.27034687399999996,0.113357375,29.421937334,28.134916417,234749952
regular-near,narrower-float32,assembled,24,14694,sum-of-components,24,19,25,13,103,0,13,1,0,0,0.111195625,0,0,0.117485292,29.661610167,28.395854958,234749952
regular-near,narrower-float32,00:baseline:1,12,7451,this-search,7,5,7,13,103,1,13,1,0,0,0.03654475,0.06266925,0.027256791000000002,0.036095375,0.615726459,0.110781666,234749952
regular-near,narrower-float32,01:near-0.02:1,12,7243,this-search,17,14,18,13,103,1,13,1,0,0,0.036631667,0.161894,0.06913016400000001,0.035810042,0.620589333,0.118839458,234749952
regular-near,wider-float32,monolithic,24,14694,this-search,21,17,22,13,103,0,13,1,0,0,0.113853584,0.6177605,0.270852374,0.113348542,29.437477292,28.174593917,234749952
regular-near,wider-float32,assembled,24,14694,sum-of-components,28,24,28,13,103,0,13,1,0,0,0.109127417,0,0,0.117951708,29.418272458,28.157202709,238419968
regular-near,wider-float32,00:baseline:1,12,7451,this-search,8,6,8,13,103,1,13,1,0,0,0.036564042,0.072054042,0.030968167,0.036531917,0.61579175,0.109688583,238419968
regular-near,wider-float32,01:near-0.02:1,12,7243,this-search,20,18,20,13,103,1,13,1,0,0,0.03607075,0.187018791,0.07733908399999999,0.036044042,0.619655125,0.118290084,238419968
regular-near,mixed-float32,monolithic,24,14694,this-search,12,11,12,13,103,0,13,1,0,0,0.115030375,0.3490925,0.14791204300000002,0.113736666,29.772963667,28.484666791,238419968
regular-near,mixed-float32,assembled,24,14694,sum-of-components,19,15,19,13,103,0,13,1,0,0,0.111174542,0,0,0.118098416,29.521882875,28.260563667,238419968
regular-near,mixed-float32,00:baseline:1,12,7451,this-search,7,5,7,13,103,1,13,1,0,0,0.036791833,0.062592375,0.026984999,0.036386875,0.61688125,0.110608583,238419968
regular-near,mixed-float32,01:near-0.02:1,12,7243,this-search,12,10,12,13,103,1,13,1,0,0,0.036240167,0.109135125,0.046300417,0.035864834,0.624558625,0.119451042,238419968
regular-three,first-stage-double,monolithic,36,22145,this-search,7,5,7,13,103,0,13,1,0,0,0.278394583,0.482391375,0.21419312399999998,0.27344775,43.614591042,41.044567083,243253248
regular-three,first-stage-double,assembled,36,22145,sum-of-components,19,16,19,13,103,0,13,1,0,0,0.266802083,0,0,0.279104833,17.036130875,14.468379209,266502144
regular-three,first-stage-double,00:baseline:1,12,7451,this-search,6,5,6,13,103,1,13,1,0,0,0.03638475,0.053507333,0.023366752,0.036407708,0.610231333,0.109223708,266502144
regular-three,first-stage-double,01:baseline:1,12,7451,this-search,6,5,6,13,103,1,13,1,0,0,0.036366792,0.053667292,0.023372626,0.036143917,0.610414583,0.110064958,266502144
regular-three,first-stage-double,02:near-0.10:1,12,7243,this-search,7,6,7,13,103,1,13,1,0,0,0.036101792,0.079719042,0.036608165000000005,0.039268625,0.616648667,0.117898875,266502144
regular-three,narrower-double,monolithic,36,22145,this-search,12,11,12,13,1,0,13,0,0,0,0.273275375,0.860034542,0.368987583,0.27378225,0.066505792,0,266502144
regular-three,narrower-double,assembled,36,22145,sum-of-components,26,23,26,13,1,0,13,0,0,0,0.2699155,0,0,0.2791805,0.062334834,0,266502144
regular-three,narrower-double,00:baseline:1,12,7451,this-search,7,6,7,13,1,1,13,0,0,0,0.036304791,0.062303291,0.026907625,0.036241334,0.009164833,0,266502144
regular-three,narrower-double,01:baseline:1,12,7451,this-search,7,6,7,13,1,1,13,0,0,0,0.036542417,0.062567292,0.027144124,0.036037375,0.009015917,0,266502144
regular-three,narrower-double,02:near-0.10:1,12,7243,this-search,12,11,12,13,1,1,13,0,0,0,0.036064875,0.111096042,0.046242001000000005,0.036205833,0.00888,0,266502144
regular-three,wider-double,monolithic,36,22145,this-search,10,9,10,13,1,0,13,0,0,0,0.270808084,0.706176459,0.305368498,0.273337375,0.066241042,0,266502144
regular-three,wider-double,assembled,36,22145,sum-of-components,26,20,26,13,1,0,13,0,0,0,0.267442041,0,0,0.280279209,0.062314333,0,266502144
regular-three,wider-double,00:baseline:1,12,7451,this-search,8,6,8,13,1,1,13,0,0,0,0.036210875,0.071874833,0.031016333000000004,0.036167,0.009006166,0,266502144
regular-three,wider-double,01:baseline:1,12,7451,this-search,8,6,8,13,1,1,13,0,0,0,0.03620475,0.071734209,0.031078419000000003,0.036179083,0.0089955,0,266502144
regular-three,wider-double,02:near-0.10:1,12,7243,this-search,10,8,10,13,1,1,13,0,0,0,0.035964125,0.090627584,0.038241291000000004,0.035730875,0.008930583,0,266502144
regular-three,mixed-double,monolithic,36,22145,this-search,10,9,10,13,1,0,13,0,0,0,0.271632,0.711500917,0.30705641699999997,0.2734045,0.066253667,0,266502144
regular-three,mixed-double,assembled,36,22145,sum-of-components,24,20,24,13,1,0,13,0,0,0,0.268049542,0,0,0.279776042,0.062238125,0,266502144
regular-three,mixed-double,00:baseline:1,12,7451,this-search,7,6,7,13,1,1,13,0,0,0,0.03633175,0.062954042,0.027287959,0.036060375,0.009096917,0,266502144
regular-three,mixed-double,01:baseline:1,12,7451,this-search,7,6,7,13,1,1,13,0,0,0,0.036259458,0.062748041,0.027184042000000002,0.036106792,0.0090375,0,266502144
regular-three,mixed-double,02:near-0.10:1,12,7243,this-search,10,8,10,13,1,1,13,0,0,0,0.035806917,0.090206625,0.038427543,0.035657083,0.008703958,0,266502144
regular-three,first-stage-float32,monolithic,36,22145,this-search,7,6,7,13,103,0,13,1,0,0,0.271375875,0.480075875,0.213438458,0.272818542,43.542512292,40.979852041,266502144
regular-three,first-stage-float32,assembled,36,22145,sum-of-components,19,15,19,13,103,0,13,1,0,0,0.267947417,0,0,0.279694541,30.361981,27.789990459,266502144
regular-three,first-stage-float32,00:baseline:1,12,7451,this-search,6,5,6,13,103,1,13,1,0,0,0.036614917,0.053204,0.023202584,0.03595,0.612638917,0.110187792,266502144
regular-three,first-stage-float32,01:baseline:1,12,7451,this-search,6,5,6,13,103,1,13,1,0,0,0.036326917,0.053420958,0.023258959000000003,0.036293375,0.611490917,0.109568958,266502144
regular-three,first-stage-float32,02:near-0.10:1,12,7243,this-search,7,5,7,13,103,1,13,1,0,0,0.036193542,0.0622275,0.026872917,0.035728167,0.6200675,0.117845709,266502144
regular-three,narrower-float32,monolithic,36,22145,this-search,12,11,12,13,1,0,13,0,0,0,0.271569125,0.861094625,0.369176791,0.273471708,0.066894625,0,266502144
regular-three,narrower-float32,assembled,36,22145,sum-of-components,26,21,26,13,1,0,13,0,0,0,0.266173417,0,0,0.280123875,0.062003041,0,266502144
regular-three,narrower-float32,00:baseline:1,12,7451,this-search,7,5,7,13,1,1,13,0,0,0,0.036169083,0.062869458,0.027272334000000002,0.036076583,0.008915958,0,266502144
regular-three,narrower-float32,01:baseline:1,12,7451,this-search,7,5,7,13,1,1,13,0,0,0,0.036122125,0.063148583,0.027315582999999997,0.036100583,0.009004334,0,266502144
regular-three,narrower-float32,02:near-0.10:1,12,7243,this-search,12,11,12,13,1,1,13,0,0,0,0.035804833,0.111145208,0.04636679300000001,0.035921958,0.0089705,0,266502144
regular-three,wider-float32,monolithic,36,22145,this-search,10,9,10,13,1,0,13,0,0,0,0.270057709,0.707151958,0.30639479199999997,0.272607833,0.066714334,0,266502144
regular-three,wider-float32,assembled,36,22145,sum-of-components,26,20,26,13,1,0,13,0,0,0,0.267627042,0,0,0.281056791,0.062447542,0,266502144
regular-three,wider-float32,00:baseline:1,12,7451,this-search,8,6,8,13,1,1,13,0,0,0,0.03610375,0.071856083,0.030878457,0.036321125,0.008982208,0,266502144
regular-three,wider-float32,01:baseline:1,12,7451,this-search,8,6,8,13,1,1,13,0,0,0,0.036287834,0.071917583,0.030974458,0.036055833,0.009018833,0,266502144
regular-three,wider-float32,02:near-0.10:1,12,7243,this-search,10,8,10,13,1,1,13,0,0,0,0.036274417,0.10858825,0.04124466400000001,0.035960958,0.008868209,0,266502144
regular-three,mixed-float32,monolithic,36,22145,this-search,10,9,10,13,1,0,13,0,0,0,0.270890333,0.703118875,0.305379376,0.273383584,0.066362875,0,266502144
regular-three,mixed-float32,assembled,36,22145,sum-of-components,24,18,24,13,1,0,13,0,0,0,0.2658,0,0,0.280408,0.06217575,0,266502144
regular-three,mixed-float32,00:baseline:1,12,7451,this-search,7,5,7,13,1,1,13,0,0,0,0.036004416,0.062829417,0.027264749999999997,0.036247708,0.009074584,0,266502144
regular-three,mixed-float32,01:baseline:1,12,7451,this-search,7,5,7,13,1,1,13,0,0,0,0.035946333,0.062887667,0.027114542999999998,0.036267375,0.009014,0,266502144
regular-three,mixed-float32,02:near-0.10:1,12,7243,this-search,10,8,10,13,1,1,13,0,0,0,0.035905041,0.090609875,0.038479291,0.035552542,0.008939375,0,266502144
regular-two,first-stage-double,monolithic,24,14902,this-search,9,7,9,13,103,0,13,1,0,0,0.11450425,0.265331459,0.11154699900000001,0.113332292,28.003599416,26.740167959,198934528
regular-two,first-stage-double,assembled,24,14902,sum-of-components,23,19,23,13,103,0,13,1,0,0,0.109527875,0,0,0.117724667,27.989095667,26.731712375,214630400
regular-two,first-stage-double,00:baseline:1,12,7451,this-search,6,4,6,13,103,1,13,1,0,0,0.036393292,0.05312,0.023183417,0.036087833,0.612093084,0.11059225,214630400
regular-two,first-stage-double,01:weak-1e-2:1,12,7451,this-search,17,15,17,13,103,1,13,1,0,0,0.036705375,0.162370334,0.066174166,0.036184709,0.626918875,0.121972875,214630400
regular-two,narrower-double,monolithic,24,14902,this-search,8,7,8,13,1,0,13,0,0,0,0.112764291,0.227894042,0.098408084,0.113662792,0.027557542,0,214630400
regular-two,narrower-double,assembled,24,14902,sum-of-components,15,12,15,13,1,0,13,0,0,0,0.109917042,0,0,0.117765875,0.024993833,0,214630400
regular-two,narrower-double,00:baseline:1,12,7451,this-search,7,5,7,13,1,1,13,0,0,0,0.036937292,0.062874958,0.02727325,0.036430541,0.009086083,0,214630400
regular-two,narrower-double,01:weak-1e-2:1,12,7451,this-search,8,7,8,13,1,1,13,0,0,0,0.036406791,0.071707125,0.030793584000000002,0.03621,0.008932459,0,214630400
regular-two,wider-double,monolithic,24,14902,this-search,10,9,10,13,1,0,13,0,0,0,0.112376167,0.309791292,0.12536087399999998,0.113247083,0.027534292,0,214630400
regular-two,wider-double,assembled,24,14902,sum-of-components,18,15,18,13,1,0,13,0,0,0,0.109321292,0,0,0.118145167,0.024732,0,214630400
regular-two,wider-double,00:baseline:1,12,7451,this-search,8,6,8,13,1,1,13,0,0,0,0.035839416,0.071922834,0.030913126000000003,0.036036208,0.00910825,0,214630400
regular-two,wider-double,01:weak-1e-2:1,12,7451,this-search,10,9,10,13,1,1,13,0,0,0,0.036381958,0.099843584,0.039467042,0.036246542,0.008936583,0,214630400
regular-two,mixed-double,monolithic,24,14902,this-search,9,8,9,13,1,0,13,0,0,0,0.1123165,0.258058125,0.11117708200000001,0.113193708,0.027643458,0,214630400
regular-two,mixed-double,assembled,24,14902,sum-of-components,16,13,16,13,1,0,13,0,0,0,0.10917325,0,0,0.117160417,0.024914459,0,214630400
regular-two,mixed-double,00:baseline:1,12,7451,this-search,7,5,7,13,1,1,13,0,0,0,0.03637325,0.062324875,0.026912207999999996,0.036031416,0.008964125,0,214630400
regular-two,mixed-double,01:weak-1e-2:1,12,7451,this-search,9,8,9,13,1,1,13,0,0,0,0.036371916,0.080744625,0.034757165,0.035994,0.009012,0,214630400
regular-two,first-stage-float32,monolithic,24,14902,this-search,9,8,9,13,103,0,13,1,0,0,0.112522042,0.264255459,0.11166358500000001,0.112936333,28.007589708,26.742576375,214630400
regular-two,first-stage-float32,assembled,24,14902,sum-of-components,23,21,23,13,103,0,13,1,0,0,0.109541375,0,0,0.117671458,28.084836167,26.820157542,214630400
regular-two,first-stage-float32,00:baseline:1,12,7451,this-search,6,5,6,13,103,1,13,1,0,0,0.036588917,0.053232875,0.023391041,0.03620125,0.611718333,0.109777625,214630400
regular-two,first-stage-float32,01:weak-1e-2:1,12,7451,this-search,17,16,17,13,103,1,13,1,0,0,0.036381375,0.162021667,0.066351458,0.036330292,0.622829042,0.120908875,214630400
regular-two,narrower-float32,monolithic,24,14902,this-search,8,7,8,13,1,0,13,0,0,0,0.1132595,0.228106417,0.09886649900000001,0.113835709,0.027597875,0,214630400
regular-two,narrower-float32,assembled,24,14902,sum-of-components,15,12,15,13,1,0,13,0,0,0,0.109774458,0,0,0.117961667,0.025047833,0,214630400
regular-two,narrower-float32,00:baseline:1,12,7451,this-search,7,6,7,13,1,1,13,0,0,0,0.035923333,0.06299625,0.027100456,0.036176542,0.0088935,0,214630400
regular-two,narrower-float32,01:weak-1e-2:1,12,7451,this-search,8,6,8,13,1,1,13,0,0,0,0.036293042,0.071841416,0.031031249,0.036345959,0.008925375,0,214630400
regular-two,wider-float32,monolithic,24,14902,this-search,10,8,10,13,1,0,13,0,0,0,0.112596833,0.308645833,0.125210666,0.113167958,0.027883541,0,214630400
regular-two,wider-float32,assembled,24,14902,sum-of-components,18,15,18,13,1,0,13,0,0,0,0.109398417,0,0,0.118646875,0.02476275,0,214630400
regular-two,wider-float32,00:baseline:1,12,7451,this-search,8,7,8,13,1,1,13,0,0,0,0.036413292,0.072413042,0.031055833999999997,0.0360925,0.009135875,0,214630400
regular-two,wider-float32,01:weak-1e-2:1,12,7451,this-search,10,8,10,13,1,1,13,0,0,0,0.036349042,0.09949925,0.03935687599999999,0.036302959,0.008941792,0,214630400
regular-two,mixed-float32,monolithic,24,14902,this-search,9,8,9,13,1,0,13,0,0,0,0.113126166,0.258566333,0.11141537400000001,0.11337525,0.027751042,0,214630400
regular-two,mixed-float32,assembled,24,14902,sum-of-components,16,13,16,13,1,0,13,0,0,0,0.109680709,0,0,0.11761625,0.024681833,0,214630400
regular-two,mixed-float32,00:baseline:1,12,7451,this-search,7,5,7,13,1,1,13,0,0,0,0.036390333,0.06282875,0.027207374,0.036171083,0.009014834,0,214630400
regular-two,mixed-float32,01:weak-1e-2:1,12,7451,this-search,9,8,9,13,1,1,13,0,0,0,0.036312083,0.081473333,0.035024457999999994,0.036183875,0.00903125,0,214630400
regular-weak,first-stage-double,monolithic,24,14902,this-search,9,7,9,13,103,0,13,1,0,0,0.115805709,0.270898583,0.11227758299999999,0.113409416,28.312052584,26.975113792,201932800
regular-weak,first-stage-double,assembled,24,14902,sum-of-components,15,13,15,13,103,0,13,1,0,0,0.111825791,0,0,0.118721292,28.156857417,26.8549995,215007232
regular-weak,first-stage-double,00:baseline:1,12,7451,this-search,6,5,6,13,103,1,13,1,0,0,0.03597275,0.053399083,0.023386583,0.03609725,0.6109265,0.109969,215384064
regular-weak,first-stage-double,01:weak-1e-4:1,12,7451,this-search,9,8,9,13,103,1,13,1,0,0,0.036361125,0.087545334,0.035349333,0.03635475,0.639135084,0.120896167,215531520
regular-weak,narrower-double,monolithic,24,14902,this-search,9,8,9,13,103,0,13,1,0,0,0.112665125,0.260891542,0.11102337299999998,0.113334833,28.150745583,26.848492291,217284608
regular-weak,narrower-double,assembled,24,14902,sum-of-components,16,14,16,13,103,0,13,1,0,0,0.109556583,0,0,0.117702333,28.165220959,26.852321333,218333184
regular-weak,narrower-double,00:baseline:1,12,7451,this-search,7,6,7,13,103,1,13,1,0,0,0.036608542,0.063275917,0.027445250999999997,0.036095541,0.613893208,0.11166525,218333184
regular-weak,narrower-double,01:weak-1e-4:1,12,7451,this-search,9,8,9,13,103,1,13,1,0,0,0.037185042,0.083004375,0.035230249,0.036324833,0.660039417,0.122777125,218349568
regular-weak,wider-double,monolithic,24,14902,this-search,11,10,11,13,103,0,13,1,0,0,0.115367875,0.344964042,0.13866920800000002,0.113137167,28.4649075,27.125041083,218382336
regular-weak,wider-double,assembled,24,14902,sum-of-components,19,15,19,13,103,0,13,1,0,0,0.112149417,0,0,0.118324333,28.142249875,26.837304083,218382336
regular-weak,wider-double,00:baseline:1,12,7451,this-search,8,6,8,13,103,1,13,1,0,0,0.03673,0.07197325,0.031021834,0.036459083,0.618346,0.110130625,218382336
regular-weak,wider-double,01:weak-1e-4:1,12,7451,this-search,11,9,11,13,103,1,13,1,0,0,0.0364935,0.110916458,0.043206041,0.036518834,0.644609958,0.12115725,218382336
regular-weak,mixed-double,monolithic,24,14902,this-search,10,9,10,13,103,0,13,1,0,0,0.114302167,0.293504042,0.12392729099999998,0.113601416,28.163178208,26.860943042,218382336
regular-weak,mixed-double,assembled,24,14902,sum-of-components,18,16,18,13,103,0,13,1,0,0,0.111110792,0,0,0.117705375,28.081206875,26.770953208,218382336
regular-weak,mixed-double,00:baseline:1,12,7451,this-search,7,6,7,13,103,1,13,1,0,0,0.036143542,0.06284725,0.027216833000000003,0.036062916,0.607786125,0.109001833,218382336
regular-weak,mixed-double,01:weak-1e-4:1,12,7451,this-search,11,10,11,13,103,1,13,1,0,0,0.035719875,0.101845292,0.042431331999999995,0.0362895,0.634456958,0.119521584,218382336
regular-weak,first-stage-float32,monolithic,24,14902,this-search,8,6,9,13,103,0,13,1,0,0,0.111850917,0.251476708,0.111898167,0.113448209,28.115509417,26.815460583,218382336
regular-weak,first-stage-float32,assembled,24,14902,sum-of-components,14,10,15,13,103,0,13,1,0,0,0.108734208,0,0,0.117928,28.07993975,26.774992125,218382336
regular-weak,first-stage-float32,00:baseline:1,12,7451,this-search,6,4,6,13,103,1,13,1,0,0,0.03649775,0.053532792,0.023277999,0.036152167,0.615424083,0.108926458,218382336
regular-weak,first-stage-float32,01:weak-1e-4:1,12,7451,this-search,8,6,9,13,103,1,13,1,0,0,0.036681125,0.081995083,0.035651707000000005,0.036255917,0.636503083,0.119492167,218382336
regular-weak,narrower-float32,monolithic,24,14902,this-search,10,9,10,13,103,0,13,1,0,0,0.115981708,0.290799875,0.12368954000000001,0.113295416,28.106278,26.795055542,218382336
regular-weak,narrower-float32,assembled,24,14902,sum-of-components,17,13,17,13,103,0,13,1,0,0,0.109269416,0,0,0.1179395,28.108676292,26.808927167,218382336
regular-weak,narrower-float32,00:baseline:1,12,7451,this-search,7,5,7,13,103,1,13,1,0,0,0.036310584,0.06271125,0.027219458,0.036374292,0.611139458,0.111598083,218382336
regular-weak,narrower-float32,01:weak-1e-4:1,12,7451,this-search,10,8,10,13,103,1,13,1,0,0,0.036061875,0.091806583,0.038858502,0.036281042,0.63516,0.119816333,218382336
regular-weak,wider-float32,monolithic,24,14902,this-search,11,9,11,13,103,0,13,1,0,0,0.113717375,0.344149708,0.13865600099999997,0.113475709,28.094484333,26.777024333,218382336
regular-weak,wider-float32,assembled,24,14902,sum-of-components,19,15,19,13,103,0,13,1,0,0,0.108911042,0,0,0.117616417,28.049450625,26.752511792,218382336
regular-weak,wider-float32,00:baseline:1,12,7451,this-search,8,6,8,13,103,1,13,1,0,0,0.035813667,0.072036667,0.030962876,0.036304291,0.62174325,0.111810042,218382336
regular-weak,wider-float32,01:weak-1e-4:1,12,7451,this-search,11,9,11,13,103,1,13,1,0,0,0.037385334,0.11152825,0.043806376,0.035937167,0.643923125,0.123104334,218382336
regular-weak,mixed-float32,monolithic,24,14902,this-search,10,8,11,13,103,0,13,1,0,0,0.114340958,0.306803125,0.136782086,0.114480583,28.090352625,26.786265583,218382336
regular-weak,mixed-float32,assembled,24,14902,sum-of-components,18,15,18,13,103,0,13,1,0,0,0.109088542,0,0,0.117365792,28.154243,26.835367333,218382336
regular-weak,mixed-float32,00:baseline:1,12,7451,this-search,7,6,7,13,103,1,13,1,0,0,0.036970333,0.063127083,0.027163793,0.036156958,0.615883541,0.111102542,218382336
regular-weak,mixed-float32,01:weak-1e-4:1,12,7451,this-search,11,9,11,13,103,1,13,1,0,0,0.036665209,0.101912083,0.042636082000000006,0.036359167,0.638219709,0.122152125,218382336
regular-zero,first-stage-double,monolithic,24,14902,this-search,6,5,6,13,103,0,13,1,0,0,0.120937625,0.180159083,0.075459126,0.11642525,28.289876667,26.903247667,208125952
regular-zero,first-stage-double,assembled,24,14902,sum-of-components,12,8,12,13,103,0,13,1,0,0,0.112544667,0,0,0.122095375,28.450195875,27.03420475,208732160
regular-zero,first-stage-double,00:baseline:1,12,7451,this-search,6,4,6,13,103,1,13,1,0,0,0.036649958,0.053428833,0.023448624,0.03573575,0.616157209,0.110487209,208732160
regular-zero,first-stage-double,01:zero-signal:1,12,7451,this-search,6,4,6,13,103,1,13,1,0,0,0.037071208,0.055756625,0.023240083,0.037252542,0.675743292,0.120910334,208732160
regular-zero,narrower-double,monolithic,24,14902,this-search,7,6,7,13,103,0,13,0,0,0,0.11672675,0.206798708,0.087455709,0.118033834,1.423500167,0,213090304
regular-zero,narrower-double,assembled,24,14902,sum-of-components,14,11,14,13,103,0,13,0,0,0,0.111132916,0,0,0.122694,1.413251958,0,213090304
regular-zero,narrower-double,00:baseline:1,12,7451,this-search,7,5,7,13,1,1,13,0,0,0,0.036293958,0.063329708,0.027340083,0.036727458,0.008999666,0,213090304
regular-zero,narrower-double,01:zero-signal:1,12,7451,this-search,7,6,7,13,103,1,13,0,0,0,0.038265375,0.066760875,0.027809624999999998,0.037912583,0.557943416,0,213090304
regular-zero,wider-double,monolithic,24,14902,this-search,8,6,8,13,103,0,13,0,0,0,0.115592708,0.244346458,0.10077733500000001,0.116358458,1.403021584,0,213090304
regular-zero,wider-double,assembled,24,14902,sum-of-components,16,14,16,13,103,0,13,0,0,0,0.10991275,0,0,0.120090834,1.418869959,0,213090304
regular-zero,wider-double,00:baseline:1,12,7451,this-search,8,7,8,13,1,1,13,0,0,0,0.036204666,0.072303167,0.030993165,0.036731542,0.008923958,0,213090304
regular-zero,wider-double,01:zero-signal:1,12,7451,this-search,8,7,8,13,103,1,13,0,0,0,0.037439083,0.080444333,0.031773375,0.037282125,0.565705166,0,213090304
regular-zero,mixed-double,monolithic,24,14902,this-search,7,5,7,13,103,0,13,0,0,0,0.116053667,0.212051042,0.087432917,0.118657292,1.397894333,0,213090304
regular-zero,mixed-double,assembled,24,14902,sum-of-components,14,11,14,13,103,0,13,0,0,0,0.112099583,0,0,0.1194305,1.408852416,0,213090304
regular-zero,mixed-double,00:baseline:1,12,7451,this-search,7,5,7,13,1,1,13,0,0,0,0.036716833,0.063035709,0.027141252,0.036693459,0.009189417,0,213090304
regular-zero,mixed-double,01:zero-signal:1,12,7451,this-search,7,6,7,13,103,1,13,0,0,0,0.038211667,0.068038166,0.027496791,0.03801375,0.550765083,0,213090304
regular-zero,first-stage-float32,monolithic,24,14902,this-search,19,10,20,13,103,0,13,1,0,0,0.1132445,0.491048333,0.248652794,0.114496042,28.405829459,27.054628167,213172224
regular-zero,first-stage-float32,assembled,24,14902,sum-of-components,22,11,23,13,103,0,13,1,0,0,0.109602958,0,0,0.143242625,28.364263084,27.016410417,213319680
regular-zero,first-stage-float32,00:baseline:1,12,7451,this-search,6,5,6,13,103,1,13,1,0,0,0.036907709,0.053171125,0.023115125,0.035706542,0.613337416,0.110163125,213319680
regular-zero,first-stage-float32,01:zero-signal:1,12,7451,this-search,16,6,17,13,103,1,13,1,0,0,0.036500334,0.12942725,0.06596441700000001,0.036885542,0.661864208,0.119951375,213319680
regular-zero,narrower-float32,monolithic,24,14902,this-search,26,14,27,13,103,0,13,0,0,0,0.11515075,0.664518708,0.33392795900000005,0.116182542,1.362741125,0,213319680
regular-zero,narrower-float32,assembled,24,14902,sum-of-components,34,19,36,13,103,0,13,0,0,0,0.110181334,0,0,0.121105666,1.348878709,0,213319680
regular-zero,narrower-float32,00:baseline:1,12,7451,this-search,7,5,7,13,1,1,13,0,0,0,0.035901083,0.06384875,0.027557418,0.036830708,0.009251416,0,213319680
regular-zero,narrower-float32,01:zero-signal:1,12,7451,this-search,27,14,29,13,103,1,13,0,0,0,0.037415542,0.228719458,0.11365504100000001,0.036948,0.548849,0,213319680
regular-zero,wider-float32,monolithic,24,14902,this-search,23,11,24,13,103,0,13,0,0,0,0.113845792,0.596253667,0.30310045799999996,0.116102833,1.359551584,0,213319680
regular-zero,wider-float32,assembled,24,14902,sum-of-components,35,23,35,13,103,0,13,0,0,0,0.111433625,0,0,0.120075542,1.353507708,0,213319680
regular-zero,wider-float32,00:baseline:1,12,7451,this-search,8,7,8,13,1,1,13,0,0,0,0.036029834,0.07262275,0.031294458,0.036159375,0.008803542,0,213319680
regular-zero,wider-float32,01:zero-signal:1,12,7451,this-search,27,16,27,13,103,1,13,0,0,0,0.036131125,0.229726666,0.10576225,0.036665542,0.538838041,0,213319680
regular-zero,mixed-float32,monolithic,24,14902,this-search,33,19,34,13,103,0,13,0,0,0,0.115750625,0.84486525,0.41759612199999996,0.114873125,1.354630875,0,213319680
regular-zero,mixed-float32,assembled,24,14902,sum-of-components,37,24,38,13,103,0,13,0,0,0,0.112525667,0,0,0.12113525,1.354221791,0,213319680
regular-zero,mixed-float32,00:baseline:1,12,7451,this-search,7,5,7,13,1,1,13,0,0,0,0.036186417,0.062282041,0.026825083000000003,0.0369935,0.008833083,0,213319680
regular-zero,mixed-float32,01:zero-signal:1,12,7451,this-search,30,19,31,13,103,1,13,0,0,0,0.036732334,0.2612465,0.12230212899999998,0.03797975,0.542426375,0,213319680
weak-1e-2,first-stage-double,monolithic,12,7451,this-search,17,16,17,13,1,0,0,0,0,0,1.125e-06,0.163947166,0.067304458,0.036911083,0.009419125,0,46891008
weak-1e-2,first-stage-double,assembled,12,7451,sum-of-components,17,16,17,13,1,0,0,0,0,0,9.58e-07,0,0,0.038373666,0.007670833,0,31031296
weak-1e-2,first-stage-double,1,12,7451,this-search,17,16,17,13,1,1,0,0,0,0,1.167e-06,0.162521375,0.06611258600000001,0.035882417,0.009077292,0,47398912
weak-1e-2,narrower-double,monolithic,12,7451,this-search,8,7,8,13,1,0,0,0,0,0,8.75e-07,0.072857,0.031077542,0.037132583,0.009250375,0,47939584
weak-1e-2,narrower-double,assembled,12,7451,sum-of-components,8,7,8,13,1,0,0,0,0,0,9.17e-07,0,0,0.03846425,0.00787525,0,36536320
weak-1e-2,narrower-double,1,12,7451,this-search,8,7,8,13,1,1,0,0,0,0,1.209e-06,0.071436,0.03096446,0.036232167,0.00912275,0,47955968
weak-1e-2,wider-double,monolithic,12,7451,this-search,10,9,10,13,1,0,0,0,0,0,9.59e-07,0.101230125,0.04001254,0.037107083,0.008921041,0,47972352
weak-1e-2,wider-double,assembled,12,7451,sum-of-components,10,9,10,13,1,0,0,0,0,0,1.042e-06,0,0,0.0386785,0.007835,0,40697856
weak-1e-2,wider-double,1,12,7451,this-search,10,9,10,13,1,1,0,0,0,0,1e-06,0.100741959,0.039555915999999997,0.035920875,0.008946584,0,47972352
weak-1e-2,mixed-double,monolithic,12,7451,this-search,9,8,9,13,1,0,0,0,0,0,1.084e-06,0.082698,0.035153751,0.037524375,0.009116167,0,48250880
weak-1e-2,mixed-double,assembled,12,7451,sum-of-components,9,8,9,13,1,0,0,0,0,0,1e-06,0,0,0.039365125,0.007522708,0,44597248
weak-1e-2,mixed-double,1,12,7451,this-search,9,8,9,13,1,1,0,0,0,0,1.208e-06,0.083013458,0.035674166,0.036903084,0.009024541,0,48250880
weak-1e-2,first-stage-float32,monolithic,12,7451,this-search,17,15,17,13,1,0,0,0,0,0,4.083e-06,0.161639125,0.065784124,0.036625,0.008992625,0,48250880
weak-1e-2,first-stage-float32,assembled,12,7451,sum-of-components,17,15,17,13,1,0,0,0,0,0,7.91e-07,0,0,0.038622291,0.00771175,0,45678592
weak-1e-2,first-stage-float32,1,12,7451,this-search,17,15,17,13,1,1,0,0,0,0,9.58e-07,0.16104075,0.066042168,0.036398958,0.008939792,0,48250880
weak-1e-2,narrower-float32,monolithic,12,7451,this-search,8,7,8,13,1,0,0,0,0,0,8.75e-07,0.0725955,0.031238334,0.037705875,0.008753541,0,48267264
weak-1e-2,narrower-float32,assembled,12,7451,sum-of-components,8,7,8,13,1,0,0,0,0,0,7.5e-07,0,0,0.038571791,0.00744775,0,47661056
weak-1e-2,narrower-float32,1,12,7451,this-search,8,7,8,13,1,1,0,0,0,0,9.17e-07,0.07241875,0.031192917,0.036229042,0.008863708,0,48267264
weak-1e-2,wider-float32,monolithic,12,7451,this-search,10,9,10,13,1,0,0,0,0,0,1e-06,0.101571,0.040134543,0.036905,0.009040458,0,48267264
weak-1e-2,wider-float32,assembled,12,7451,sum-of-components,10,9,10,13,1,0,0,0,0,0,6.25e-07,0,0,0.038439333,0.007642333,0,47710208
weak-1e-2,wider-float32,1,12,7451,this-search,10,9,10,13,1,1,0,0,0,0,1.625e-06,0.099323708,0.039246752,0.035734125,0.008864584,0,48267264
weak-1e-2,mixed-float32,monolithic,12,7451,this-search,9,8,9,13,1,0,0,0,0,0,8.75e-07,0.080790291,0.03454725,0.036276625,0.009111416,0,50003968
weak-1e-2,mixed-float32,assembled,12,7451,sum-of-components,9,8,9,13,1,0,0,0,0,0,5e-07,0,0,0.038788333,0.007474916,0,47710208
weak-1e-2,mixed-float32,1,12,7451,this-search,9,8,9,13,1,1,0,0,0,0,9.16e-07,0.08034975,0.034485291,0.035679458,0.009012917,0,50003968
weak-1e-4,first-stage-double,monolithic,12,7451,this-search,9,8,9,13,103,0,0,1,0,0,1.708e-06,0.088282792,0.035971457,0.037321791,13.967390125,13.438620417,167329792
weak-1e-4,first-stage-double,assembled,12,7451,sum-of-components,9,8,9,13,103,0,0,1,0,0,1.167e-06,0,0,0.039843916,0.645968834,0.117991125,173047808
weak-1e-4,first-stage-double,1,12,7451,this-search,9,8,9,13,103,1,0,1,0,0,4.459e-06,0.088653167,0.036205958999999996,0.036546291,0.638189375,0.116658291,173178880
weak-1e-4,narrower-double,monolithic,12,7451,this-search,9,8,9,13,103,0,0,1,0,0,1.208e-06,0.083146708,0.03543212600000001,0.037633375,13.954506709,13.425829375,179634176
weak-1e-4,narrower-double,assembled,12,7451,sum-of-components,9,8,9,13,103,0,0,1,0,0,8.33e-07,0,0,0.039451542,0.635009416,0.117871834,180125696
weak-1e-4,narrower-double,1,12,7451,this-search,9,8,9,13,103,1,0,1,0,0,3.75e-06,0.083420958,0.035344917000000003,0.036693125,0.64048275,0.117217208,180142080
weak-1e-4,wider-double,monolithic,12,7451,this-search,11,9,11,13,103,0,0,1,0,0,1.083e-06,0.112823709,0.044188166,0.037031,13.932184542,13.403431916,180715520
weak-1e-4,wider-double,assembled,12,7451,sum-of-components,11,9,11,13,103,0,0,1,0,0,1.25e-06,0,0,0.038380209,0.64635425,0.118170208,180715520
weak-1e-4,wider-double,1,12,7451,this-search,11,9,11,13,103,1,0,1,0,0,1.208e-06,0.110538542,0.043212918,0.035934417,0.66740075,0.121650541,187351040
weak-1e-4,mixed-double,monolithic,12,7451,this-search,11,9,11,13,103,0,0,1,0,0,1.125e-06,0.102083208,0.042920957,0.036143541,13.936369583,13.413747416,187416576
weak-1e-4,mixed-double,assembled,12,7451,sum-of-components,11,9,11,13,103,0,0,1,0,0,1.083e-06,0,0,0.03994475,0.640189,0.116410333,187416576
weak-1e-4,mixed-double,1,12,7451,this-search,11,9,11,13,103,1,0,1,0,0,1.209e-06,0.100532833,0.042166457000000004,0.036587291,0.636776292,0.116796834,187432960
weak-1e-4,first-stage-float32,monolithic,12,7451,this-search,8,6,9,13,103,0,0,1,0,0,1e-06,0.082192459,0.035213752,0.037081708,13.946233209,13.42280075,187432960
weak-1e-4,first-stage-float32,assembled,12,7451,sum-of-components,8,6,9,13,103,0,0,1,0,0,1.25e-06,0,0,0.038729958,0.633091416,0.116243,187432960
weak-1e-4,first-stage-float32,1,12,7451,this-search,8,6,9,13,103,1,0,1,0,0,1.291e-06,0.083285042,0.035964958,0.036580666,0.636322125,0.116469375,187432960
weak-1e-4,narrower-float32,monolithic,12,7451,this-search,10,7,11,13,103,0,0,1,0,0,1.25e-06,0.091627,0.04198529100000001,0.036218125,13.917296,13.387407834,187432960
weak-1e-4,narrower-float32,assembled,12,7451,sum-of-components,10,7,11,13,103,0,0,1,0,0,1.208e-06,0,0,0.038653667,0.636758167,0.117051125,187432960
weak-1e-4,narrower-float32,1,12,7451,this-search,10,7,11,13,103,1,0,1,0,0,1.375e-06,0.092152084,0.042291249999999996,0.036221333,0.6440845,0.116331209,187432960
weak-1e-4,wider-float32,monolithic,12,7451,this-search,11,9,11,13,103,0,0,1,0,0,1.125e-06,0.109976167,0.043248709,0.036651167,13.995744833,13.471797416,187432960
weak-1e-4,wider-float32,assembled,12,7451,sum-of-components,11,9,11,13,103,0,0,1,0,0,7.92e-07,0,0,0.038470417,0.6435125,0.118067834,187432960
weak-1e-4,wider-float32,1,12,7451,this-search,11,9,11,13,103,1,0,1,0,0,1.333e-06,0.110453375,0.043018496,0.036089834,0.644815333,0.118648708,187432960
weak-1e-4,mixed-float32,monolithic,12,7451,this-search,11,8,12,13,103,0,0,1,0,0,1.125e-06,0.1030745,0.0466065,0.036642709,13.875336166,13.331156292,187432960
weak-1e-4,mixed-float32,assembled,12,7451,sum-of-components,11,8,12,13,103,0,0,1,0,0,1.083e-06,0,0,0.039326666,0.636108125,0.115952916,187432960
weak-1e-4,mixed-float32,1,12,7451,this-search,11,8,12,13,103,1,0,1,0,0,1.375e-06,0.104261791,0.04708604300000001,0.035920708,0.638406708,0.116453667,187432960
zero-signal,first-stage-double,monolithic,12,7451,this-search,6,5,6,13,103,0,0,0,0,0,1.125e-06,0.05614375,0.023500917,0.036450625,0.558380334,0,46710784
zero-signal,first-stage-double,assembled,12,7451,sum-of-components,6,5,6,13,103,0,0,0,0,0,3.125e-06,0,0,0.038646458,0.548183958,0,42844160
zero-signal,first-stage-double,1,12,7451,this-search,6,5,6,13,103,1,0,0,0,0,1.209e-06,0.056267584,0.023708874,0.03618125,0.549478709,0,46792704
zero-signal,narrower-double,monolithic,12,7451,this-search,7,5,7,13,103,0,0,0,0,0,9.17e-07,0.063891084,0.026957415,0.036855375,0.558842875,0,46858240
zero-signal,narrower-double,assembled,12,7451,sum-of-components,7,5,7,13,103,0,0,0,0,0,9.17e-07,0,0,0.038749666,0.581421166,0,49594368
zero-signal,narrower-double,1,12,7451,this-search,7,5,7,13,103,1,0,0,0,0,1.458e-06,0.063953042,0.026978918000000005,0.036396542,0.558542875,0,51331072
zero-signal,wider-double,monolithic,12,7451,this-search,8,7,8,13,103,0,0,0,0,0,1.166e-06,0.07830675,0.031095042000000003,0.036531875,0.54778925,0,51462144
zero-signal,wider-double,assembled,12,7451,sum-of-components,8,7,8,13,103,0,0,0,0,0,7.91e-07,0,0,0.038591,0.545751041,0,52183040
zero-signal,wider-double,1,12,7451,this-search,8,7,8,13,103,1,0,0,0,0,2.208e-06,0.078086667,0.030942540999999997,0.036162167,0.545683125,0,52183040
zero-signal,mixed-double,monolithic,12,7451,this-search,7,5,7,13,103,0,0,0,0,0,9.59e-07,0.067227792,0.027088332,0.03771875,0.550820958,0,52527104
zero-signal,mixed-double,assembled,12,7451,sum-of-components,7,5,7,13,103,0,0,0,0,0,8.34e-07,0,0,0.039831792,0.549183084,0,52592640
zero-signal,mixed-double,1,12,7451,this-search,7,5,7,13,103,1,0,0,0,0,1.125e-06,0.066700542,0.026758749000000002,0.037106625,0.551082917,0,52625408
zero-signal,first-stage-float32,monolithic,12,7451,this-search,20,9,21,13,103,0,0,0,0,0,1.083e-06,0.162419625,0.080751544,0.036566792,0.537562292,0,52805632
zero-signal,first-stage-float32,assembled,12,7451,sum-of-components,20,9,21,13,103,0,0,0,0,0,7.92e-07,0,0,0.038791291,0.535408459,0,52822016
zero-signal,first-stage-float32,1,12,7451,this-search,20,9,21,13,103,1,0,0,0,0,1.208e-06,0.161930333,0.080654334,0.036316417,0.537814458,0,53084160
zero-signal,narrower-float32,monolithic,12,7451,this-search,25,13,27,13,103,0,0,0,0,0,9.16e-07,0.20771325,0.102654961,0.036857583,0.536837917,0,53313536
zero-signal,narrower-float32,assembled,12,7451,sum-of-components,25,13,27,13,103,0,0,0,0,0,8.33e-07,0,0,0.0386475,0.536528875,0,53313536
zero-signal,narrower-float32,1,12,7451,this-search,25,13,27,13,103,1,0,0,0,0,1.292e-06,0.208199208,0.103740667,0.03615525,0.538641125,0,53346304
zero-signal,wider-float32,monolithic,12,7451,this-search,29,17,29,13,103,0,0,0,0,0,1e-06,0.24189625,0.11126158300000001,0.036773291,0.538249583,0,54919168
zero-signal,wider-float32,assembled,12,7451,sum-of-components,29,17,29,13,103,0,0,0,0,0,1.042e-06,0,0,0.038728417,0.536099917,0,54919168
zero-signal,wider-float32,1,12,7451,this-search,29,17,29,13,103,1,0,0,0,0,1.375e-06,0.242580791,0.111325956,0.036188417,0.537539917,0,54984704
zero-signal,mixed-float32,monolithic,12,7451,this-search,31,19,32,13,103,0,0,0,0,0,1e-06,0.261915041,0.12291162499999998,0.03646875,0.539251209,0,55181312
zero-signal,mixed-float32,assembled,12,7451,sum-of-components,31,19,32,13,103,0,0,0,0,0,1.083e-06,0,0,0.038797916,0.535358042,0,55181312
zero-signal,mixed-float32,1,12,7451,this-search,31,19,32,13,103,1,0,0,0,0,1.291e-06,0.261212542,0.12253420899999999,0.03607375,0.534088167,0,55197696
